chembl_id,pref_name,smiles,molecular_weight,logp,polar_surface_area,h_bond_donors,h_bond_acceptors,rotatable_bonds,aromatic_rings,heavy_atoms,cns_mpo
CHEMBL2,PRAZOSIN,COc1cc2nc(N3CCN(C(=O)c4ccco4)CC3)nc(N)c2cc1OC,383.408,1.785,106.95,1,8,4,3,28,1.0
CHEMBL3,NICOTINE,CN1CCC[C@H]1c1cccnc1,162.236,1.848,16.13,0,2,1,1,12,3.0
CHEMBL4,OFLOXACIN,CC1COc2c(N3CCN(C)CC3)c(F)cc3c(=O)c(C(=O)O)cn1c23,361.373,1.544,75.01,1,6,2,2,26,1.0
CHEMBL5,NALIDIXIC ACID,CCn1cc(C(=O)O)c(=O)c2ccc(C)nc21,232.239,1.423,72.19,1,4,2,2,17,2.0
CHEMBL6,INDOMETHACIN,COc1ccc2c(c1)c(CC(=O)O)c(C)n2C(=O)c1ccc(Cl)cc1,357.793,3.927,68.53,1,4,4,3,25,4.0
CHEMBL8,CIPROFLOXACIN,O=C(O)c1cn(C2CC2)c2cc(N3CCNCC3)c(F)cc2c1=O,331.347,1.583,74.57,2,5,3,2,24,1.0
CHEMBL9,NORFLOXACIN,CCn1cc(C(=O)O)c(=O)c2cc(F)c(N3CCNCC3)cc21,319.336,1.268,74.57,2,5,3,2,23,1.0
CHEMBL10,SB-203580,C[S+]([O-])c1ccc(-c2nc(-c3ccc(F)cc3)c(-c3ccncc3)[nH]2)cc1,377.444,4.682,64.63,1,3,4,4,27,2.0
CHEMBL11,IMIPRAMINE,CN(C)CCCN1c2ccccc2CCc2ccccc21,280.415,3.875,6.48,0,2,4,2,21,4.0
CHEMBL12,DIAZEPAM,CN1C(=O)CN=C(c2ccccc2)c2cc(Cl)ccc21,284.746,3.154,32.67,0,2,1,2,20,4.0
CHEMBL13,METOPROLOL,COCCc1ccc(OCC(O)CNC(C)C)cc1,267.369,1.613,50.72,2,4,9,1,19,2.0
CHEMBL14,CARBACHOL,C[N+](C)(C)CCOC(N)=O.[Cl-],182.651,-3.208,52.32,1,2,3,0,10,3.0
CHEMBL16,PHENYTOIN,O=C1NC(=O)C(c2ccccc2)(c2ccccc2)N1,252.273,1.77,58.2,2,2,2,2,19,2.0
CHEMBL17,DICHLORPHENAMIDE,NS(=O)(=O)c1cc(Cl)c(Cl)c(S(N)(=O)=O)c1,305.164,0.288,120.32,2,4,2,1,16,1.0
CHEMBL18,ETHOXZOLAMIDE,CCOc1ccc2nc(S(N)(=O)=O)sc2c1,258.324,1.342,82.28,1,5,3,2,16,2.0
CHEMBL19,METHAZOLAMIDE,CC(=O)/N=c1/sc(S(N)(=O)=O)nn1C,236.278,-1.424,107.41,1,6,1,1,14,2.0
CHEMBL20,ACETAZOLAMIDE,CC(=O)Nc1nnc(S(N)(=O)=O)s1,222.251,-0.856,115.04,2,6,2,1,13,1.0
CHEMBL21,SULFANILAMIDE,Nc1ccc(S(N)(=O)=O)cc1,172.209,-0.084,86.18,2,3,1,1,11,1.0
CHEMBL22,TRIMETHOPRIM,COc1cc(Cc2cnc(N)nc2N)cc(OC)c1OC,290.323,1.258,105.51,2,7,5,2,21,1.0
CHEMBL23,DILTIAZEM,COc1ccc([C@@H]2Sc3ccccc3N(CCN(C)C)C(=O)[C@@H]2OC(C)=O)cc1,414.527,3.369,59.08,0,6,6,2,29,3.0
CHEMBL24,ATENOLOL,CC(C)NCC(O)COc1ccc(CC(N)=O)cc1,266.341,0.452,84.58,3,4,8,1,19,1.0
CHEMBL25,ASPIRIN,CC(=O)Oc1ccccc1C(=O)O,180.159,1.31,63.6,1,3,2,1,13,3.0
CHEMBL26,SULPIRIDE,CCN1CCCC1CNC(=O)c1cc(S(N)(=O)=O)ccc1OC,341.433,0.557,101.73,2,5,6,1,23,1.0
CHEMBL27,PROPRANOLOL,CC(C)NCC(O)COc1cccc2ccccc12,259.349,2.578,41.49,2,3,6,2,19,3.0
CHEMBL28,APIGENIN,O=c1cc(-c2ccc(O)cc2)oc2cc(O)cc(O)c12,270.24,2.577,90.9,3,5,1,3,20,2.0
CHEMBL29,BENZYLPENICILLIN,CC1(C)S[C@@H]2[C@H](NC(=O)Cc3ccccc3)C(=O)N2[C@H]1C(=O)O,334.397,0.861,86.71,2,4,4,1,23,1.0
CHEMBL30,CIMETIDINE,CN/C(=N\CCSCc1nc[nH]c1C)NC#N,252.347,0.597,88.89,3,4,5,1,17,1.0
CHEMBL31,GATIFLOXACIN,COc1c(N2CCNC(C)C2)c(F)cc2c(=O)c(C(=O)O)cn(C3CC3)c12,375.4,1.98,83.8,2,6,4,2,27,0.0
CHEMBL32,MOXIFLOXACIN,COc1c(N2C[C@@H]3CCCN[C@@H]3C2)c(F)cc2c(=O)c(C(=O)O)cn(C3CC3)c12,401.438,2.371,83.8,2,6,4,2,29,1.0
CHEMBL33,LEVOFLOXACIN ANHYDROUS,C[C@H]1COc2c(N3CCN(C)CC3)c(F)cc3c(=O)c(C(=O)O)cn1c23,361.373,1.544,75.01,1,6,2,2,26,1.0
CHEMBL35,FUROSEMIDE,NS(=O)(=O)c1cc(C(=O)O)c(NCc2ccco2)cc1Cl,330.749,1.891,122.63,3,5,5,2,21,1.0
CHEMBL36,PYRIMETHAMINE,CCc1nc(N)nc(N)c1-c1ccc(Cl)cc1,248.717,2.524,77.82,2,4,2,2,17,2.0
CHEMBL38,TRETINOIN,CC1=C(/C=C/C(C)=C/C=C/C(C)=C/C(=O)O)C(C)(C)CCC1,300.442,5.603,37.3,1,1,5,0,22,3.0
CHEMBL39,SEROTONIN,NCCc1c[nH]c2ccc(O)cc12,176.219,1.375,62.04,3,2,2,2,13,2.0
CHEMBL40,PHENOBARBITAL,CCC1(c2ccccc2)C(=O)NC(=O)NC1=O,232.239,0.7,75.27,2,3,2,1,17,1.0
CHEMBL41,FLUOXETINE,CNCCC(Oc1ccc(C(F)(F)F)cc1)c1ccccc1,309.331,4.435,21.26,1,2,6,2,22,3.0
CHEMBL42,CLOZAPINE,CN1CCN(C2=Nc3cc(Cl)ccc3Nc3ccccc32)CC1,326.831,3.723,30.87,1,4,0,2,23,4.0
CHEMBL43,AMSACRINE,COc1cc(NS(C)(=O)=O)ccc1Nc1c2ccccc2nc2ccccc12,393.468,4.512,80.32,2,5,5,4,28,0.0
CHEMBL44,GENISTEIN,O=c1c(-c2ccc(O)cc2)coc2cc(O)cc(O)c12,270.24,2.577,90.9,3,5,1,3,20,2.0
CHEMBL45,MELATONIN,COc1ccc2[nH]cc(CCNC(C)=O)c2c1,232.283,1.855,54.12,2,2,4,2,17,2.0
CHEMBL46,ONDANSETRON,Cc1nccn1CC1CCc2c(c3ccccc3n2C)C1=O,293.37,3.129,39.82,0,4,2,3,22,4.0
CHEMBL47,ALPHA-TOCOPHEROL,Cc1c(C)c2c(c(C)c1O)CC[C@@](C)(CCC[C@H](C)CCC[C@H](C)CCCC(C)C)O2,430.717,8.84,29.46,1,2,12,1,31,2.0
CHEMBL49,BUSPIRONE,O=C1CC2(CCCC2)CC(=O)N1CCCCN1CCN(c2ncccn2)CC1,385.512,2.088,69.64,0,6,6,1,28,3.0
CHEMBL50,QUERCETIN,O=c1c(O)c(-c2ccc(O)c(O)c2)oc2cc(O)cc(O)c12,302.238,1.988,131.36,5,7,1,3,22,1.0
CHEMBL51,KETANSERIN,O=C(c1ccc(F)cc1)C1CCN(CCn2c(=O)[nH]c3ccccc3c2=O)CC1,395.434,2.424,75.17,1,5,5,3,29,2.0
CHEMBL52,NORDIHYDROGUAIARETIC ACID,CC(Cc1ccc(O)c(O)c1)C(C)Cc1ccc(O)c(O)c1,302.37,3.566,80.92,4,4,5,2,22,2.0
CHEMBL53,APOMORPHINE,CN1CCc2cccc3c2[C@H]1Cc1ccc(O)c(O)c1-3,267.328,2.85,43.7,2,3,0,2,20,3.0
CHEMBL54,HALOPERIDOL,O=C(CCCN1CCC(O)(c2ccc(Cl)cc2)CC1)c1ccc(F)cc1,375.871,4.426,40.54,1,3,6,2,26,2.0
CHEMBL55,PENTAMIDINE,N=C(N)c1ccc(OCCCCCOc2ccc(C(=N)N)cc2)cc1,340.427,2.883,118.2,4,4,10,2,25,2.0
CHEMBL56,8-OH-DPAT,CCCN(CCC)C1CCc2cccc(O)c2C1,247.382,3.372,23.47,1,2,5,1,18,4.0
CHEMBL57,NEVIRAPINE,Cc1ccnc2c1NC(=O)c1cccnc1N2C1CC1,266.304,2.651,58.12,1,4,1,2,20,4.0
CHEMBL58,MITOXANTRONE,O=C1c2c(O)ccc(O)c2C(=O)c2c(NCCNCCO)ccc(NCCNCCO)c21,444.488,-0.139,163.18,8,10,12,2,32,0.0
CHEMBL59,DOPAMINE,NCCc1ccc(O)c(O)c1,153.181,0.599,66.48,3,3,2,1,11,2.0
CHEMBL61,PODOFILOX,COc1cc([C@@H]2c3cc4c(cc3[C@H](O)[C@H]3COC(=O)[C@H]23)OCO4)cc(OC)c1OC,414.41,2.409,92.68,1,8,4,2,30,2.0
CHEMBL62,SCH-23390,CN1CCc2cc(Cl)c(O)cc2[C@@H](c2ccccc2)C1,287.79,3.665,23.47,1,2,1,2,20,4.0
CHEMBL63,ROLIPRAM,COc1ccc(C2CNC(=O)C2)cc1OC1CCCC1,275.348,2.62,47.56,1,3,4,1,20,4.0
CHEMBL64,ISONIAZID,NNC(=O)c1ccncc1,137.142,-0.315,68.01,2,3,1,1,10,2.0
CHEMBL65,CAMPTOTHECIN,CC[C@@]1(O)C(=O)OCc2c1cc1n(c2=O)Cc2cc3ccccc3nc2-1,348.358,2.08,81.42,1,6,1,3,26,3.0
CHEMBL66,(+)-TAXIFOLIN,O=C1c2c(O)cc(O)cc2O[C@H](c2ccc(O)c(O)c2)[C@H]1O,304.254,1.186,127.45,5,7,1,2,22,1.0
CHEMBL67,COMBRETASTATIN A4,COc1ccc(/C=C\c2cc(OC)c(OC)c(OC)c2)cc1O,316.353,3.597,57.15,1,5,6,2,23,4.0
CHEMBL70,MORPHINE,CN1CC[C@]23c4c5ccc(O)c4O[C@H]2[C@@H](O)C=C[C@H]3[C@H]1C5,285.343,1.198,52.93,2,4,0,1,21,2.0
CHEMBL71,CHLORPROMAZINE,CN(C)CCCN1c2ccccc2Sc2ccc(Cl)cc21,318.873,4.894,6.48,0,3,4,2,21,3.0
CHEMBL72,DESIPRAMINE,CNCCCN1c2ccccc2CCc2ccccc21,266.388,3.533,15.27,1,2,4,2,20,4.0
CHEMBL74,CROMOLYN SODIUM,O=C([O-])c1cc(=O)c2c(OCC(O)COc3cccc4oc(C(=O)[O-])cc(=O)c34)cccc2o1.[Na+].[Na+],512.334,-6.547,179.37,1,11,8,4,34,1.0
CHEMBL76,CHLOROQUINE,CCN(CC)CCCC(C)Nc1ccnc2cc(Cl)ccc12,319.88,4.811,28.16,1,3,8,2,22,3.0
CHEMBL77,ARTEMISIN,C[C@@H]1CC[C@H]2[C@@H](C)C(=O)O[C@@H]3O[C@]4(C)CC[C@@H]1C32OO4,282.336,2.395,53.99,0,5,0,0,20,4.0
CHEMBL79,LIDOCAINE,CCN(CC)CC(=O)Nc1c(C)cccc1C,234.343,2.584,32.34,1,2,5,1,17,4.0
CHEMBL80,NALOXONE,C=CCN1CC[C@]23c4c5ccc(O)c4O[C@H]2C(=O)CC[C@@]3(O)[C@H]1C5,327.38,1.301,70.0,2,5,2,1,24,1.0
CHEMBL81,RALOXIFENE,O=C(c1ccc(OCCN2CCCCC2)cc1)c1c(-c2ccc(O)cc2)sc2cc(O)ccc12,473.594,6.075,70.0,2,6,7,4,34,0.0
CHEMBL83,TAMOXIFEN,CC/C(=C(\c1ccccc1)c1ccc(OCCN(C)C)cc1)c1ccccc1,371.524,5.996,12.47,0,2,8,3,28,2.0
CHEMBL84,TOPOTECAN,CC[C@@]1(O)C(=O)OCc2c1cc1n(c2=O)Cc2cc3c(CN(C)C)c(O)ccc3nc2-1,421.453,1.847,104.89,2,8,3,3,31,0.0
CHEMBL85,RISPERIDONE,Cc1nc2n(c(=O)c1CCN1CCC(c3noc4cc(F)ccc34)CC1)CCCC2,410.493,3.59,64.16,0,6,4,3,30,3.0
CHEMBL86,METOCLOPRAMIDE,CCN(CC)CCNC(=O)c1cc(Cl)c(N)cc1OC,299.802,2.002,67.59,2,4,7,1,20,3.0
CHEMBL88,CYCLOPHOSPHAMIDE ANHYDROUS,O=P1(N(CCCl)CCCl)NCCCO1,261.089,1.884,41.57,1,2,5,0,14,3.0
CHEMBL90,HISTAMINE,NCCc1c[nH]cn1,111.148,-0.089,54.7,2,2,2,1,8,2.0
CHEMBL91,MICONAZOLE,Clc1ccc(COC(Cn2ccnc2)c2ccc(Cl)cc2Cl)c(Cl)c1,416.135,6.455,27.05,0,3,6,3,25,2.0
CHEMBL92,DOCETAXEL ANHYDROUS,CC(=O)O[C@@]12CO[C@@H]1C[C@H](O)[C@@]1(C)C(=O)[C@H](O)C3=C(C)[C@@H](OC(=O)[C@H](O)[C@@H](NC(=O)OC(C)(C)C)c4ccccc4)C[C@@](O)([C@@H](OC(=O)c4ccccc4)[C@H]21)C3(C)C,807.89,3.26,224.45,5,14,8,2,58,1.0
CHEMBL93,ZILEUTON,CC(c1cc2ccccc2s1)N(O)C(N)=O,236.296,2.732,66.56,2,3,2,2,16,3.0
CHEMBL94,PHYSOSTIGMINE,CNC(=O)Oc1ccc2c(c1)[C@]1(C)CCN(C)[C@@H]1N2C,275.352,1.774,44.81,1,4,1,1,20,3.0
CHEMBL95,TACRINE,Nc1c2c(nc3ccccc13)CCCC2,198.269,2.696,38.91,1,2,0,2,15,4.0
CHEMBL96,GAMMA-AMINOBUTYRIC ACID,NCCCC(=O)O,103.121,-0.19,63.32,2,2,3,0,7,2.0
CHEMBL98,VORINOSTAT,O=C(CCCCCCC(=O)Nc1ccccc1)NO,264.325,2.471,78.43,3,3,8,1,19,2.0
CHEMBL99,TRICHOSTATIN,CC(/C=C/C(=O)NO)=C\[C@@H](C)C(=O)c1ccc(N(C)C)cc1,302.374,2.579,69.64,2,4,6,1,22,3.0
CHEMBL100,LEVCROMAKALIM,CC1(C)Oc2ccc(C#N)cc2[C@@H](N2CCCC2=O)[C@@H]1O,286.331,1.754,73.56,1,4,1,1,21,2.0
CHEMBL101,PHENYLBUTAZONE,CCCCC1C(=O)N(c2ccccc2)N(c2ccccc2)C1=O,308.381,3.788,40.62,0,2,5,2,23,4.0
CHEMBL103,PROGESTERONE,CC(=O)[C@H]1CC[C@H]2[C@@H]3CCC4=CC(=O)CC[C@]4(C)[C@H]3CC[C@]12C,314.469,4.724,34.14,0,2,1,0,23,3.0
CHEMBL104,CLOTRIMAZOLE,Clc1ccccc1C(c1ccccc1)(c1ccccc1)n1ccnc1,344.845,5.377,17.82,0,2,4,4,25,3.0
CHEMBL105,MITOMYCIN,CO[C@@]12[C@H](COC(N)=O)C3=C(C(=O)C(C)=C(N)C3=O)N1C[C@@H]1N[C@@H]12,334.332,-1.651,146.89,3,8,3,0,24,1.0
CHEMBL106,FLUCONAZOLE,OC(Cn1cncn1)(Cn1cncn1)c1ccc(F)cc1F,306.276,0.736,81.65,1,7,5,3,22,2.0
CHEMBL107,COLCHICINE,COc1cc2c(c(OC)c1OC)-c1ccc(OC)c(=O)cc1[C@@H](NC(C)=O)CC2,399.443,2.872,83.09,1,6,5,2,29,2.0
CHEMBL108,CARBAMAZEPINE,NC(=O)N1c2ccccc2C=Cc2ccccc21,236.274,3.387,46.33,1,1,0,2,18,4.0
CHEMBL109,VALPROIC ACID,CCCC(CCC)C(=O)O,144.214,2.287,37.3,1,1,5,0,10,4.0
CHEMBL110,BENZNIDAZOLE,O=C(Cn1ccnc1[N+](=O)[O-])NCc1ccccc1,260.253,1.108,90.06,1,5,5,2,19,2.0
CHEMBL111,RIMONABANT,Cc1c(C(=O)NN2CCCCC2)nn(-c2ccc(Cl)cc2Cl)c1-c1ccc(Cl)cc1,463.796,5.939,50.16,1,4,4,3,30,2.0
CHEMBL112,ACETAMINOPHEN,CC(=O)Nc1ccc(O)cc1,151.165,1.351,49.33,2,2,1,1,11,2.0
CHEMBL113,CAFFEINE,Cn1c(=O)c2c(ncn2C)n(C)c1=O,194.194,-1.029,61.82,0,6,0,2,14,3.0
CHEMBL114,SAQUINAVIR,CC(C)(C)NC(=O)[C@@H]1C[C@@H]2CCCC[C@@H]2CN1C[C@@H](O)[C@H](Cc1ccccc1)NC(=O)[C@H](CC(N)=O)NC(=O)c1ccc2ccccc2n1,670.855,3.092,166.75,5,7,12,3,49,1.0
CHEMBL115,INDINAVIR,CC(C)(C)NC(=O)[C@@H]1CN(Cc2cccnc2)CCN1C[C@@H](O)C[C@@H](Cc1ccccc1)C(=O)N[C@H]1c2ccccc2C[C@H]1O,613.803,2.867,118.03,4,7,11,3,45,1.0
CHEMBL116,AMPRENAVIR,CC(C)CN(C[C@@H](O)[C@H](Cc1ccccc1)NC(=O)O[C@H]1CCOC1)S(=O)(=O)c1ccc(N)cc1,505.637,2.403,131.19,3,7,11,2,35,1.0
CHEMBL117,CHRYSIN,O=c1cc(-c2ccccc2)oc2cc(O)cc(O)c12,254.241,2.871,70.67,2,4,1,3,19,2.0
CHEMBL118,CELECOXIB,Cc1ccc(-c2cc(C(F)(F)F)nn2-c2ccc(S(N)(=O)=O)cc2)cc1,381.379,3.514,77.98,1,4,3,3,26,2.0
CHEMBL119,TRIMETREXATE,COc1cc(NCc2ccc3nc(N)nc(N)c3c2C)cc(OC)c1OC,369.425,2.741,117.54,3,8,6,3,27,1.0
CHEMBL121,ROSIGLITAZONE,CN(CCOc1ccc(CC2SC(=O)NC2=O)cc1)c1ccccn1,357.435,2.491,71.53,1,6,7,2,25,3.0
CHEMBL122,ROFECOXIB,CS(=O)(=O)c1ccc(C2=C(c3ccccc3)C(=O)OC2)cc1,314.362,2.558,60.44,0,4,3,2,22,4.0
CHEMBL123,ELLIPTECINE,Cc1c2ccncc2c(C)c2c1[nH]c1ccccc12,246.313,4.486,28.68,1,1,0,4,19,3.0
CHEMBL125,MILTEFOSINE,CCCCCCCCCCCCCCCCOP(=O)([O-])OCC[N+](C)(C)C,407.576,5.676,58.59,0,4,20,0,27,2.0
CHEMBL126,LINEZOLID,CC(=O)NC[C@H]1CN(c2ccc(N3CCOCC3)c(F)c2)C(=O)O1,337.351,1.124,71.11,1,5,4,1,24,2.0
CHEMBL127,MEROPENEM,C[C@@H](O)[C@H]1C(=O)N2C(C(=O)O)=C(S[C@@H]3CN[C@H](C(=O)N(C)C)C3)[C@H](C)[C@H]12,383.47,-0.308,110.18,3,6,5,0,26,0.0
CHEMBL128,SUMATRIPTAN,CNS(=O)(=O)Cc1ccc2[nH]cc(CCN(C)C)c2c1,295.408,1.321,65.2,2,3,6,2,20,2.0
CHEMBL129,ZIDOVUDINE,Cc1cn([C@H]2C[C@H](N=[N+]=[N-])[C@@H](CO)O2)c(=O)[nH]c1=O,267.245,-0.196,133.08,2,6,3,1,19,1.0
CHEMBL130,CHLORAMPHENICOL,O=C(N[C@H](CO)[C@H](O)c1ccc([N+](=O)[O-])cc1)C(Cl)Cl,323.132,0.909,112.7,3,5,6,1,20,1.0
CHEMBL131,PREDNISOLONE,C[C@]12C=CC(=O)C=C1CC[C@@H]1[C@@H]2[C@@H](O)C[C@@]2(C)[C@H]1CC[C@]2(O)C(=O)CO,360.45,1.558,94.83,3,5,2,0,26,0.0
CHEMBL134,CLONIDINE,Clc1cccc(Cl)c1NC1=NCCN1,230.098,2.364,36.42,2,3,1,1,14,3.0
CHEMBL135,ESTRADIOL,C[C@]12CC[C@@H]3c4ccc(O)cc4CC[C@H]3[C@@H]1CC[C@@H]2O,272.388,3.609,40.46,2,2,0,1,20,3.0
CHEMBL137,METRONIDAZOLE,Cc1ncc([N+](=O)[O-])n1CCO,171.156,0.092,81.19,1,5,3,1,12,2.0
CHEMBL139,DICLOFENAC,O=C(O)Cc1ccccc1Nc1c(Cl)cccc1Cl,296.153,4.364,49.33,2,2,4,2,19,2.0
CHEMBL141,LAMIVUDINE,Nc1ccn([C@@H]2CS[C@H](CO)O2)c(=O)n1,229.261,-0.594,90.37,2,7,2,1,15,1.0
CHEMBL145,CAFFEIC ACID,O=C(O)/C=C/c1ccc(O)c(O)c1,180.159,1.196,77.76,3,3,2,1,13,1.0
CHEMBL146,BUTYLATED HYDROXYTOLUENE,Cc1cc(C(C)(C)C)c(O)c(C(C)(C)C)c1,220.356,4.296,20.23,1,1,0,1,16,3.0
CHEMBL148,IMIPENEM,C[C@@H](O)[C@H]1C(=O)N2C(C(=O)O)=C(SCCNC=N)C[C@H]12,299.352,-0.176,113.72,4,5,7,0,20,1.0
CHEMBL150,KAEMPFEROL,O=c1c(O)c(-c2ccc(O)cc2)oc2cc(O)cc(O)c12,286.239,2.282,111.13,4,6,1,3,21,2.0
CHEMBL151,LUTEOLIN,O=c1cc(-c2ccc(O)c(O)c2)oc2cc(O)cc(O)c12,286.239,2.282,111.13,4,6,1,3,21,2.0
CHEMBL152,CIDOFOVIR ANHYDROUS,Nc1ccn(C[C@@H](CO)OCP(=O)(O)O)c(=O)n1,279.189,-1.662,147.9,4,7,6,1,18,1.0
CHEMBL153,TROLOX,Cc1c(C)c2c(c(C)c1O)CCC(C)(C(=O)O)O2,250.294,2.486,66.76,2,3,1,1,18,3.0
CHEMBL154,NAPROXEN,COc1ccc2cc([C@H](C)C(=O)O)ccc2c1,230.263,3.037,46.53,1,2,3,2,17,4.0
CHEMBL158,AZTREONAM,C[C@H]1[C@H](NC(=O)/C(=N\OC(C)(C)C(=O)O)c2csc(N)n2)C(=O)N1S(=O)(=O)O,435.44,-1.172,201.58,4,10,7,1,28,0.0
CHEMBL159,VINBLASTINE,CC[C@]1(O)C[C@@H]2CN(CCc3c([nH]c4ccccc34)[C@@](C(=O)OC)(c3cc4c(cc3OC)N(C)[C@H]3[C@@](O)(C(=O)OC)[C@H](OC(C)=O)[C@]5(CC)C=CCN6CC[C@]43[C@@H]65)C2)C1,810.989,3.991,154.1,3,12,7,3,59,1.0
CHEMBL160,CYCLOSPORINE,C/C=C/C[C@@H](C)[C@@H](O)[C@H]1C(=O)N[C@@H](CC)C(=O)N(C)CC(=O)N(C)[C@@H](CC(C)C)C(=O)N[C@@H](C(C)C)C(=O)N(C)[C@@H](CC(C)C)C(=O)N[C@@H](C)C(=O)N[C@H](C)C(=O)N(C)[C@@H](CC(C)C)C(=O)N(C)[C@@H](CC(C)C)C(=O)N(C)[C@@H](C(C)C)C(=O)N1C,1202.635,3.269,278.8,5,12,15,,,1.0
CHEMBL161,CEFTRIAXONE,CO/N=C(\C(=O)N[C@@H]1C(=O)N2C(C(=O)O)=C(CSc3nc(=O)c(O)nn3C)CS[C@H]12)c1csc(N)n1,554.592,-1.199,215.22,4,15,8,2,36,0.0
CHEMBL163,RITONAVIR,CC(C)c1nc(CN(C)C(=O)N[C@H](C(=O)N[C@@H](Cc2ccccc2)C[C@H](O)[C@H](Cc2ccccc2)NC(=O)OCc2cncs2)C(C)C)cs1,720.962,5.905,145.78,4,9,17,4,50,0.0
CHEMBL164,MYRICETIN,O=c1c(O)c(-c2cc(O)c(O)c(O)c2)oc2cc(O)cc(O)c12,318.237,1.694,151.59,6,8,1,3,23,1.0
CHEMBL165,RESVERATROL,Oc1ccc(/C=C/c2cc(O)cc(O)c2)cc1,228.247,2.974,60.69,3,3,2,2,17,3.0
CHEMBL166,MELARSOPROL,Nc1nc(N)nc(Nc2ccc([As]3SCC(CO)S3)cc2)n1,398.349,0.316,122.97,4,9,4,,,0.0
CHEMBL168,OLEANOLIC_ACID,CC1(C)CC[C@]2(C(=O)O)CC[C@]3(C)C(=CC[C@@H]4[C@@]5(C)CC[C@H](O)C(C)(C)[C@@H]5CC[C@]43C)[C@@H]2C1,456.711,7.234,57.53,2,2,1,0,33,1.0
CHEMBL169,URSOLIC ACID,C[C@H]1[C@H](C)CC[C@]2(C(=O)O)CC[C@]3(C)C(=CC[C@@H]4[C@@]5(C)CC[C@H](O)C(C)(C)[C@@H]5CC[C@]43C)[C@H]12,456.711,7.09,57.53,2,2,1,0,33,1.0
CHEMBL170,QUININE,C=C[C@H]1CN2CC[C@H]1C[C@H]2[C@H](O)c1ccnc2ccc(OC)cc12,324.424,3.173,45.59,1,4,4,2,24,4.0
CHEMBL172,"(S,R)-MEFLOQUINE",O[C@@H](c1cc(C(F)(F)F)nc2c(C(F)(F)F)cccc12)[C@H]1CCCCN1,378.316,4.448,45.15,2,3,2,2,26,1.0
CHEMBL174,AMPICILLIN,CC1(C)S[C@@H]2[C@H](NC(=O)[C@H](N)c3ccccc3)C(=O)N2[C@H]1C(=O)O,349.412,0.318,112.73,3,5,4,1,24,1.0
CHEMBL175,DEXIBUPROFEN,CC(C)Cc1ccc([C@H](C)C(=O)O)cc1,206.285,3.073,37.3,1,1,4,1,15,4.0
CHEMBL176,BEKANAMYCIN,NC[C@H]1O[C@H](O[C@H]2[C@H](O)[C@@H](O[C@H]3O[C@H](CO)[C@@H](O)[C@H](N)[C@H]3O)[C@H](N)C[C@@H]2N)[C@H](N)[C@@H](O)[C@@H]1O,483.519,-7.325,288.4,11,15,6,0,33,0.0
CHEMBL177,AMIKACIN,NCC[C@H](O)C(=O)N[C@@H]1C[C@H](N)[C@@H](O[C@H]2O[C@H](CN)[C@@H](O)[C@H](O)[C@H]2O)[C@H](O)[C@H]1O[C@H]1O[C@H](CO)[C@@H](O)[C@H](N)[C@H]1O,585.608,-8.424,331.94,13,17,10,0,40,0.0
CHEMBL178,DAUNORUBICIN,COc1cccc2c1C(=O)c1c(O)c3c(c(O)c1C2=O)C[C@@](O)(C(C)=O)C[C@@H]3O[C@H]1C[C@H](N)[C@H](O)[C@H](C)O1,527.526,1.029,185.84,5,11,4,2,38,0.0
CHEMBL181,DIAZOXIDE,CC1=Nc2ccc(Cl)cc2S(=O)(=O)N1,230.676,1.682,58.53,1,3,0,1,14,3.0
CHEMBL182,GANCICLOVIR,Nc1nc2c(ncn2COC(CO)CO)c(=O)[nH]1,255.234,-1.971,139.28,4,8,5,2,18,1.0
CHEMBL183,"1,3-DIPROPYL-8-CYCLOPENTYLXANTHINE [DPCPX]",CCCn1c(=O)c2[nH]c(C3CCCC3)nc2n(CCC)c1=O,304.394,2.364,72.68,1,5,5,2,22,3.0
CHEMBL184,ACYCLOVIR,Nc1nc2c(ncn2COCCO)c(=O)[nH]1,225.208,-1.332,119.05,3,7,4,2,16,1.0
CHEMBL185,FLUOROURACIL,O=c1[nH]cc(F)c(=O)[nH]1,130.078,-0.798,65.72,2,2,0,1,9,2.0
CHEMBL186,CEFEPIME,CO/N=C(\C(=O)N[C@@H]1C(=O)N2C(C(=O)[O-])=C(C[N+]3(C)CCCC3)CS[C@H]12)c1csc(N)n1,480.572,-1.28,150.04,2,10,7,1,32,0.0
CHEMBL188,WIN-552122,Cc1c(C(=O)c2cccc3ccccc23)c2cccc3c2n1[C@H](CN1CCOCC1)CO3,426.516,4.6,43.7,0,5,4,4,32,2.0
CHEMBL189,MILRINONE,Cc1[nH]c(=O)c(C#N)cc1-c1ccncc1,211.224,1.617,69.54,1,3,1,2,16,3.0
CHEMBL190,THEOPHYLLINE,Cn1c(=O)c2[nH]cnc2n(C)c1=O,180.167,-1.04,72.68,1,5,0,2,13,2.0
CHEMBL191,LOSARTAN,CCCCc1nc(Cl)c(CO)n1Cc1ccc(-c2ccccc2-c2nnn[nH]2)cc1,422.92,4.267,92.51,2,6,8,4,30,0.0
CHEMBL192,SILDENAFIL,CCCc1nn(C)c2c(=O)[nH]c(-c3cc(S(=O)(=O)N4CCN(C)CC4)ccc3OCC)nc12,474.587,1.611,113.42,1,8,7,3,33,1.0
CHEMBL193,NIFEDIPINE,COC(=O)C1=C(C)NC(C)=C(C(=O)OC)C1c1ccccc1[N+](=O)[O-],346.339,2.176,107.77,1,7,4,1,25,3.0
CHEMBL196,ASCORBIC ACID,O=C1O[C@H]([C@@H](O)CO)C(O)=C1O,176.124,-1.407,107.22,4,6,2,0,12,1.0
CHEMBL197,DEXVERAPAMIL,COc1ccc(CCN(C)CCC[C@](C#N)(c2ccc(OC)c(OC)c2)C(C)C)cc1OC,454.611,5.093,63.95,0,6,13,2,33,2.0
CHEMBL403,SULBACTAM,CC1(C)[C@H](C(=O)O)N2C(=O)C[C@H]2S1(=O)=O,233.245,-0.795,91.75,1,4,1,0,15,2.0
CHEMBL404,TAZOBACTAM,C[C@]1(Cn2ccnn2)[C@H](C(=O)O)N2C(=O)C[C@H]2S1(=O)=O,300.296,-1.523,122.46,1,7,3,1,20,2.0
CHEMBL405,AMPHETAMINE,CC(N)Cc1ccccc1,135.21,1.576,26.02,1,1,2,1,10,3.0
CHEMBL406,INDAPAMIDE,CC1Cc2ccccc2N1NC(=O)c1ccc(Cl)c(S(N)(=O)=O)c1,365.842,2.083,92.5,2,4,3,2,24,1.0
CHEMBL407,FLUMAZENIL,CCOC(=O)c1ncn2c1CN(C)C(=O)c1cc(F)ccc1-2,303.293,1.774,64.43,0,5,2,2,22,3.0
CHEMBL408,TROGLITAZONE,Cc1c(C)c2c(c(C)c1O)CCC(C)(COc1ccc(CC3SC(=O)NC3=O)cc1)O2,441.549,4.374,84.86,2,6,5,2,31,0.0
CHEMBL409,BICALUTAMIDE,CC(O)(CS(=O)(=O)c1ccc(F)cc1)C(=O)Nc1ccc(C#N)c(C(F)(F)F)c1,430.379,2.88,107.26,2,5,5,2,29,1.0
CHEMBL411,DIETHYLSTILBESTROL,CC/C(=C(/CC)c1ccc(O)cc1)c1ccc(O)cc1,268.356,4.829,40.46,2,2,4,2,20,2.0
CHEMBL413,SIROLIMUS,CO[C@H]1C[C@@H]2CC[C@@H](C)[C@@](O)(O2)C(=O)C(=O)N2CCCC[C@H]2C(=O)O[C@H]([C@H](C)C[C@@H]2CC[C@@H](O)[C@H](OC)C2)CC(=O)[C@H](C)/C=C(\C)[C@@H](O)[C@@H](OC)C(=O)[C@H](C)C[C@H](C)/C=C/C=C/C=C/1C,914.187,6.181,195.43,3,13,6,0,65,0.0
CHEMBL414,CARZENIDE,NS(=O)(=O)c1ccc(C(=O)O)cc1,201.203,0.032,97.46,2,3,2,1,13,1.0
CHEMBL415,CLOMIPRAMINE,CN(C)CCCN1c2ccccc2CCc2ccc(Cl)cc21,314.86,4.528,6.48,0,2,4,2,22,3.0
CHEMBL416,METHOXSALEN,COc1c2occc2cc2ccc(=O)oc12,216.192,2.548,52.58,0,4,1,3,16,4.0
CHEMBL417,EPIRUBICIN,COc1cccc2c1C(=O)c1c(O)c3c(c(O)c1C2=O)C[C@@](O)(C(=O)CO)C[C@@H]3O[C@H]1C[C@H](N)[C@@H](O)[C@H](C)O1,543.525,0.001,206.07,6,12,5,2,39,0.0
CHEMBL418,"2,4-DISULFAMYLTRIFLUOROMETHYLANILINE",Nc1cc(C(F)(F)F)c(S(N)(=O)=O)cc1S(N)(=O)=O,319.286,-0.418,146.34,3,5,2,1,19,1.0
CHEMBL419,MAFENIDE,NCc1ccc(S(N)(=O)=O)cc1,186.236,-0.207,86.18,2,3,2,1,12,1.0
CHEMBL420,GUANABENZ,N=C(N)N/N=C/c1c(Cl)cccc1Cl,231.086,1.81,74.26,3,2,2,1,14,1.0
CHEMBL421,SULFASALAZINE,O=C(O)c1cc(/N=N/c2ccc(S(=O)(=O)Nc3ccccn3)cc2)ccc1O,398.4,3.702,141.31,3,7,6,3,28,1.0
CHEMBL422,TRIFLUOPERAZINE,CN1CCN(CCCN2c3ccccc3Sc3ccc(C(F)(F)F)cc32)CC1,407.505,4.946,9.72,0,4,4,2,28,2.0
CHEMBL423,BETAXOLOL,CC(C)NCC(O)COc1ccc(CCOCC2CC2)cc1,307.434,2.393,50.72,2,4,11,1,22,3.0
CHEMBL424,SALICYLIC ACID,O=C(O)c1ccccc1O,138.122,1.09,57.53,2,2,1,1,10,2.0
CHEMBL425,OLSALAZINE,O=C(O)c1cc(/N=N/c2ccc(O)c(C(=O)O)c2)ccc1O,302.242,2.91,139.78,4,6,4,2,22,2.0
CHEMBL427,MECHLORETHAMINE,CN(CCCl)CCCl,156.056,1.396,3.24,0,1,4,0,8,3.0
CHEMBL428,TROVAFLOXACIN,N[C@@H]1[C@H]2CN(c3nc4c(cc3F)c(=O)c(C(=O)O)cn4-c3ccc(F)cc3F)C[C@@H]12,416.359,1.894,101.45,2,6,3,3,30,0.0
CHEMBL429,LABETALOL,CC(CCc1ccccc1)NCC(O)c1ccc(O)c(C(N)=O)c1,328.412,2.135,95.58,4,4,8,2,24,2.0
CHEMBL430,GEMIFLOXACIN,CO/N=C1\CN(c2nc3c(cc2F)c(=O)c(C(=O)O)cn3C2CC2)CC1CN,389.387,0.966,123.04,2,8,5,2,28,0.0
CHEMBL431,SPIRAPRIL,CCOC(=O)[C@H](CCc1ccccc1)N[C@@H](C)C(=O)N1CC2(C[C@H]1C(=O)O)SCCS2,466.625,2.391,95.94,2,7,9,1,31,1.0
CHEMBL433,VALPROATE SODIUM,CCCC(CCC)C(=O)[O-].[Na+],166.196,-2.043,40.13,0,2,5,0,10,3.0
CHEMBL434,ISOPROTERENOL,CC(C)NCC(O)c1ccc(O)c(O)c1,211.261,1.129,72.72,4,4,4,1,15,1.0
CHEMBL435,HYDROCHLOROTHIAZIDE,NS(=O)(=O)c1cc2c(cc1Cl)NCNS2(=O)=O,297.745,-0.351,118.36,3,5,1,1,17,1.0
CHEMBL436,TOLRESTAT,COc1ccc2c(C(=S)N(C)CC(=O)O)cccc2c1C(F)(F)F,357.353,3.559,49.77,1,3,4,2,24,4.0
CHEMBL437,SULFATHIAZOLE,Nc1ccc(S(=O)(=O)Nc2nccs2)cc1,255.324,1.526,85.08,2,5,3,2,16,1.0
CHEMBL438,SULFAMERAZINE,Cc1ccnc(NS(=O)(=O)c2ccc(N)cc2)n1,264.31,1.168,97.97,2,5,3,2,18,1.0
CHEMBL439,SULFADIAZINE,Nc1ccc(S(=O)(=O)Nc2ncccn2)cc1,250.283,0.86,97.97,2,5,3,2,17,1.0
CHEMBL440,THIAMYLAL,C=CCC1(C(C)CCC)C(=O)NC(=S)NC1=O,254.355,1.516,58.2,2,3,5,0,17,2.0
CHEMBL441,THIOPENTAL,CCCC(C)C1(CC)C(=O)NC(=S)NC1=O,242.344,1.35,58.2,2,3,4,0,16,2.0
CHEMBL442,ERGOTAMINE,CN1C[C@H](C(=O)N[C@]2(C)O[C@@]3(O)[C@@H]4CCCN4C(=O)[C@H](Cc4ccccc4)N3C2=O)C=C2c3cccc4[nH]cc(c34)C[C@H]21,581.673,1.991,118.21,3,6,4,3,43,0.0
CHEMBL443,SULFAMETHOXAZOLE,Cc1cc(NS(=O)(=O)c2ccc(N)cc2)no1,253.283,1.366,98.22,2,5,3,2,17,1.0
CHEMBL444,BARBITAL,CCC1(CC)C(=O)NC(=O)NC1=O,184.195,0.159,75.27,2,3,2,0,13,1.0
CHEMBL445,NORTRIPTYLINE,CNCCC=C1c2ccccc2CCc2ccccc21,263.384,3.826,12.03,1,1,3,2,20,4.0
CHEMBL446,SULFAMETHAZINE,Cc1cc(C)nc(NS(=O)(=O)c2ccc(N)cc2)n1,278.337,1.476,97.97,2,5,3,2,19,1.0
CHEMBL447,SECOBARBITAL,C=CCC1(C(C)CCC)C(=O)NC(=O)NC1=O,238.287,1.351,75.27,2,3,5,0,17,1.0
CHEMBL448,PENTOBARBITAL,CCCC(C)C1(CC)C(=O)NC(=O)NC1=O,226.276,1.185,75.27,2,3,4,0,16,1.0
CHEMBL449,BUTABARBITAL,CCC(C)C1(CC)C(=O)NC(=O)NC1=O,212.249,0.795,75.27,2,3,3,0,15,1.0
CHEMBL450,METHARBITAL,CCC1(CC)C(=O)NC(=O)N(C)C1=O,198.222,0.501,66.48,1,3,2,0,14,3.0
CHEMBL451,CHLORDIAZEPOXIDE,CNC1=Nc2ccc(Cl)cc2C(c2ccccc2)=[N+]([O-])C1,299.761,2.951,50.46,1,3,1,2,21,4.0
CHEMBL452,CLONAZEPAM,O=C1CN=C(c2ccccc2Cl)c2cc([N+](=O)[O-])ccc2N1,315.716,3.038,84.6,1,4,2,2,22,3.0
CHEMBL453,SULFISOXAZOLE,Cc1noc(NS(=O)(=O)c2ccc(N)cc2)c1C,267.31,1.674,98.22,2,5,3,2,18,1.0
CHEMBL454,BUTALBITAL,C=CCC1(CC(C)C)C(=O)NC(=O)NC1=O,224.26,0.961,75.27,2,3,4,0,16,1.0
CHEMBL455,SULFACETAMIDE,CC(=O)NS(=O)(=O)c1ccc(N)cc1,214.246,0.094,89.26,2,4,2,1,14,1.0
CHEMBL456,ETHACRYNIC ACID,C=C(CC)C(=O)c1ccc(OCC(=O)O)c(Cl)c1Cl,303.141,3.606,63.6,1,3,6,1,19,4.0
CHEMBL457,GEMFIBROZIL,Cc1ccc(C)c(OCCCC(C)(C)C(=O)O)c1,250.338,3.573,46.53,1,2,6,1,18,4.0
CHEMBL459,METHYLDOPA,C[C@](N)(Cc1ccc(O)c(O)c1)C(=O)O,211.217,0.442,103.78,4,4,3,1,15,1.0
CHEMBL460,MOLINDONE,CCc1c(C)[nH]c2c1C(=O)C(CN1CCOCC1)CC2,276.38,1.963,45.33,1,3,3,1,20,3.0
CHEMBL461,HIPPURIC ACID,O=C(O)CNC(=O)c1ccccc1,179.175,0.501,66.4,2,2,3,1,13,2.0
CHEMBL462,4-CHLOROHIPPURIC ACID,O=C(O)CNC(=O)c1ccc(Cl)cc1,213.62,1.154,66.4,2,2,3,1,14,2.0
CHEMBL463,AMINOHIPPURIC ACID,Nc1ccc(C(=O)NCC(=O)O)cc1,194.19,0.083,92.42,3,3,3,1,14,1.0
CHEMBL464,ETRETINATE,CCOC(=O)/C=C(C)/C=C/C=C(C)/C=C/c1c(C)cc(OC)c(C)c1C,354.49,5.646,35.53,0,3,7,1,26,3.0
CHEMBL465,DRONABINOL,CCCCCc1cc(O)c2c(c1)OC(C)(C)[C@@H]1CCC(C)=C[C@@H]21,314.469,5.736,29.46,1,2,4,1,23,3.0
CHEMBL467,HYDROXYUREA,NC(=O)NO,76.055,-0.956,75.35,3,2,0,0,5,1.0
CHEMBL468,THALIDOMIDE,O=C1CCC(N2C(=O)c3ccccc3C2=O)C(=O)N1,258.233,0.088,83.55,1,4,1,1,19,2.0
CHEMBL469,KETOROLAC,O=C(c1ccccc1)c1ccc2n1CCC2C(=O)O,255.273,2.291,59.3,1,3,3,2,19,4.0
CHEMBL470,P-HYDROXY KETOROLAC,O=C(c1ccc(O)cc1)c1ccc2n1CCC2C(=O)O,271.272,1.997,79.53,2,4,3,2,20,1.0
CHEMBL471,SOTALOL,CC(C)NCC(O)c1ccc(NS(C)(=O)=O)cc1,272.37,1.09,78.43,3,4,6,1,18,1.0
CHEMBL472,GLYBURIDE,COc1ccc(Cl)cc1C(=O)NCCc1ccc(S(=O)(=O)NC(=O)NC2CCCCC2)cc1,494.013,3.642,113.6,3,5,8,2,33,1.0
CHEMBL473,DOFETILIDE,CN(CCOc1ccc(NS(C)(=O)=O)cc1)CCc1ccc(NS(C)(=O)=O)cc1,441.575,1.983,104.81,2,6,11,2,29,0.0
CHEMBL475,N-DESETHYL DORZOLAMIDE,C[C@H]1C[C@H](N)c2cc(S(N)(=O)=O)sc2S1(=O)=O,296.395,-0.039,120.32,2,6,1,1,17,1.0
CHEMBL476,DACARBAZINE,CN(C)/N=N/c1[nH]cnc1C(N)=O,182.187,0.069,99.73,2,4,3,1,13,1.0
CHEMBL477,ADENOSINE,Nc1ncnc2c1ncn2[C@@H]1O[C@H](CO)[C@@H](O)[C@H]1O,267.245,-1.98,139.54,4,9,2,2,19,1.0
CHEMBL478,CHLOROPHENYLPIPERAZINE,Clc1cccc(N2CCNCC2)c1,196.681,1.75,15.27,1,2,1,1,13,3.0
CHEMBL479,THIORIDAZINE,CSc1ccc2c(c1)N(CCC1CCCCN1C)c1ccccc1S2,370.587,5.886,6.48,0,4,4,2,25,2.0
CHEMBL480,LANSOPRAZOLE,Cc1c(OCC(F)(F)F)ccnc1C[S+]([O-])c1nc2ccccc2[nH]1,369.368,3.515,73.86,1,4,5,3,25,2.0
CHEMBL481,IRINOTECAN,CCc1c2c(nc3ccc(OC(=O)N4CCC(N5CCCCC5)CC4)cc13)-c1cc3c(c(=O)n1C2)COC(=O)[C@]3(O)CC,586.689,4.091,114.2,1,9,4,3,43,1.0
CHEMBL483,TENOFOVIR,C[C@H](Cn1cnc2c(N)ncnc21)OCP(=O)(O)O,287.216,-0.051,136.38,3,7,5,2,19,1.0
CHEMBL484,ADEFOVIR,Nc1ncnc2c1ncn2CCOCP(=O)(O)O,273.189,-0.44,136.38,3,7,5,2,18,1.0
CHEMBL485,CODEINE,COc1ccc2c3c1O[C@H]1[C@@H](O)C=C[C@H]4[C@@H](C2)N(C)CC[C@@]341,299.37,1.501,41.93,1,4,1,1,22,3.0
CHEMBL486,4'-HYDROXYTAMOXIFEN,CC/C(=C(\c1ccccc1)c1ccc(OCCN(C)C)cc1)c1cccc(O)c1,387.523,5.702,32.7,1,3,8,3,29,2.0
CHEMBL487,DROLOXIFENE,CC/C(=C(/c1ccc(OCCN(C)C)cc1)c1cccc(O)c1)c1ccccc1,387.523,5.702,32.7,1,3,8,3,29,2.0
CHEMBL488,AMINOGLUTETHIMIDE,CCC1(c2ccc(N)cc2)CCC(=O)NC1=O,232.283,1.353,72.19,2,3,2,1,17,1.0
CHEMBL489,AFIMOXIFENE,CC/C(=C(\c1ccc(O)cc1)c1ccc(OCCN(C)C)cc1)c1ccccc1,387.523,5.702,32.7,1,3,8,3,29,2.0
CHEMBL490,PAROXETINE,Fc1ccc([C@@H]2CCNC[C@H]2COc2ccc3c(c2)OCO3)cc1,329.371,3.327,39.72,1,4,4,2,24,4.0
CHEMBL491,HYDROXYFLUTAMIDE,CC(C)(O)C(=O)Nc1ccc([N+](=O)[O-])c(C(F)(F)F)c1,292.213,2.323,92.47,2,4,3,1,20,2.0
CHEMBL492,ETIDOCAINE,CCCN(CC)C(CC)C(=O)Nc1c(C)cccc1C,276.424,3.752,32.34,1,2,7,1,20,4.0
CHEMBL493,BROMOCRIPTINE,CC(C)C[C@H]1C(=O)N2CCC[C@H]2[C@]2(O)O[C@](NC(=O)[C@@H]3C=C4c5cccc6[nH]c(Br)c(c56)C[C@H]4N(C)C3)(C(C)C)C(=O)N12,654.606,3.193,118.21,3,6,5,2,43,1.0
CHEMBL494,ILOPROST,CC#CCC(C)[C@H](O)/C=C/[C@@H]1[C@H]2C/C(=C/CCCC(=O)O)C[C@H]2C[C@H]1O,360.494,3.541,77.76,3,3,8,0,26,1.0
CHEMBL495,ALPROSTADIL,CCCCC[C@H](O)/C=C/[C@H]1[C@H](O)CC(=O)[C@@H]1CCCCCCC(=O)O,354.487,3.475,94.83,3,4,13,0,25,2.0
CHEMBL496,HEXACHLOROPHENE,Oc1c(Cl)cc(Cl)c(Cl)c1Cc1c(O)c(Cl)cc(Cl)c1Cl,406.907,6.609,40.46,2,2,2,2,21,1.0
CHEMBL497,CLIOQUINOL,Oc1c(I)cc(Cl)c2cccnc12,305.502,3.198,33.12,1,2,0,2,13,4.0
CHEMBL498,CHLORPROPAMIDE,CCCNC(=O)NS(=O)(=O)c1ccc(Cl)cc1,276.745,1.738,75.27,2,3,4,1,17,1.0
CHEMBL499,TIMOLOL,CC(C)(C)NC[C@H](O)COc1nsnc1N1CCOCC1,316.427,0.502,79.74,2,8,6,1,21,1.0
CHEMBL500,PINDOLOL,CC(C)NCC(O)COc1cccc2[nH]ccc12,248.326,1.906,57.28,3,3,6,2,18,2.0
CHEMBL501,AMPHETAMINE SULFATE,CC(N)Cc1ccccc1.O=S(=O)(O)O,233.289,0.924,100.62,3,3,2,1,10,1.0
CHEMBL502,DONEPEZIL,COc1cc2c(cc1OC)C(=O)C(CC1CCN(Cc3ccccc3)CC1)C2,379.5,4.361,38.77,0,4,6,2,28,2.0
CHEMBL503,LOVASTATIN,CC[C@H](C)C(=O)O[C@H]1C[C@@H](C)C=C2C=C[C@H](C)[C@H](CC[C@@H]3C[C@@H](O)CC(=O)O3)[C@H]21,404.547,4.196,72.83,1,5,6,0,29,1.0
CHEMBL504,DIMETHYL SULFOXIDE,C[S+](C)[O-],78.136,-0.005,23.06,0,1,0,0,4,3.0
CHEMBL505,CHLORPHENIRAMINE,CN(C)CCC(c1ccc(Cl)cc1)c1ccccn1,274.795,3.819,16.13,0,2,5,2,19,4.0
CHEMBL506,PRIMAQUINE,COc1cc(NC(C)CCCN)c2ncccc2c1,259.353,2.783,60.17,2,4,6,2,19,3.0
CHEMBL507,N-METHYLHISTAMINE,Cn1cnc(CCN)c1,125.175,-0.079,43.84,1,3,2,1,9,3.0
CHEMBL509,MECLOFENAMIC ACID,Cc1ccc(Cl)c(Nc2ccccc2C(=O)O)c1Cl,296.153,4.744,49.33,2,2,3,2,19,2.0
CHEMBL511,PYRILAMINE,COc1ccc(CN(CCN(C)C)c2ccccn2)cc1,285.391,2.658,28.6,0,4,7,2,21,4.0
CHEMBL513,CARMUSTINE,O=NN(CCCl)C(=O)NCCCl,214.052,1.157,61.77,1,3,5,0,12,3.0
CHEMBL514,LOMUSTINE,O=NN(CCCl)C(=O)NC1CCCCC1,233.699,2.251,61.77,1,3,4,0,15,4.0
CHEMBL515,CHLORAMBUCIL,O=C(O)CCCc1ccc(N(CCCl)CCCl)cc1,304.217,3.378,40.54,1,2,9,1,19,4.0
CHEMBL516,CYPROHEPTADINE,CN1CCC(=C2c3ccccc3C=Cc3ccccc32)CC1,287.406,4.698,3.24,0,1,0,2,22,3.0
CHEMBL517,DISOPYRAMIDE,CC(C)N(CCC(C(N)=O)(c1ccccc1)c1ccccn1)C(C)C,339.483,3.362,59.22,1,3,8,2,25,4.0
CHEMBL518,CHLORPHENACYL,O=C(O)Cc1ccc(N(CCCl)CCCl)cc1,276.163,2.598,40.54,1,2,7,1,17,4.0
CHEMBL520,XANTHENE CARBOXYLIC ACID,O=C(O)C1c2ccccc2Oc2ccccc21,226.231,3.009,46.53,1,2,1,2,17,4.0
CHEMBL521,IBUPROFEN,CC(C)Cc1ccc(C(C)C(=O)O)cc1,206.285,3.073,37.3,1,1,4,1,15,4.0
CHEMBL522,BENZYLAMINE,NCc1ccccc1,107.156,1.145,26.02,1,1,1,1,8,3.0
CHEMBL523,NORDAZEPAM,O=C1CN=C(c2ccccc2)c2cc(Cl)ccc2N1,270.719,3.13,41.46,1,2,1,2,19,4.0
CHEMBL524,METHOXAMINE,COc1ccc(OC)c(C(O)C(C)N)c1,211.261,1.084,64.71,2,4,4,1,15,2.0
CHEMBL525,PHOSPHORAMIDE MUSTARD,NP(=O)(O)N(CCCl)CCCl,221.024,0.825,66.56,2,1,5,0,11,2.0
CHEMBL526,PROPOFOL,CC(C)c1cccc(C(C)C)c1O,178.275,3.639,20.23,1,1,2,1,13,4.0
CHEMBL527,PIROXICAM,CN1C(C(=O)Nc2ccccn2)=C(O)c2ccccc2S1(=O)=O,331.353,1.581,99.6,2,5,2,2,23,1.0
CHEMBL528,CEFTIZOXIME,CO/N=C(\C(=O)N[C@@H]1C(=O)N2C(C(=O)O)=CCS[C@H]12)c1csc(N)n1,383.411,-0.556,147.21,3,9,5,1,25,0.0
CHEMBL529,AZITHROMYCIN,CC[C@H]1OC(=O)[C@H](C)[C@@H](O[C@H]2C[C@@](C)(OC)[C@@H](O)[C@H](C)O2)[C@H](C)[C@@H](O[C@@H]2O[C@H](C)C[C@H](N(C)C)[C@H]2O)[C@](C)(O)C[C@@H](C)CN(C)[C@H](C)[C@@H](O)[C@]1(C)O,748.996,1.901,180.08,5,14,7,0,52,0.0
CHEMBL530,AMDINOCILLIN,CC1(C)S[C@@H]2[C@H](/N=C/N3CCCCCC3)C(=O)N2[C@H]1C(=O)O,325.434,1.406,73.21,1,4,3,0,22,2.0
CHEMBL531,PERGOLIDE,CCCN1C[C@H](CSC)C[C@@H]2c3cccc4[nH]cc(c34)C[C@H]21,314.498,4.271,19.03,1,2,4,2,22,3.0
CHEMBL532,ERYTHROMYCIN,CC[C@H]1OC(=O)[C@H](C)[C@@H](O[C@H]2C[C@@](C)(OC)[C@@H](O)[C@H](C)O2)[C@H](C)[C@@H](O[C@@H]2O[C@H](C)C[C@H](N(C)C)[C@H]2O)[C@](C)(O)C[C@@H](C)C(=O)[C@H](C)[C@@H](O)[C@]1(C)O,733.937,1.786,193.91,5,14,7,0,51,0.0
CHEMBL533,IBUTILIDE,CCCCCCCN(CC)CCCC(O)c1ccc(NS(C)(=O)=O)cc1,384.586,4.164,69.64,2,4,14,1,26,1.0
CHEMBL534,KETOTIFEN,CN1CCC(=C2c3ccccc3CC(=O)c3sccc32)CC1,309.434,4.014,20.31,0,3,0,2,22,3.0
CHEMBL535,SUNITINIB,CCN(CC)CCNC(=O)c1c(C)[nH]c(/C=C2\C(=O)Nc3ccc(F)cc32)c1C,398.482,3.335,77.23,3,3,7,2,29,1.0
CHEMBL537,HYDROQUINONE,Oc1ccc(O)cc1,110.112,1.098,40.46,2,2,0,1,8,2.0
CHEMBL538,ANILINE,Nc1ccccc1,93.129,1.269,26.02,1,1,0,1,7,3.0
CHEMBL539,ACETIC ACID,CC(=O)O,60.052,0.091,37.3,1,1,0,0,4,3.0
CHEMBL540,IMIDAZOLE,c1c[nH]cn1,68.079,0.41,28.68,1,1,0,1,5,3.0
CHEMBL541,BENZOIC ACID,O=C(O)c1ccccc1,122.123,1.385,37.3,1,1,1,1,9,3.0
CHEMBL542,AMINOBENZOIC ACID,Nc1ccc(C(=O)O)cc1,137.138,0.967,63.32,2,2,1,1,10,2.0
CHEMBL543,1-METHYLIMIDAZOLE,Cn1ccnc1,82.106,0.42,17.82,0,2,0,1,6,3.0
CHEMBL544,MEQUINOL,COc1ccc(O)cc1,124.139,1.401,29.46,1,2,1,1,9,3.0
CHEMBL545,ALCOHOL,CCO,46.069,-0.001,20.23,1,1,0,0,3,3.0
CHEMBL546,OXPRENOLOL,C=CCOc1ccccc1OCC(O)CNC(C)C,265.353,1.989,50.72,2,4,9,1,19,2.0
CHEMBL547,ISOTRETINOIN,CC1=C(/C=C/C(C)=C/C=C/C(C)=C\C(=O)O)C(C)(C)CCC1,300.442,5.603,37.3,1,1,5,0,22,3.0
CHEMBL548,DINOPROSTONE,CCCCC[C@H](O)/C=C/[C@H]1[C@H](O)CC(=O)[C@@H]1C/C=C\CCCC(=O)O,352.471,3.251,94.83,3,4,12,0,25,2.0
CHEMBL549,CITALOPRAM,CN(C)CCCC1(c2ccc(F)cc2)OCc2cc(C#N)ccc21,324.399,3.813,36.26,0,3,5,2,24,4.0
CHEMBL550,PILOCARPINE,CC[C@@H]1C(=O)OC[C@@H]1Cc1cncn1C,208.261,1.162,44.12,0,4,3,1,15,3.0
CHEMBL553,ERLOTINIB,C#Cc1cccc(Nc2ncnc3cc(OCCOC)c(OCCOC)cc23)c1,393.443,3.405,74.73,1,7,10,3,29,2.0
CHEMBL554,LAPATINIB,CS(=O)(=O)CCNCc1ccc(-c2ccc3ncnc(Nc4ccc(OCc5cccc(F)c5)c(Cl)c4)c3c2)o1,581.069,6.139,106.35,2,8,11,5,40,0.0
CHEMBL556,DEFEROXAMINE,CC(=O)N(O)CCCCCNC(=O)CCC(=O)N(O)CCCCCNC(=O)CCC(=O)N(O)CCCCCN,560.693,0.922,205.84,6,9,23,0,39,0.0
CHEMBL557,DETROTHYRONINE,N[C@H](Cc1cc(I)c(Oc2ccc(O)c(I)c2)c(I)c1)C(=O)O,650.976,3.953,92.78,3,4,5,2,23,1.0
CHEMBL558,MEXILETINE,Cc1cccc(C)c1OCC(C)N,179.263,2.029,35.25,1,2,3,1,13,4.0
CHEMBL559,DEXTROTHYROXINE,N[C@H](Cc1cc(I)c(Oc2cc(I)c(O)c(I)c2)c(I)c1)C(=O)O,776.872,4.557,92.78,3,4,5,2,24,0.0
CHEMBL561,LOMEFLOXACIN,CCn1cc(C(=O)O)c(=O)c2cc(F)c(N3CCNC(C)C3)c(F)c21,351.353,1.796,74.57,2,5,3,2,25,1.0
CHEMBL562,GRISEOFULVIN,COC1=CC(=O)C[C@@H](C)[C@]12Oc1c(Cl)c(OC)cc(OC)c1C2=O,352.77,2.81,71.06,0,6,3,1,24,3.0
CHEMBL563,FLURBIPROFEN,CC(C(=O)O)c1ccc(-c2ccccc2)c(F)c1,244.265,3.681,37.3,1,1,3,2,18,4.0
CHEMBL564,PROMAZINE,CN(C)CCCN1c2ccccc2Sc2ccccc21,284.428,4.241,6.48,0,3,4,2,20,3.0
CHEMBL565,CLOFIBRATE,CCOC(=O)C(C)(C)Oc1ccc(Cl)cc1,242.702,3.061,35.53,0,3,4,1,16,4.0
CHEMBL566,URACIL,O=c1cc[nH]c(=O)[nH]1,112.088,-0.937,65.72,2,2,0,1,8,2.0
CHEMBL567,PERPHENAZINE,OCCN1CCN(CCCN2c3ccccc3Sc3ccc(Cl)cc32)CC1,403.979,3.943,29.95,1,5,6,2,27,3.0
CHEMBL568,OXAZEPAM,O=C1Nc2ccc(Cl)cc2C(c2ccccc2)=NC1O,286.718,2.448,61.69,2,3,1,2,20,3.0
CHEMBL569,PROCAINE,CCN(CC)CCOC(=O)c1ccc(N)cc1,236.315,1.767,55.56,1,4,6,1,17,3.0
CHEMBL570,TRIFLUPROMAZINE,CN(C)CCCN1c2ccccc2Sc2ccc(C(F)(F)F)cc21,352.425,5.26,6.48,0,3,4,2,24,3.0
CHEMBL571,KETOPROFEN,CC(C(=O)O)c1cccc(C(=O)c2ccccc2)c1,254.285,3.106,54.37,1,2,4,2,19,4.0
CHEMBL572,NITROFURANTOIN,O=C1CN(/N=C/c2ccc([N+](=O)[O-])o2)C(=O)N1,238.159,0.073,118.05,1,6,3,1,17,2.0
CHEMBL573,NIACIN,O=C(O)c1cccnc1,123.111,0.78,50.19,1,2,1,1,9,3.0
CHEMBL574,P-TOLUENESULFONAMIDE,Cc1ccc(S(N)(=O)=O)cc1,171.221,0.642,60.16,1,2,1,1,11,3.0
CHEMBL575,METHICILLIN,COc1cccc(OC)c1C(=O)N[C@@H]1C(=O)N2[C@@H]1SC(C)(C)[C@@H]2C(=O)O,380.422,0.949,105.17,2,6,5,1,26,0.0
CHEMBL576,SUCCINIC ACID,O=C(O)CCC(=O)O,118.088,-0.064,74.6,2,2,3,0,8,1.0
CHEMBL577,ENALAPRILAT ANHYDROUS,C[C@H](N[C@@H](CCc1ccccc1)C(=O)O)C(=O)N1CCC[C@H]1C(=O)O,348.399,1.126,106.94,3,4,8,1,25,1.0
CHEMBL578,ENALAPRIL,CCOC(=O)[C@H](CCc1ccccc1)N[C@@H](C)C(=O)N1CCC[C@H]1C(=O)O,376.453,1.605,95.94,2,5,9,1,27,0.0
CHEMBL579,SPIRAPRILAT,C[C@H](N[C@@H](CCc1ccccc1)C(=O)O)C(=O)N1CC2(C[C@H]1C(=O)O)SCCS2,438.571,1.912,106.94,3,6,8,1,29,0.0
CHEMBL580,LORAZEPAM,O=C1Nc2ccc(Cl)cc2C(c2ccccc2Cl)=NC1O,321.163,3.101,61.69,2,3,1,2,21,3.0
CHEMBL581,FOSINOPRILAT,O=C(O)[C@@H]1C[C@@H](C2CCCCC2)CN1C(=O)CP(=O)(O)CCCCc1ccccc1,435.501,4.162,94.91,2,3,9,1,30,0.0
CHEMBL582,ISOPROPYL ALCOHOL,CC(C)O,60.096,0.387,20.23,1,1,0,0,4,3.0
CHEMBL583,GREPAFLOXACIN,Cc1c(F)c(N2CCNC(C)C2)cc2c1c(=O)c(C(=O)O)cn2C1CC1,359.401,2.28,74.57,2,5,3,2,26,2.0
CHEMBL584,NELFINAVIR,Cc1c(O)cccc1C(=O)N[C@@H](CSc1ccccc1)[C@H](O)CN1C[C@H]2CCCC[C@H]2C[C@H]1C(=O)NC(C)(C)C,567.796,4.748,101.9,4,6,9,2,40,0.0
CHEMBL585,TRIAMTERENE,Nc1nc(N)c2nc(-c3ccccc3)c(N)nc2n1,253.269,0.833,129.62,3,7,1,3,19,1.0
CHEMBL586,SALICYLURIC ACID,O=C(O)CNC(=O)c1ccccc1O,195.174,0.207,86.63,3,3,3,1,14,1.0
CHEMBL587,SKF-89124A,CCCN(CCC)CCc1ccc(O)c2c1CC(=O)N2,276.38,2.551,52.57,2,3,7,1,20,3.0
CHEMBL588,FENOLDOPAM,Oc1ccc(C2CNCCc3c2cc(O)c(O)c3Cl)cc1,305.761,2.734,72.72,4,4,1,2,21,2.0
CHEMBL589,ROPINIROLE,CCCN(CCC)CCc1cccc2c1CC(=O)N2,260.381,2.846,32.34,1,2,7,1,19,4.0
CHEMBL590,MENADIONE,CC1=CC(=O)c2ccccc2C1=O,172.183,2.012,34.14,0,2,0,1,13,4.0
CHEMBL591,ETHCHLORVYNOL,C#CC(O)(/C=C/Cl)CC,144.601,1.513,20.23,1,1,2,0,9,3.0
CHEMBL592,LEVORPHANOL,CN1CC[C@]23CCCC[C@H]2[C@H]1Cc1ccc(O)cc13,257.377,3.08,23.47,1,2,0,1,19,4.0
CHEMBL593,DELAVIRDINE,CC(C)Nc1cccnc1N1CCN(C(=O)c2cc3cc(NS(C)(=O)=O)ccc3[nH]2)CC1,456.572,2.717,110.43,3,6,6,3,32,1.0
CHEMBL594,EMEDASTINE,CCOCCn1c(N2CCCN(C)CC2)nc2ccccc21,302.422,2.215,33.53,0,5,5,2,22,4.0
CHEMBL595,PIOGLITAZONE,CCc1ccc(CCOc2ccc(CC3SC(=O)NC3=O)cc2)nc1,356.447,3.16,68.29,1,5,7,2,25,4.0
CHEMBL596,FENTANYL,CCC(=O)N(c1ccccc1)C1CCN(CCc2ccccc2)CC1,336.479,4.137,23.55,0,2,6,2,25,3.0
CHEMBL597,PHENTOLAMINE,Cc1ccc(N(CC2=NCCN2)c2cccc(O)c2)cc1,281.359,2.84,47.86,2,4,4,2,21,3.0
CHEMBL599,MELOXICAM,Cc1cnc(NC(=O)C2=C(O)c3ccccc3S(=O)(=O)N2C)s1,351.409,1.951,99.6,2,6,2,2,23,1.0
CHEMBL600,ACETYLCYSTEINE,CC(=O)N[C@@H](CS)C(=O)O,163.198,-0.495,66.4,3,3,3,0,10,2.0
CHEMBL601,AMINOLEVULINIC ACID,NCC(=O)CCC(=O)O,131.131,-0.621,80.39,2,3,4,0,9,1.0
CHEMBL602,CYSTEAMINE,NCCS,77.152,-0.125,26.02,2,2,1,0,4,2.0
CHEMBL603,ZAFIRLUKAST,COc1cc(C(=O)NS(=O)(=O)c2ccccc2C)ccc1Cc1cn(C)c2ccc(NC(=O)OC3CCCC3)cc12,575.687,5.696,115.73,2,7,8,4,41,0.0
CHEMBL605,PROCAINAMIDE HYDROCHLORIDE,CCN(CC)CCNC(=O)c1ccc(N)cc1.Cl,271.792,1.762,58.36,2,3,6,1,17,2.0
CHEMBL606,MISOPROSTOL,CCCCC(C)(O)C/C=C/[C@H]1[C@H](O)CC(=O)[C@@H]1CCCCCCC(=O)OC,382.541,3.954,83.83,2,5,13,0,27,1.0
CHEMBL607,MEPERIDINE,CCOC(=O)C1(c2ccccc2)CCN(C)CC1,247.338,2.213,29.54,0,3,3,1,18,4.0
CHEMBL608,PROBUCOL,CC(C)(Sc1cc(C(C)(C)C)c(O)c(C(C)(C)C)c1)Sc1cc(C(C)(C)C)c(O)c(C(C)(C)C)c1,516.857,9.908,40.46,2,4,4,2,35,1.0
CHEMBL609,TRIENTINE,NCCNCCNCCN,146.238,-1.917,76.1,4,4,7,0,10,1.0
CHEMBL610,PHENETHYLAMINE,NCCc1ccccc1,121.183,1.188,26.02,1,1,2,1,9,3.0
CHEMBL611,TERAZOSIN,COc1cc2nc(N3CCN(C(=O)C4CCCO4)CC3)nc(N)c2cc1OC,387.44,1.057,103.04,1,8,4,2,28,1.0
CHEMBL612,DEXTROAMPHETAMINE,C[C@H](N)Cc1ccccc1,135.21,1.576,26.02,1,1,2,1,10,3.0
CHEMBL613,PYRAZINOIC ACID,O=C(O)c1cnccn1,124.099,0.175,63.08,1,3,1,1,9,3.0
CHEMBL614,PYRAZINAMIDE,NC(=O)c1cnccn1,123.115,-0.425,68.87,1,3,1,1,9,3.0
CHEMBL615,PENICILLIN V,CC1(C)S[C@@H]2[C@H](NC(=O)COc3ccccc3)C(=O)N2[C@H]1C(=O)O,350.396,0.697,95.94,2,5,5,1,24,1.0
CHEMBL616,MONODEETHYLATED-MCP,CCNCCNC(=O)c1cc(Cl)c(N)cc1OC,271.748,1.27,76.38,3,4,6,1,18,1.0
CHEMBL617,CEPHALOTHIN,CC(=O)OCC1=C(C(=O)O)N2C(=O)[C@@H](NC(=O)Cc3cccs3)[C@H]2SC1,396.446,0.592,113.01,2,7,6,1,26,0.0
CHEMBL618,4-CHLORO-BENZOIC ACID,O=C(O)c1ccc(Cl)cc1,156.568,2.038,37.3,1,1,1,1,10,4.0
CHEMBL619,3-METHYLXANTHINE,Cn1c(=O)[nH]c(=O)c2[nH]cnc21,166.14,-1.05,83.54,2,4,0,2,12,1.0
CHEMBL620,CLIDINIUM,C[N+]12CCC(CC1)C(OC(=O)C(O)(c1ccccc1)c1ccccc1)C2,352.454,2.705,46.53,1,3,4,2,26,4.0
CHEMBL621,TRAZODONE,O=c1n(CCCN2CCN(c3cccc(Cl)c3)CC2)nc2ccccn12,371.872,2.362,45.78,0,6,5,3,26,3.0
CHEMBL622,ETODOLAC,CCc1cccc2c3c([nH]c12)C(CC)(CC(=O)O)OCC3,287.359,3.383,62.32,2,2,4,2,21,3.0
CHEMBL623,NEFAZODONE,CCc1nn(CCCN2CCN(c3cccc(Cl)c3)CC2)c(=O)n1CCOc1ccccc1,470.017,3.552,55.53,0,7,10,3,33,3.0
CHEMBL624,2-[(2-METHYLAMINOETHYL)(P-METHOXYBENZYL)AMINO]PYRIDINE,CNCCN(Cc1ccc(OC)cc1)c1ccccn1,271.364,2.316,37.39,1,4,7,2,20,4.0
CHEMBL625,THIABENDAZOLE,c1ccc2[nH]c(-c3cscn3)nc2c1,201.254,2.686,41.57,1,3,1,3,14,4.0
CHEMBL626,NAFTIFINE,CN(C/C=C/c1ccccc1)Cc1cccc2ccccc12,287.406,4.985,3.24,0,1,5,3,22,3.0
CHEMBL627,AMITRIPTYLINOXIDE,C[N+](C)([O-])CCC=C1c2ccccc2CCc2ccccc21,293.41,4.181,23.06,0,1,3,2,22,3.0
CHEMBL628,PENTOXIFYLLINE,CC(=O)CCCCn1c(=O)c2c(ncn2C)n(C)c1=O,278.312,0.193,78.89,0,7,5,2,20,2.0
CHEMBL629,AMITRIPTYLINE,CN(C)CCC=C1c2ccccc2CCc2ccccc21,277.411,4.169,3.24,0,1,3,2,21,3.0
CHEMBL630,N-DEALKYL NAFTIFINE,C(=C/c1ccccc1)\CNCc1cccc2ccccc12,273.379,4.643,12.03,1,1,5,3,21,3.0
CHEMBL631,PROPAFENONE,CCCNCC(O)COc1ccccc1C(=O)CCc1ccccc1,341.451,3.241,58.56,2,4,11,2,25,3.0
CHEMBL632,BETAMETHASONE,C[C@H]1C[C@H]2[C@@H]3CCC4=CC(=O)C=C[C@]4(C)[C@@]3(F)[C@@H](O)C[C@]2(C)[C@@]1(O)C(=O)CO,392.467,1.896,94.83,3,5,2,0,28,0.0
CHEMBL633,AMIODARONE,CCCCc1oc2ccccc2c1C(=O)c1cc(I)c(OCCN(CC)CC)c(I)c1,645.319,6.936,42.68,0,4,11,3,31,2.0
CHEMBL634,ALFENTANIL,CCC(=O)N(c1ccccc1)C1(COC)CCN(CCn2nnn(CC)c2=O)CC1,416.526,1.384,85.49,0,8,9,2,30,1.0
CHEMBL635,PREDNISONE,C[C@]12C=CC(=O)C=C1CC[C@@H]1[C@@H]2C(=O)C[C@@]2(C)[C@H]1CC[C@]2(O)C(=O)CO,358.434,1.766,91.67,2,5,2,0,26,1.0
CHEMBL636,RIVASTIGMINE,CCN(C)C(=O)Oc1cccc([C@H](C)N(C)C)c1,250.342,2.76,32.78,0,3,4,1,18,4.0
CHEMBL637,VENLAFAXINE,COc1ccc(C(CN(C)C)C2(O)CCCCC2)cc1,277.408,3.036,32.7,1,3,5,1,20,4.0
CHEMBL638,VORICONAZOLE,C[C@@H](c1ncncc1F)[C@](O)(Cn1cncn1)c1ccc(F)cc1F,349.316,2.177,76.72,1,6,5,3,25,3.0
CHEMBL639,AZELASTINE,CN1CCCC(n2nc(Cc3ccc(Cl)cc3)c3ccccc3c2=O)CC1,381.907,4.298,38.13,0,4,3,3,27,2.0
CHEMBL640,PROCAINAMIDE,CCN(CC)CCNC(=O)c1ccc(N)cc1,235.331,1.34,58.36,2,3,6,1,17,2.0
CHEMBL641,ATOMOXETINE,CNCC[C@@H](Oc1ccccc1C)c1ccccc1,255.361,3.725,21.26,1,2,6,2,19,4.0
CHEMBL642,ACEBUTOLOL,CCCC(=O)Nc1ccc(OCC(O)CNC(C)C)c(C(C)=O)c1,336.432,2.366,87.66,3,5,10,1,24,2.0
CHEMBL643,PROMETHAZINE,CC(CN1c2ccccc2Sc2ccccc21)N(C)C,284.428,4.239,6.48,0,3,3,2,20,3.0
CHEMBL644,TRIMIPRAMINE,CC(CN(C)C)CN1c2ccccc2CCc2ccccc21,294.442,4.121,6.48,0,2,4,2,22,3.0
CHEMBL645,BISOPROLOL,CC(C)NCC(O)COc1ccc(COCCOC(C)C)cc1,325.449,2.366,59.95,2,5,12,1,23,3.0
CHEMBL646,TRIAZOLAM,Cc1nnc2n1-c1ccc(Cl)cc1C(c1ccccc1Cl)=NC2,343.217,4.234,43.07,0,4,1,3,23,3.0
CHEMBL647,APRACLONIDINE,Nc1cc(Cl)c(N=C2NCCN2)c(Cl)c1,245.113,1.756,62.44,3,2,1,1,15,2.0
CHEMBL648,CYCLIZINE,CN1CCN(C(c2ccccc2)c2ccccc2)CC1,266.388,3.023,6.48,0,2,3,2,20,4.0
CHEMBL649,NADOLOL,CC(C)(C)NCC(O)COc1cccc2c1C[C@H](O)[C@H](O)C2,309.406,0.635,81.95,4,5,5,1,22,1.0
CHEMBL650,METHYLPREDNISOLONE,C[C@H]1C[C@@H]2[C@H]([C@@H](O)C[C@@]3(C)[C@H]2CC[C@]3(O)C(=O)CO)[C@@]2(C)C=CC(=O)C=C12,374.477,1.804,94.83,3,5,2,0,27,0.0
CHEMBL651,METHADONE,CCC(=O)C(CC(C)N(C)C)(c1ccccc1)c1ccccc1,309.453,4.292,20.31,0,2,7,2,23,3.0
CHEMBL652,FLECAINIDE,O=C(NCC1CCCCN1)c1cc(OCC(F)(F)F)ccc1OCC(F)(F)F,414.346,3.441,59.59,2,4,7,1,28,2.0
CHEMBL654,MIRTAZAPINE,CN1CCN2c3ncccc3Cc3ccccc3C2C1,265.36,2.479,19.37,0,3,0,2,20,4.0
CHEMBL655,MIDAZOLAM,Cc1ncc2n1-c1ccc(Cl)cc1C(c1ccccc1F)=NC2,325.774,4.324,30.18,0,3,1,3,23,3.0
CHEMBL656,OXYCODONE,COc1ccc2c3c1O[C@H]1C(=O)CC[C@@]4(O)[C@@H](C2)N(C)CC[C@]314,315.369,1.048,59.0,1,5,1,1,23,3.0
CHEMBL657,DIPHENHYDRAMINE,CN(C)CCOC(c1ccccc1)c1ccccc1,255.361,3.354,12.47,0,2,6,2,19,4.0
CHEMBL658,SUFENTANIL,CCC(=O)N(c1ccccc1)C1(COC)CCN(CCc2cccs2)CC1,386.561,4.215,32.78,0,4,8,2,27,2.0
CHEMBL659,GALANTAMINE,COc1ccc2c3c1O[C@H]1C[C@@H](O)C=C[C@@]31CCN(C)C2,287.359,1.85,41.93,1,4,1,1,21,3.0
CHEMBL660,AMANTADINE,NC12CC3CC(CC(C3)C1)C2,151.253,1.914,26.02,1,1,0,0,11,3.0
CHEMBL661,ALPRAZOLAM,Cc1nnc2n1-c1ccc(Cl)cc1C(c1ccccc1)=NC2,308.772,3.58,43.07,0,4,1,3,22,4.0
CHEMBL663,M-PHENOXYBENZOIC ACID FOR CIS-ISOMER,O=C(O)c1cccc(Oc2ccccc2)c1,214.22,3.177,46.53,1,2,3,2,16,4.0
CHEMBL665,N-METHYL PYRROLIDINE (NMP),CN1CCCC1,85.15,0.712,3.24,0,1,0,0,6,3.0
CHEMBL666,FOSCARNET,O=C(O)P(=O)(O)O,126.004,-0.158,94.83,3,2,1,0,7,1.0
CHEMBL667,ACETYLCHOLINE,CC(=O)OCC[N+](C)(C)C,146.21,0.256,26.3,0,2,3,0,10,3.0
CHEMBL668,PROTRIPTYLINE,CNCCCC1c2ccccc2C=Cc2ccccc21,263.384,4.302,12.03,1,1,4,2,20,3.0
CHEMBL669,CYCLOBENZAPRINE,CN(C)CCC=C1c2ccccc2C=Cc2ccccc21,275.395,4.554,3.24,0,1,3,2,21,3.0
CHEMBL670,TEPA,O=P(N1CC1)(N1CC1)N1CC1,173.156,0.041,26.1,0,1,3,0,11,3.0
CHEMBL671,THIOTEPA,S=P(N1CC1)(N1CC1)N1CC1,189.224,0.158,9.03,0,1,3,0,11,3.0
CHEMBL672,FENOFIBRATE,CC(C)OC(=O)C(C)(C)Oc1ccc(C(=O)c2ccc(Cl)cc2)cc1,360.837,4.68,52.6,0,4,6,2,25,2.0
CHEMBL673,PARGYLINE,C#CCN(C)Cc1ccccc1,159.232,1.752,3.24,0,1,3,1,12,3.0
CHEMBL674,OSELTAMIVIR CARBOXYLATE,CCC(CC)O[C@@H]1C=C(C(=O)O)C[C@H](N)[C@H]1NC(C)=O,284.356,0.807,101.65,3,4,6,0,20,1.0
CHEMBL675,ALENDRONATE SODIUM,NCCCC(O)(P(=O)([O-])O)P(=O)(O)O.[Na+],271.078,-4.901,164.14,5,5,5,0,14,1.0
CHEMBL676,PAMIDRONATE DISODIUM,NCCC(O)(P(=O)([O-])O)P(=O)([O-])O.[Na+].[Na+],279.033,-8.919,166.97,4,6,4,0,13,1.0
CHEMBL677,LEVONORDEFRIN,C[C@H](N)[C@H](O)c1ccc(O)c(O)c1,183.207,0.478,86.71,4,4,2,1,13,1.0
CHEMBL679,EPINEPHRINE,CNC[C@H](O)c1ccc(O)c(O)c1,183.207,0.351,72.72,4,4,3,1,13,1.0
CHEMBL680,CEFACLOR ANHYDROUS,N[C@@H](C(=O)N[C@@H]1C(=O)N2C(C(=O)O)=C(Cl)CS[C@H]12)c1ccccc1,367.814,0.621,112.73,3,5,4,1,24,0.0
CHEMBL681,ETOMIDATE,CCOC(=O)c1cncn1[C@H](C)c1ccccc1,244.294,2.669,44.12,0,4,4,2,18,4.0
CHEMBL682,AMODIAQUINE,CCN(CC)Cc1cc(Nc2ccnc3cc(Cl)ccc23)ccc1O,355.869,5.179,48.39,2,4,6,3,25,2.0
CHEMBL683,CLOFIBRIC ACID,CC(C)(Oc1ccc(Cl)cc1)C(=O)O,214.648,2.582,46.53,1,2,3,1,14,4.0
CHEMBL684,DIETHYLCARBAMAZINE,CCN(CC)C(=O)N1CCN(C)CC1,199.298,0.696,26.79,0,2,2,0,14,3.0
CHEMBL685,MEBENDAZOLE,COC(=O)Nc1nc2cc(C(=O)c3ccccc3)ccc2[nH]1,295.298,2.972,84.08,2,4,3,3,22,2.0
CHEMBL686,MEFENAMIC ACID,Cc1cccc(Nc2ccccc2C(=O)O)c1C,241.29,3.745,49.33,2,2,3,2,18,3.0
CHEMBL687,ACETYLSULFANILAMIDE,CC(=O)Nc1ccc(S(N)(=O)=O)cc1,214.246,0.292,89.26,2,3,2,1,14,1.0
CHEMBL688,FENTANYL CITRATE,CCC(=O)N(c1ccccc1)C1CCN(CCc2ccccc2)CC1.O=C(O)CC(O)(CC(=O)O)C(=O)O,528.602,2.888,155.68,4,6,11,2,25,1.0
CHEMBL689,MANNITOL,OC[C@@H](O)[C@@H](O)[C@H](O)[C@H](O)CO,182.172,-3.585,121.38,6,6,5,0,12,1.0
CHEMBL690,PRAVASTATIN SODIUM,CC[C@H](C)C(=O)O[C@H]1C[C@H](O)C=C2C=C[C@H](C)[C@H](CC[C@@H](O)C[C@@H](O)CC(=O)[O-])[C@H]21.[Na+],446.516,-1.89,127.12,3,7,10,0,30,0.0
CHEMBL691,ETHINYL ESTRADIOL,C#C[C@]1(O)CC[C@H]2[C@@H]3CCc4cc(O)ccc4[C@H]3CC[C@@]21C,296.41,3.613,40.46,2,2,0,1,22,3.0
CHEMBL692,GLYCERIN,OCC(O)CO,92.094,-1.668,60.69,3,3,2,0,6,2.0
CHEMBL693,OXACILLIN SODIUM,Cc1onc(-c2ccccc2)c1C(=O)N[C@@H]1C(=O)N2[C@@H]1SC(C)(C)[C@@H]2C(=O)[O-].[Na+],423.426,-2.435,115.57,1,7,4,2,28,1.0
CHEMBL695,TRIMETHADIONE,CN1C(=O)OC(C)(C)C1=O,143.142,0.374,46.61,0,3,0,0,10,3.0
CHEMBL696,ETHOSUXIMIDE,CCC1(C)CC(=O)NC1=O,141.17,0.449,46.17,1,2,1,0,10,3.0
CHEMBL697,METHSUXIMIDE,CN1C(=O)CC(C)(c2ccccc2)C1=O,203.241,1.333,37.38,0,2,1,1,15,3.0
CHEMBL698,TETRACAINE,CCCCNc1ccc(C(=O)OCCN(C)C)cc1,264.369,2.617,41.57,1,4,8,1,19,4.0
CHEMBL699,ETOFYLLINE,Cn1c(=O)c2c(ncn2CCO)n(C)c1=O,224.22,-1.574,82.05,1,7,2,2,16,2.0
CHEMBL700,SULFAPYRIDINE,Nc1ccc(S(=O)(=O)Nc2ccccn2)cc1,249.295,1.465,85.08,2,4,3,2,17,1.0
CHEMBL701,BACLOFEN,NCC(CC(=O)O)c1ccc(Cl)cc1,213.664,1.857,63.32,2,2,4,1,14,2.0
CHEMBL702,PIPERACILLIN,CCN1CCN(C(=O)N[C@@H](C(=O)N[C@@H]2C(=O)N3[C@@H]2SC(C)(C)[C@@H]3C(=O)O)c2ccccc2)C(=O)C1=O,517.564,-0.24,156.43,3,7,6,1,36,0.0
CHEMBL703,SUXAMETHONIUM,C[N+](C)(C)CCOC(=O)CCC(=O)OCC[N+](C)(C)C,290.404,0.265,52.6,0,4,9,0,20,3.0
CHEMBL704,MESALAMINE,Nc1ccc(O)c(C(=O)O)c1,153.137,0.673,83.55,3,3,1,1,11,1.0
CHEMBL705,ALITRETINOIN,CC1=C(/C=C/C(C)=C\C=C\C(C)=C\C(=O)O)C(C)(C)CCC1,300.442,5.603,37.3,1,1,5,0,22,3.0
CHEMBL706,CETYL ALCOHOL,CCCCCCCCCCCCCCCCO,242.447,5.46,20.23,1,1,14,0,17,3.0
CHEMBL707,DOXAZOSIN,COc1cc2nc(N3CCN(C(=O)C4COc5ccccc5O4)CC3)nc(N)c2cc1OC,451.483,1.718,112.27,1,9,4,3,33,1.0
CHEMBL708,ZIPRASIDONE,O=C1Cc2cc(CCN3CCN(c4nsc5ccccc45)CC3)c(Cl)cc2N1,412.946,3.809,48.47,1,5,4,3,28,3.0
CHEMBL709,ALFUZOSIN,COc1cc2nc(N(C)CCCNC(=O)C3CCCO3)nc(N)c2cc1OC,389.456,1.351,111.83,2,8,8,2,28,0.0
CHEMBL710,FINASTERIDE,CC(C)(C)NC(=O)[C@H]1CC[C@H]2[C@@H]3CC[C@H]4NC(=O)C=C[C@]4(C)[C@H]3CC[C@]12C,372.553,3.815,58.2,2,2,1,0,27,2.0
CHEMBL711,PHENINDIONE,O=C1c2ccccc2C(=O)C1c1ccccc1,222.243,2.849,34.14,0,2,1,2,17,4.0
CHEMBL712,ANISINDIONE,COc1ccc(C2C(=O)c3ccccc3C2=O)cc1,252.269,2.858,43.37,0,3,2,2,19,4.0
CHEMBL713,ENTECAVIR ANHYDROUS,C=C1[C@H](CO)[C@@H](O)C[C@@H]1n1cnc2c(=O)[nH]c(N)nc21,277.284,-0.828,130.05,4,7,2,2,20,1.0
CHEMBL714,ALBUTEROL,CC(C)(C)NCC(O)c1ccc(O)c(CO)c1,239.315,1.306,72.72,4,4,4,1,17,1.0
CHEMBL715,OLANZAPINE,Cc1cc2c(s1)Nc1ccccc1N=C2N1CCN(C)CC1,312.442,3.439,30.87,1,5,0,2,22,4.0
CHEMBL716,QUETIAPINE,OCCOCCN1CCN(C2=Nc3ccccc3Sc3ccccc32)CC1,383.517,2.856,48.3,1,6,5,2,27,3.0
CHEMBL717,MEDROXYPROGESTERONE ACETATE,CC(=O)O[C@]1(C(C)=O)CC[C@H]2[C@@H]3C[C@H](C)C4=CC(=O)CC[C@]4(C)[C@H]3CC[C@@]21C,386.532,4.655,60.44,0,4,2,0,28,2.0
CHEMBL718,METHYLDOPA (RACEMIC),CC(N)(Cc1ccc(O)c(O)c1)C(=O)O,211.217,0.442,103.78,4,4,3,1,15,1.0
CHEMBL719,MUPIROCIN,C/C(=C\C(=O)OCCCCCCCCC(=O)O)C[C@@H]1OC[C@H](C[C@@H]2O[C@H]2[C@@H](C)[C@H](C)O)[C@@H](O)[C@H]1O,500.629,2.593,146.05,4,8,16,0,35,1.0
CHEMBL720,BENZYL ALCOHOL,OCc1ccccc1,108.14,1.179,20.23,1,1,1,1,8,3.0
CHEMBL721,ACROLEIN,C=CC=O,56.064,0.371,17.07,0,1,1,0,4,3.0
CHEMBL722,PROPYNAL,C#CC=O,54.048,-0.182,17.07,0,1,0,0,4,3.0
CHEMBL723,CARVEDILOL,COc1ccccc1OCCNCC(O)COc1cccc2[nH]c3ccccc3c12,406.482,3.738,75.74,3,5,10,4,30,1.0
CHEMBL724,2-PIPERAZIN-1-YL-PYRIMIDINE,c1cnc(N2CCNCC2)nc1,164.212,-0.114,41.05,1,4,1,1,12,3.0
CHEMBL726,FLUPHENAZINE,OCCN1CCN(CCCN2c3ccccc3Sc3ccc(C(F)(F)F)cc32)CC1,437.531,4.308,29.95,1,5,6,2,30,2.0
CHEMBL727,THIOGUANINE,Nc1nc2[nH]cnc2c(=S)[nH]1,167.197,0.598,83.38,3,4,0,2,11,1.0
CHEMBL728,PROCHLORPERAZINE,CN1CCN(CCCN2c3ccccc3Sc3ccc(Cl)cc32)CC1,373.953,4.58,9.72,0,4,4,2,25,2.0
CHEMBL729,LOPINAVIR,Cc1cccc(C)c1OCC(=O)N[C@@H](Cc1ccccc1)[C@@H](O)C[C@H](Cc1ccccc1)NC(=O)[C@H](C(C)C)N1CCCNC1=O,628.814,4.328,120.0,4,5,15,3,46,0.0
CHEMBL730,NITROGLYCERIN,O=[N+]([O-])OCC(CO[N+](=O)[O-])O[N+](=O)[O-],227.085,-1.02,157.11,0,9,8,0,15,2.0
CHEMBL731,4-HYDROXYCYCLOPHOSPHAMIDE,O=P1(N(CCCl)CCCl)NC(O)CCO1,277.088,1.202,61.8,2,3,5,0,15,2.0
CHEMBL732,7-ACETYLAMINOETHYL-AMINO-FLUOROQUINONE,CCn1cc(C(=O)O)c(=O)c2cc(F)c(NCCNC(C)=O)cc21,335.335,1.407,100.43,3,5,6,2,24,1.0
CHEMBL733,ALDOIFOSFAMIDE,O=P1(NCCCl)OCCC(O)N1CCCl,277.088,1.202,61.8,2,3,5,0,15,2.0
CHEMBL734,ACETOHYDROXAMIC ACID,CC(=O)NO,75.067,-0.488,49.33,2,2,0,0,5,2.0
CHEMBL735,3-OXO-1-PIPERAZINYL-NORFLOXACIN,CCn1cc(C(=O)O)c(=O)c2cc(F)c(N3CCNC(=O)C3)cc21,333.319,0.795,91.64,2,5,3,2,24,1.0
CHEMBL736,7-DESETHYL-NORFLOXACIN,CCn1cc(C(=O)O)c(=O)c2cc(F)c(NCCN)cc21,293.298,1.229,97.35,3,5,5,2,21,1.0
CHEMBL737,7-AMINO-FLUOROQUINONE,CCn1cc(C(=O)O)c(=O)c2cc(F)c(N)cc21,250.229,1.441,85.32,2,4,2,2,18,1.0
CHEMBL738,THIOPENTAL SODIUM,CCCC(C)C1(CC)C(=O)[N-]C(=S)NC1=O.[Na+],264.326,-0.862,60.27,1,3,4,0,16,3.0
CHEMBL739,4-N-ACETYL-1-PIPERAZINYL-NORFLOXACIN,CCn1cc(C(=O)O)c(=O)c2cc(F)c(N3CCN(C(C)=O)CC3)cc21,361.373,1.527,82.85,1,5,3,2,26,1.0
CHEMBL740,4-N-FORMYL-1-PIPERAZINYL-NORFLOXACIN,CCn1cc(C(=O)O)c(=O)c2cc(F)c(N3CCN(C=O)CC3)cc21,347.346,1.137,82.85,1,5,4,2,25,2.0
CHEMBL741,LAMOTRIGINE,Nc1nnc(-c2cccc(Cl)c2Cl)c(N)n1,256.096,2.01,90.71,2,5,1,2,16,2.0
CHEMBL742,KETAMINE,CNC1(c2ccccc2Cl)CCCCC1=O,237.73,2.898,29.1,1,2,2,1,16,4.0
CHEMBL743,CARBOXYLIC ACID METABOLITE OF CELECOXIB,NS(=O)(=O)c1ccc(-n2nc(C(F)(F)F)cc2-c2ccc(C(=O)O)cc2)cc1,411.361,2.904,115.28,2,5,4,3,28,1.0
CHEMBL744,RILUZOLE,Nc1nc2ccc(OC(F)(F)F)cc2s1,234.202,2.777,48.14,1,4,1,2,15,4.0
CHEMBL745,PRIMARY ALCOHOL METABOLITE OF CELECOXIB,NS(=O)(=O)c1ccc(-n2nc(C(F)(F)F)cc2-c2ccc(CO)cc2)cc1,397.378,2.698,98.21,2,5,4,3,27,1.0
CHEMBL746,NEDOCROMIL,CCCc1c2oc(C(=O)O)cc(=O)c2cc2c(=O)cc(C(=O)O)n(CC)c12,371.345,2.477,126.81,2,6,5,3,27,1.0
CHEMBL747,CYCLOGUANIL,CC1(C)N=C(N)N=C(N)N1c1ccc(Cl)cc1,251.721,1.526,80.0,2,5,1,1,17,1.0
CHEMBL748,PRALIDOXIME CHLORIDE,C[n+]1ccccc1/C=N/O.[Cl-],172.615,-2.677,36.47,1,2,1,1,10,3.0
CHEMBL750,ZONISAMIDE,NS(=O)(=O)Cc1noc2ccccc12,212.23,0.616,86.19,1,4,2,2,14,2.0
CHEMBL752,ADENOSINE PHOSPHATE,Nc1ncnc2c1ncn2[C@@H]1O[C@H](COP(=O)(O)O)[C@@H](O)[C@H]1O,347.224,-1.863,186.07,5,10,4,2,23,1.0
CHEMBL753,PHENOXYBENZAMINE,CC(COc1ccccc1)N(CCCl)Cc1ccccc1,303.833,4.195,12.47,0,2,8,2,21,3.0
CHEMBL754,FOSCARNET SODIUM,O=C([O-])P(=O)([O-])[O-].[Na+].[Na+].[Na+],191.95,-11.745,103.32,0,5,1,0,7,2.0
CHEMBL757,NANDROLONE,C[C@]12CC[C@H]3[C@@H](CCC4=CC(=O)CC[C@@H]43)[C@@H]1CC[C@@H]2O,274.404,3.489,37.3,1,2,0,0,20,4.0
CHEMBL760,ANAGRELIDE,O=C1CN2Cc3c(ccc(Cl)c3Cl)N=C2N1,256.092,1.926,44.7,1,3,0,1,16,3.0
CHEMBL761,NAPHAZOLINE,c1ccc2c(CC3=NCCN3)cccc2c1,210.28,2.384,24.39,1,2,2,2,16,4.0
CHEMBL762,OXYMETAZOLINE,Cc1cc(C(C)(C)C)c(O)c(C)c1CC1=NCCN1,260.381,2.851,44.62,2,3,2,1,19,3.0
CHEMBL764,NORDEFRIN,CC(N)C(O)c1ccc(O)c(O)c1,183.207,0.478,86.71,4,4,2,1,13,1.0
CHEMBL765,GUANETHIDINE,N=C(N)NCCN1CCCCCCC1,198.314,0.736,65.14,3,2,3,0,14,2.0
CHEMBL766,CILASTATIN,CC1(C)C[C@@H]1C(=O)N/C(=C\CCCCSC[C@H](N)C(=O)O)C(=O)O,358.46,1.433,129.72,4,5,11,0,24,1.0
CHEMBL768,ESMOLOL,COC(=O)CCc1ccc(OCC(O)CNC(C)C)cc1,295.379,1.53,67.79,2,5,9,1,21,2.0
CHEMBL769,4-(2-HYDROXY-3-ISOPROPYL-AMINOPROPOXY)BENZOIC ACID,CC(C)NCC(O)COc1ccc(C(=O)O)cc1,253.298,1.122,78.79,3,4,7,1,18,1.0
CHEMBL770,TOLAZOLINE,c1ccc(CC2=NCCN2)cc1,160.22,1.231,24.39,1,2,2,1,12,3.0
CHEMBL771,CYCLOSERINE,N[C@@H]1CONC1=O,102.093,-1.625,64.35,2,3,0,0,7,2.0
CHEMBL772,RESERPINE,COC(=O)[C@H]1[C@H]2C[C@@H]3c4[nH]c5cc(OC)ccc5c4CCN3C[C@H]2C[C@@H](OC(=O)c2cc(OC)c(OC)c(OC)c2)[C@@H]1OC,608.688,4.171,117.78,1,10,8,3,44,1.0
CHEMBL773,GLYCINE,NCC(=O)O,75.067,-0.97,63.32,2,2,1,0,5,2.0
CHEMBL774,NORMETANEPHRINE,COc1cc(C(O)CN)ccc1O,183.207,0.393,75.71,3,4,3,1,13,1.0
CHEMBL775,METANEPHRINE,CNCC(O)c1ccc(O)c(OC)c1,197.234,0.654,61.72,3,4,4,1,14,2.0
CHEMBL776,METAPROTERENOL,CC(C)NCC(O)c1cc(O)cc(O)c1,211.261,1.129,72.72,4,4,4,1,15,1.0
CHEMBL777,CLAVULANIC ACID,O=C(O)[C@H]1/C(=C/CO)O[C@@H]2CC(=O)N21,199.162,-1.096,87.07,2,4,2,0,14,1.0
CHEMBL778,DEXMEDETOMIDINE,Cc1cccc([C@H](C)c2c[nH]cn2)c1C,200.285,3.178,28.68,1,1,2,2,15,4.0
CHEMBL779,TADALAFIL,CN1CC(=O)N2[C@H](c3ccc4c(c3)OCO4)c3[nH]c4ccccc4c3C[C@@H]2C1=O,389.411,2.211,74.87,1,4,1,3,29,2.0
CHEMBL780,PENTETIC ACID,O=C(O)CN(CCN(CC(=O)O)CC(=O)O)CCN(CC(=O)O)CC(=O)O,393.349,-2.685,196.22,5,8,16,0,27,0.0
CHEMBL781,MAZINDOL,OC1(c2ccc(Cl)cc2)c2ccccc2C2=NCCN21,284.746,2.609,35.83,1,3,1,2,20,4.0
CHEMBL782,TOLBUTAMIDE,CCCCNC(=O)NS(=O)(=O)c1ccc(C)cc1,270.354,1.783,75.27,2,3,5,1,18,1.0
CHEMBL783,NATEGLINIDE,CC(C)[C@H]1CC[C@H](C(=O)N[C@H](Cc2ccccc2)C(=O)O)CC1,317.429,3.261,66.4,2,2,6,1,23,3.0
CHEMBL784,IMIDAZOLE ACETIC ACID,O=C(O)Cc1c[nH]cn1,126.115,0.037,65.98,2,2,2,1,9,2.0
CHEMBL785,RITODRINE,C[C@H](NCCc1ccc(O)cc1)[C@H](O)c1ccc(O)cc1,287.359,2.352,72.72,4,4,6,2,21,2.0
CHEMBL786,TAMOXIFEN CITRATE,CC/C(=C(\c1ccccc1)c1ccc(OCCN(C)C)cc1)c1ccccc1.O=C(O)CC(O)(CC(=O)O)C(=O)O,563.647,4.748,144.6,4,6,13,3,28,0.0
CHEMBL787,MONTELUKAST,CC(C)(O)c1ccccc1CC[C@@H](SCC1(CC(=O)O)CC1)c1cccc(/C=C/c2ccc3ccc(Cl)cc3n2)c1,586.197,8.948,70.42,2,4,12,4,41,0.0
CHEMBL788,IDOXURIDINE,O=c1[nH]c(=O)n([C@H]2C[C@H](O)[C@@H](CO)O2)cc1I,354.1,-1.218,104.55,3,6,2,1,17,1.0
CHEMBL789,RATHYRONINE,NC(Cc1cc(I)c(Oc2ccc(O)c(I)c2)c(I)c1)C(=O)O,650.976,3.953,92.78,3,4,5,2,23,1.0
CHEMBL790,CHLORHEXIDINE,N=C(NCCCCCCNC(=N)NC(=N)Nc1ccc(Cl)cc1)NC(=N)Nc1ccc(Cl)cc1,505.458,4.175,167.58,10,4,9,2,34,0.0
CHEMBL792,URIC ACID,Oc1nc(O)c2nc(O)[nH]c2n1,168.112,-0.53,115.15,4,6,0,2,12,1.0
CHEMBL796,METHYLPHENIDATE,COC(=O)C(c1ccccc1)C1CCCCN1,233.311,2.085,38.33,1,3,3,1,17,4.0
CHEMBL797,PHENSUXIMIDE,CN1C(=O)CC(c2ccccc2)C1=O,189.214,1.159,37.38,0,2,1,1,14,3.0
CHEMBL799,CILOSTAZOL,O=C1CCc2cc(OCCCCc3nnnn3C3CCCCC3)ccc2N1,369.469,3.465,81.93,1,6,7,2,27,2.0
CHEMBL802,MINOXIDIL,Nc1cc(N2CCCCC2)nc(N)[n+]1[O-],209.253,-0.13,95.11,2,5,1,1,15,1.0
CHEMBL803,CYTARABINE,Nc1ccn([C@@H]2O[C@H](CO)[C@@H](O)[C@@H]2O)c(=O)n1,243.219,-2.563,130.83,4,8,2,1,17,1.0
CHEMBL804,P-CHLOROBENZENESULFONAMIDE,NS(=O)(=O)c1ccc(Cl)cc1,191.639,0.987,60.16,1,2,1,1,11,3.0
CHEMBL806,FLUTAMIDE,CC(C)C(=O)Nc1ccc([N+](=O)[O-])c(C(F)(F)F)c1,276.214,3.208,72.24,1,3,3,1,19,3.0
CHEMBL807,MEMANTINE,CC12CC3CC(C)(C1)CC(N)(C3)C2,179.307,2.694,26.02,1,1,0,0,13,4.0
CHEMBL808,ECONAZOLE,Clc1ccc(COC(Cn2ccnc2)c2ccc(Cl)cc2Cl)cc1,381.69,5.801,27.05,0,3,6,3,24,2.0
CHEMBL809,SERTRALINE,CN[C@H]1CC[C@@H](c2ccc(Cl)c(Cl)c2)c2ccccc21,306.236,5.18,12.03,1,1,2,2,20,3.0
CHEMBL810,TEMOZOLOMIDE,Cn1nnc2c(C(N)=O)ncn2c1=O,194.154,-2.078,108.17,1,7,1,2,14,2.0
CHEMBL811,BROMPHENIRAMINE,CN(C)CCC(c1ccc(Br)cc1)c1ccccn1,319.246,3.928,16.13,0,2,5,2,19,4.0
CHEMBL812,PYRIDOSTIGMINE BROMIDE,CN(C)C(=O)Oc1ccc[n+](C)c1.[Br-],261.119,-2.424,33.42,0,2,1,1,13,3.0
CHEMBL813,EPROSARTAN,CCCCc1ncc(/C=C(\Cc2cccs2)C(=O)O)n1Cc1ccc(C(=O)O)cc1,424.522,4.744,92.42,2,5,10,3,30,0.0
CHEMBL814,FLUVOXAMINE,COCCCC/C(=N\OCCN)c1ccc(C(F)(F)F)cc1,318.339,3.202,56.84,1,4,9,1,22,4.0
CHEMBL815,DINOPROST,CCCCC[C@H](O)/C=C/[C@@H]1[C@@H](C/C=C\CCCC(=O)O)[C@@H](O)C[C@H]1O,354.487,3.043,97.99,4,4,12,0,25,2.0
CHEMBL816,ETHYLENEDIAMINE,NCCN,60.1,-1.096,52.04,2,2,1,0,4,2.0
CHEMBL817,TOLAZAMIDE,Cc1ccc(S(=O)(=O)NC(=O)NN2CCCCCC2)cc1,311.407,1.774,78.51,2,4,3,1,21,1.0
CHEMBL818,IOBENGUANE,N=C(N)NCc1cccc(I)c1,275.093,1.274,61.9,3,1,2,1,12,2.0
CHEMBL819,OXACILLIN,Cc1onc(-c2ccccc2)c1C(=O)N[C@@H]1C(=O)N2[C@@H]1SC(C)(C)[C@@H]2C(=O)O,401.444,1.895,112.74,2,6,4,2,28,0.0
CHEMBL820,BUSULFAN,CS(=O)(=O)OCCCCOS(C)(=O)=O,246.306,-0.281,86.74,0,6,7,0,14,2.0
CHEMBL821,GUANIDINE,N=C(N)N,59.072,-1.161,75.89,3,1,0,0,4,1.0
CHEMBL822,TERBINAFINE,CN(C/C=C/C#CC(C)(C)C)Cc1cccc2ccccc12,291.438,4.877,3.24,0,1,4,2,22,3.0
CHEMBL823,CHLOROPROMAZINE SULFOXIDE,CN(C)CCCN1c2ccccc2[S+]([O-])c2ccc(Cl)cc21,334.872,3.91,29.54,0,3,4,2,22,4.0
CHEMBL824,NOR2-CHLORPROMAZINE,NCCCN1c2ccccc2Sc2ccc(Cl)cc21,290.819,4.292,29.26,1,3,3,2,19,3.0
CHEMBL825,NOR1-CHLORPROMAZINE,CNCCCN1c2ccccc2Sc2ccc(Cl)cc21,304.846,4.552,15.27,1,3,4,2,20,3.0
CHEMBL826,ENOXACIN,CCn1cc(C(=O)O)c(=O)c2cc(F)c(N3CCNCC3)nc21,320.324,0.663,87.46,2,6,3,2,23,1.0
CHEMBL827,DEXMETHYLPHENIDATE,COC(=O)[C@H](c1ccccc1)[C@H]1CCCCN1,233.311,2.085,38.33,1,3,3,1,17,4.0
CHEMBL828,PHENOTHIAZINE,c1ccc2c(c1)Nc1ccccc1S2,199.278,3.895,12.03,1,2,0,2,14,4.0
CHEMBL829,METHYLPROMAZINE,CC(CN(C)C)CN1c2ccccc2Sc2ccccc21,298.455,4.487,6.48,0,3,4,2,21,3.0
CHEMBL830,EFLORNITHINE,NCCCC(N)(C(=O)O)C(F)F,182.17,-0.227,89.34,3,3,5,0,12,1.0
CHEMBL831,LOXAPINE,CN1CCN(C2=Nc3ccccc3Oc3ccc(Cl)cc32)CC1,327.815,3.771,28.07,0,4,0,2,23,4.0
CHEMBL832,SULFINPYRAZONE,O=C1C(CC[S+]([O-])c2ccccc2)C(=O)N(c2ccccc2)N1c1ccccc1,404.491,3.796,63.68,0,3,6,3,29,3.0
CHEMBL833,TICLOPIDINE,Clc1ccccc1CN1CCc2sccc2C1,263.793,3.96,3.24,0,2,2,2,17,4.0
CHEMBL834,PAMIDRONIC ACID,NCCC(O)(P(=O)(O)O)P(=O)(O)O,235.069,-1.663,161.31,6,4,4,0,13,1.0
CHEMBL836,TAMSULOSIN,CCOc1ccccc1OCCN[C@H](C)Cc1ccc(OC)c(S(N)(=O)=O)c1,408.52,2.341,99.88,2,6,11,2,28,1.0
CHEMBL837,7-ETHYL-10-HYDROXYCAMPTOTHECIN,CCc1c2c(nc3ccc(O)cc13)-c1cc3c(c(=O)n1C2)COC(=O)[C@]3(O)CC,392.411,2.348,101.65,2,7,2,3,29,1.0
CHEMBL838,BENAZEPRIL,CCOC(=O)[C@H](CCc1ccccc1)N[C@H]1CCc2ccccc2N(CC(=O)O)C1=O,424.497,2.573,95.94,2,5,9,2,31,1.0
CHEMBL839,CARTEOLOL,CC(C)(C)NCC(O)COc1cccc2c1CCC(=O)N2,292.379,1.699,70.59,3,4,5,1,21,1.0
CHEMBL840,4-CHLOROPHENYLBIGUANIDE,N=C(N)NC(=N)Nc1ccc(Cl)cc1,211.656,1.17,97.78,5,2,1,1,14,1.0
CHEMBL841,LOPERAMIDE,CN(C)C(=O)C(CCN1CCC(O)(c2ccc(Cl)cc2)CC1)(c1ccccc1)c1ccccc1,477.048,5.088,43.78,1,3,7,3,34,2.0
CHEMBL842,CHLOROTHIAZIDE,NS(=O)(=O)c1cc2c(cc1Cl)N=CNS2(=O)=O,295.729,-0.061,118.69,2,5,1,1,17,1.0
CHEMBL843,ROSIGLITAZONE MALEATE,CN(CCOc1ccc(CC2SC(=O)NC2=O)cc1)c1ccccn1.O=C(O)/C=C\C(=O)O,473.507,2.203,146.13,3,8,9,2,25,1.0
CHEMBL844,BRIMONIDINE,Brc1c(NC2=NCCN2)ccc2nccnc12,292.14,1.763,62.2,2,5,1,2,17,2.0
CHEMBL845,N-DESMETHYLCLOZAPINE,Clc1ccc2c(c1)N=C(N1CCNCC1)c1ccccc1N2,312.804,3.381,39.66,2,4,0,2,22,3.0
CHEMBL846,CALCITRIOL,C=C1/C(=C\C=C2/CCC[C@]3(C)[C@@H]([C@H](C)CCCC(C)(C)O)CC[C@@H]23)C[C@@H](O)C[C@@H]1O,416.646,5.705,60.69,3,3,6,0,30,1.0
CHEMBL847,OXAMNIQUINE,CC(C)NCC1CCc2cc(CO)c([N+](=O)[O-])cc2N1,279.34,1.812,87.43,3,5,5,1,20,1.0
CHEMBL848,LENALIDOMIDE,Nc1cccc2c1CN(C1CCC(=O)NC1=O)C2=O,259.265,0.03,92.5,2,4,1,1,19,1.0
CHEMBL849,TRICLOSAN,Oc1cc(Cl)ccc1Oc1ccc(Cl)cc1Cl,289.545,5.145,29.46,1,2,2,2,17,3.0
CHEMBL850,SPARFLOXACIN,C[C@@H]1CN(c2c(F)c(N)c3c(=O)c(C(=O)O)cn(C4CC4)c3c2F)C[C@H](C)N1,392.406,2.082,100.59,3,6,3,2,28,1.0
CHEMBL851,PHENYL PROPIONIC ACID,O=C(O)CCc1ccccc1,150.177,1.704,37.3,1,1,3,1,11,3.0
CHEMBL852,MELPHALAN,N[C@@H](Cc1ccc(N(CCCl)CCCl)cc1)C(=O)O,305.205,1.925,66.56,2,3,8,1,19,2.0
CHEMBL853,ZALCITABINE,Nc1ccn([C@H]2CC[C@@H](CO)O2)c(=O)n1,211.221,-0.505,90.37,2,6,2,1,15,1.0
CHEMBL855,TRIPROLIDINE,Cc1ccc(/C(=C\CN2CCCC2)c2ccccn2)cc1,278.399,3.918,16.13,0,2,4,2,21,4.0
CHEMBL856,PRIMIDONE,CCC1(c2ccccc2)C(=O)NCNC1=O,218.256,0.538,58.2,2,2,2,1,16,2.0
CHEMBL857,BIOTIN,O=C(O)CCCC[C@@H]1SC[C@@H]2NC(=O)N[C@@H]21,244.316,0.797,78.43,3,3,5,0,16,1.0
CHEMBL858,EDETIC ACID,O=C(O)CN(CCN(CC(=O)O)CC(=O)O)CC(=O)O,292.244,-2.071,155.68,4,6,11,0,20,1.0
CHEMBL859,OXYPURINOL,Oc1nc(O)c2cn[nH]c2n1,152.113,-0.236,94.92,3,5,0,2,11,1.0
CHEMBL860,E-DOXEPIN,CN(C)CC/C=C1\c2ccccc2COc2ccccc21,279.383,3.962,12.47,0,2,3,2,21,4.0
CHEMBL861,MEPHENYTOIN,CCC1(c2ccccc2)NC(=O)N(C)C1=O,218.256,1.474,49.41,1,2,2,1,16,3.0
CHEMBL862,GUANFACINE,N=C(N)NC(=O)Cc1c(Cl)cccc1Cl,246.097,1.546,78.97,3,2,2,1,15,1.0
CHEMBL863,CYSTEINE,N[C@@H](CS)C(=O)O,121.161,-0.672,63.32,3,3,2,0,7,2.0
CHEMBL864,CARBINOXAMINE,CN(C)CCOC(c1ccc(Cl)cc1)c1ccccn1,290.794,3.403,25.36,0,3,6,2,20,4.0
CHEMBL865,VALDECOXIB,Cc1onc(-c2ccccc2)c1-c1ccc(S(N)(=O)=O)cc1,314.366,2.964,86.19,1,4,3,3,22,3.0
CHEMBL866,MYCOPHENOLIC ACID,COc1c(C)c2c(c(O)c1C/C=C(\C)CCC(=O)O)C(=O)OC2,320.341,2.733,93.06,2,5,6,1,23,2.0
CHEMBL867,IOPANOIC ACID,CCC(Cc1c(I)cc(I)c(N)c1I)C(=O)O,570.934,3.736,63.32,2,2,4,1,17,2.0
CHEMBL869,NITROFURAZONE,NC(=O)N/N=C/c1ccc([N+](=O)[O-])o1,198.138,0.19,123.76,2,5,3,1,14,1.0
CHEMBL870,ALENDRONIC ACID,NCCCC(O)(P(=O)(O)O)P(=O)(O)O,249.096,-1.273,161.31,6,4,5,0,14,1.0
CHEMBL871,ETIDRONIC ACID,CC(O)(P(=O)(O)O)P(=O)(O)O,206.027,-0.992,135.29,5,3,2,0,11,1.0
CHEMBL872,4-UREIDOETODOLAC,CCc1cccc2c3c([nH]c12)C(CC)(CC(=O)O)OCC3NC(N)=O,345.399,2.55,117.44,4,3,5,2,25,2.0
CHEMBL873,6-HYDROXYETODOLAC,CCc1cc(O)cc2c3c([nH]c12)C(CC)(CC(=O)O)OCC3,303.358,3.089,82.55,3,3,4,2,22,2.0
CHEMBL874,8-(1-HYDROXYETHYL)ETODOLAC,CCC1(CC(=O)O)OCCc2c1[nH]c1c(C(C)O)cccc21,303.358,2.874,82.55,3,3,4,2,22,2.0
CHEMBL875,7-HYDROXYETODOLAC,CCc1c(O)ccc2c3c([nH]c12)C(CC)(CC(=O)O)OCC3,303.358,3.089,82.55,3,3,4,2,22,2.0
CHEMBL876,MECLOFENAMATE SODIUM,Cc1ccc(Cl)c(Nc2ccccc2C(=O)[O-])c1Cl.[Na+],318.135,0.413,52.16,1,3,3,2,19,3.0
CHEMBL877,TRANEXAMIC ACID,NC[C@H]1CC[C@H](C(=O)O)CC1,157.213,0.836,63.32,2,2,2,0,11,2.0
CHEMBL878,METOLAZONE,Cc1ccccc1N1C(=O)c2cc(S(N)(=O)=O)c(Cl)cc2NC1C,365.842,2.714,92.5,2,4,2,2,24,1.0
CHEMBL879,6-DEOXY PENCICLOVIR,Nc1ncc2ncn(CCC(CO)CO)c2n1,237.263,-0.601,110.08,3,7,5,2,17,1.0
CHEMBL880,FAMCICLOVIR,CC(=O)OCC(CCn1cnc2cnc(N)nc21)COC(C)=O,321.337,0.541,122.22,1,9,7,2,23,2.0
CHEMBL881,MONOACETYL-6-DEOXY PENCICLOVIR,CC(=O)OCC(CO)CCn1cnc2cnc(N)nc21,279.3,-0.03,116.15,2,8,6,2,20,1.0
CHEMBL885,EMTRICITABINE,Nc1nc(=O)n([C@@H]2CS[C@H](CO)O2)cc1F,247.251,-0.455,90.37,2,7,2,1,16,1.0
CHEMBL886,5-FLUORODEOXYURIDYLATE,O=c1[nH]c(=O)n([C@H]2C[C@H](O)[C@@H](COP(=O)(O)O)O2)cc1F,326.173,-1.567,151.08,4,7,4,1,21,1.0
CHEMBL887,RASAGILINE,C#CCN[C@@H]1CCc2ccccc21,171.243,1.897,12.03,1,1,2,1,13,3.0
CHEMBL888,GEMCITABINE,Nc1ccn([C@@H]2O[C@H](CO)[C@@H](O)C2(F)F)c(=O)n1,263.2,-1.289,110.6,3,7,2,1,18,1.0
CHEMBL889,PALIFOSFAMIDE,O=P(O)(NCCCl)NCCCl,221.024,0.744,61.36,3,1,6,0,11,2.0
CHEMBL891,CLOXACILLIN,Cc1onc(-c2ccccc2Cl)c1C(=O)N[C@@H]1C(=O)N2[C@@H]1SC(C)(C)[C@@H]2C(=O)O,435.889,2.549,112.74,2,6,4,2,29,1.0
CHEMBL892,UFIPRAZOLE,COc1ccc2[nH]c(SCc3ncc(C)c(OC)c3C)nc2c1,329.425,3.884,60.03,1,5,5,3,23,4.0
CHEMBL893,DICLOXACILLIN,Cc1onc(-c2c(Cl)cccc2Cl)c1C(=O)N[C@@H]1C(=O)N2[C@@H]1SC(C)(C)[C@@H]2C(=O)O,470.334,3.202,112.74,2,6,4,2,30,1.0
CHEMBL894,BUPROPION,CC(NC(C)(C)C)C(=O)c1cccc(Cl)c1,239.746,3.299,29.1,1,2,3,1,16,4.0
CHEMBL895,NALBUPHINE,Oc1ccc2c3c1O[C@H]1[C@@H](O)CC[C@@]4(O)[C@@H](C2)N(CC2CCC2)CC[C@]314,357.45,1.707,73.16,3,5,2,1,26,1.0
CHEMBL896,HYDROXYZINE,OCCOCCN1CCN(C(c2ccccc2)c2ccc(Cl)cc2)CC1,374.912,3.056,35.94,1,4,8,2,26,3.0
CHEMBL897,PROBENECID,CCCN(CCC)S(=O)(=O)c1ccc(C(=O)O)cc1,285.365,2.196,74.68,1,3,7,1,19,3.0
CHEMBL898,DIFLUNISAL,O=C(O)c1cc(-c2ccc(F)cc2F)ccc1O,250.2,3.036,57.53,2,2,2,2,18,3.0
CHEMBL899,LANSOPRAZOLE SULFIDE,Cc1c(OCC(F)(F)F)ccnc1CSc1nc2ccccc2[nH]1,353.369,4.5,50.8,1,4,5,3,24,3.0
CHEMBL900,ORPHENADRINE,Cc1ccccc1C(OCCN(C)C)c1ccccc1,269.388,3.663,12.47,0,2,6,2,20,4.0
CHEMBL902,FAMOTIDINE,NC(N)=Nc1nc(CSCC/C(N)=N/S(N)(=O)=O)cs1,337.456,-0.768,175.83,4,6,7,1,20,1.0
CHEMBL903,HYDRAZINECARBOXAMIDE,NNC(N)=O,75.071,-1.472,81.14,3,2,0,0,5,1.0
CHEMBL904,DEXMETHYLPHENIDATE HYDROCHLORIDE,COC(=O)[C@H](c1ccccc1)[C@H]1CCCCN1.Cl,269.772,2.507,38.33,1,3,3,1,17,4.0
CHEMBL905,RIZATRIPTAN,CN(C)CCc1c[nH]c2ccc(Cn3cncn3)cc12,269.352,1.912,49.74,1,4,5,3,20,3.0
CHEMBL906,MINOXIDIL SULFATE,Nc1cc(N2CCCCC2)nc(N)[n+]1OS(=O)(=O)[O-],289.317,-1.587,138.48,2,8,3,1,19,1.0
CHEMBL907,CARBOXYLIC ACID METABOLITE,CCCCc1nc(Cl)c(C(=O)O)n1Cc1ccc(-c2ccccc2-c2nn[nH]n2)cc1,436.903,4.473,109.58,2,6,8,4,31,0.0
CHEMBL908,CHLORPROTHIXENE,CN(C)CC/C=C1/c2ccccc2Sc2ccc(Cl)cc21,315.869,5.188,3.24,0,2,3,2,21,3.0
CHEMBL909,7-HYDROXYCHLORPROMAZINE,CN(C)CCCN1c2ccc(O)cc2Sc2ccc(Cl)cc21,334.872,4.6,26.71,1,4,4,2,22,3.0
CHEMBL911,ZOLPIDEM,Cc1ccc(-c2nc3ccc(C)cn3c2CC(=O)N(C)C)cc1,307.397,3.249,37.61,0,3,3,3,23,4.0
CHEMBL912,FLUMAZENIL METHYLESTER,COC(=O)c1ncn2c1CN(C)C(=O)c1cc(F)ccc1-2,289.266,1.384,64.43,0,5,1,2,21,3.0
CHEMBL913,NORNITROGEN MUSTARD,ClCCNCCCl,142.029,1.054,12.03,1,1,4,0,7,3.0
CHEMBL914,FEXOFENADINE,CC(C)(C(=O)O)c1ccc(C(O)CCCN2CCC(C(O)(c3ccccc3)c3ccccc3)CC2)cc1,501.667,5.511,81.0,3,4,10,3,37,0.0
CHEMBL915,NEDOCROMIL SODIUM,CCCc1c2oc(C(=O)[O-])cc(=O)c2cc2c(=O)cc(C(=O)[O-])n(CC)c12.[Na+].[Na+],415.309,-6.185,132.47,0,8,5,3,27,1.0
CHEMBL916,TIROFIBAN,CCCCS(=O)(=O)N[C@@H](Cc1ccc(OCCCCC2CCNCC2)cc1)C(=O)O,440.606,2.951,104.73,3,5,14,1,30,1.0
CHEMBL917,FLOXURIDINE,O=c1[nH]c(=O)n([C@H]2C[C@H](O)[C@@H](CO)O2)cc1F,246.194,-1.684,104.55,3,6,2,1,17,1.0
CHEMBL918,PHENACEMIDE,NC(=O)NC(=O)Cc1ccccc1,178.191,0.424,72.19,2,2,2,1,13,1.0
CHEMBL919,FOSPHENYTOIN SODIUM,O=C1NC(c2ccccc2)(c2ccccc2)C(=O)N1COP(=O)([O-])[O-].[Na+].[Na+],406.242,-5.707,121.83,1,6,5,2,25,1.0
CHEMBL920,CHOLINE,C[N+](C)(C)CCO,104.173,-0.315,20.23,1,1,2,0,7,3.0
CHEMBL922,ADEFOVIR DIPIVOXIL,CC(C)(C)C(=O)OCOP(=O)(COCCn1cnc2c(N)ncnc21)OCOC(=O)C(C)(C)C,501.477,2.703,166.98,1,13,11,2,34,2.0
CHEMBL923,RISEDRONIC ACID,O=P(O)(O)C(O)(Cc1cccnc1)P(=O)(O)O,283.113,-0.374,148.18,5,4,4,1,17,1.0
CHEMBL924,ZOLEDRONIC ACID ANHYDROUS,O=P(O)(O)C(O)(Cn1ccnc1)P(=O)(O)O,272.09,-1.115,153.11,5,5,4,1,16,1.0
CHEMBL925,TYROSINE,N[C@@H](Cc1ccc(O)cc1)C(=O)O,181.191,0.347,83.55,3,3,3,1,13,1.0
CHEMBL926,DOBUTAMINE,CC(CCc1ccc(O)cc1)NCCc1ccc(O)c(O)c1,301.386,2.957,72.72,4,4,7,2,22,2.0
CHEMBL927,CEFDINIR,C=CC1=C(C(=O)O)N2C(=O)[C@@H](NC(=O)/C(=N\O)c3csc(N)n3)[C@H]2SC1,395.422,-0.172,158.21,4,9,5,1,26,0.0
CHEMBL928,DANTROLENE SODIUM,O=C1CN(/N=C/c2ccc(-c3ccc([N+](=O)[O-])cc3)o2)C(=O)[N-]1.[Na+],336.239,-0.471,120.12,0,6,4,2,23,2.0
CHEMBL929,DELAVIRDINE MESYLATE,CC(C)Nc1cccnc1N1CCN(C(=O)c2cc3cc(NS(C)(=O)=O)ccc3[nH]2)CC1.CS(=O)(=O)O,552.679,2.221,164.8,4,8,6,3,32,1.0
CHEMBL930,GLUTAMINE,NC(=O)CC[C@H](N)C(=O)O,146.146,-1.336,106.41,3,3,4,0,10,1.0
CHEMBL931,HALOTHANE,FC(F)(F)C(Cl)Br,197.381,2.508,0.0,0,0,0,0,7,4.0
CHEMBL932,DIPYRIDAMOLE,OCCN(CCO)c1nc(N2CCCCC2)c2nc(N(CCO)CCO)nc(N3CCCCC3)c2n1,504.636,-0.018,145.44,4,12,12,2,36,0.0
CHEMBL933,METYRAPOL,CC(C)(c1cccnc1)C(O)c1cccnc1,228.295,2.488,46.01,1,3,3,2,17,4.0
CHEMBL934,METYRAPONE,CC(C)(C(=O)c1cccnc1)c1cccnc1,226.279,2.637,42.85,0,3,3,2,17,4.0
CHEMBL935,PENTAMIDINE ISETHIONATE,N=C(N)c1ccc(OCCCCCOc2ccc(C(=N)N)cc2)cc1.O=S(=O)(O)CCO,466.56,1.749,192.8,6,7,12,2,25,0.0
CHEMBL936,DIPHENIDOL,OC(CCCN1CCCCC1)(c1ccccc1)c1ccccc1,309.453,4.189,23.47,1,2,6,2,23,3.0
CHEMBL937,DIETHYLCARBAMAZINE CITRATE,CCN(CC)C(=O)N1CCN(C)CC1.O=C(O)CC(O)(CC(=O)O)C(=O)O,391.421,-0.553,158.92,4,6,7,0,14,0.0
CHEMBL938,SARALASIN,CNCC(=O)N[C@@H](CCCNC(=N)N)C(=O)N[C@H](C(=O)N[C@@H](Cc1ccc(O)cc1)C(=O)N[C@H](C(=O)N[C@@H](Cc1cnc[nH]1)C(=O)N1CCC[C@H]1C(=O)N[C@@H](C)C(=O)O)C(C)C)C(C)C,912.063,-2.301,355.05,13,12,25,2,65,0.0
CHEMBL939,GEFITINIB,COc1cc2ncnc(Nc3ccc(F)c(Cl)c3)c2cc1OCCCN1CCOCC1,446.91,4.276,68.74,1,7,8,3,31,2.0
CHEMBL940,GABAPENTIN,NCC1(CC(=O)O)CCCCC1,171.24,1.37,63.32,2,2,3,0,12,2.0
CHEMBL941,IMATINIB,Cc1ccc(NC(=O)c2ccc(CN3CCN(C)CC3)cc2)cc1Nc1nccc(-c2cccnc2)n1,493.615,4.59,86.28,2,7,7,4,37,0.0
CHEMBL942,BISACODYL,CC(=O)Oc1ccc(C(c2ccc(OC(C)=O)cc2)c2ccccn2)cc1,361.397,4.112,65.49,0,5,5,3,27,2.0
CHEMBL944,CHLOROPROCAINE HYDROCHLORIDE,CCN(CC)CCOC(=O)c1ccc(N)cc1Cl.Cl,307.221,2.843,55.56,1,4,6,1,18,4.0
CHEMBL945,AMILORIDE,N=C(N)NC(=O)c1nc(Cl)c(N)nc1N,229.631,-1.082,156.79,5,6,1,1,15,1.0
CHEMBL946,AZATADINE,CN1CCC(=C2c3ccccc3CCc3cccnc32)CC1,290.41,3.708,16.13,0,2,0,2,22,4.0
CHEMBL947,CESAMET,CCCCCCC(C)(C)c1cc(O)c2c(c1)OC(C)(C)[C@@H]1CCC(=O)C[C@@H]21,372.549,6.264,46.53,1,3,6,1,27,2.0
CHEMBL948,2-NAPHTHYLACETIC ACID,O=C(O)Cc1ccc2ccccc2c1,186.21,2.467,37.3,1,1,2,2,14,4.0
CHEMBL950,BENZOYL FORMIC ACID,O=C(O)C(=O)c1ccccc1,150.133,0.954,54.37,1,2,2,1,11,3.0
CHEMBL951,IOPHENDYLATE,CCOC(=O)CCCCCCCCC(C)c1ccc(I)cc1,416.343,6.079,26.3,0,2,11,1,22,2.0
CHEMBL952,DIKETOPIPERAZINE DERIVATIVE OF QUINAPRIL,CCOC(=O)C(CCc1ccccc1)N1C(=O)C2Cc3ccccc3CN2C(=O)C1C,420.509,2.735,66.92,0,4,6,2,31,3.0
CHEMBL953,ENTACAPONE,CCN(CC)C(=O)/C(C#N)=C/c1cc(O)c(O)c([N+](=O)[O-])c1,305.29,1.781,127.7,2,6,5,1,22,1.0
CHEMBL954,ENCLOMIPHENE,CCN(CC)CCOc1ccc(/C(=C(/Cl)c2ccccc2)c2ccccc2)cc1,405.969,6.563,12.47,0,2,9,3,29,2.0
CHEMBL955,3'-METHOXY-4'HYDROXYCLOMIPHENE,CCN(CC)CCOc1ccc(/C(=C(/Cl)c2ccccc2)c2ccc(O)c(OC)c2)cc1,451.994,6.277,41.93,1,4,10,3,32,2.0
CHEMBL956,SUPROFEN,CC(C(=O)O)c1ccc(C(=O)c2cccs2)cc1,260.314,3.167,54.37,1,3,4,2,18,4.0
CHEMBL957,BOSENTAN,COc1ccccc1Oc1c(NS(=O)(=O)c2ccc(C(C)(C)C)cc2)nc(-c2ncccn2)nc1OCCO,551.625,4.204,145.65,2,10,10,4,39,0.0
CHEMBL958,3-HYDROXYRIMANTADINE,CC(N)C12CC3CC(CC(O)(C3)C1)C2,195.306,1.665,46.25,2,2,1,0,14,2.0
CHEMBL959,RIMANTADINE,CC(N)C12CC3CC(CC(C3)C1)C2,179.307,2.55,26.02,1,1,1,0,13,4.0
CHEMBL960,LEFLUNOMIDE,Cc1oncc1C(=O)Nc1ccc(C(F)(F)F)cc1,270.21,3.254,55.13,1,3,2,2,19,4.0
CHEMBL961,DITIOCARB,CCN(CC)C(=S)S,149.284,1.543,3.24,1,1,2,0,8,3.0
CHEMBL962,EPOPROSTENOL SODIUM,CCCCC[C@H](O)/C=C/[C@@H]1[C@H]2C/C(=C/CCCC(=O)[O-])O[C@H]2C[C@H]1O.[Na+],374.453,-0.922,89.82,2,5,10,0,25,0.0
CHEMBL963,OXYMORPHONE,CN1CC[C@]23c4c5ccc(O)c4O[C@H]2C(=O)CC[C@@]3(O)[C@H]1C5,301.342,0.745,70.0,2,5,0,1,22,1.0
CHEMBL964,DISULFIRAM,CCN(CC)C(=S)SSC(=S)N(CC)CC,296.552,3.621,6.48,0,4,4,0,16,4.0
CHEMBL965,CARBAMOYLCHOLINE,C[N+](C)(C)CCOC(N)=O,147.198,-0.212,52.32,1,2,3,0,10,3.0
CHEMBL966,DESMETHYL-OFLOXACIN,CC1COc2c(N3CCNCC3)c(F)cc3c(=O)c(C(=O)O)cn1c23,347.346,1.202,83.8,2,6,2,2,25,1.0
CHEMBL967,TEMAZEPAM,CN1C(=O)C(O)N=C(c2ccccc2)c2cc(Cl)ccc21,300.745,2.472,52.9,1,3,1,2,21,4.0
CHEMBL968,FLURAZEPAM,CCN(CC)CCN1C(=O)CN=C(c2ccccc2F)c2cc(Cl)ccc21,387.886,4.005,35.91,0,3,6,2,27,2.0
CHEMBL969,PRAZEPAM,O=C1CN=C(c2ccccc2)c2cc(Cl)ccc2N1CC1CC1,324.811,3.934,32.67,0,2,3,2,23,4.0
CHEMBL970,HALAZEPAM,O=C1CN=C(c2ccccc2)c2cc(Cl)ccc2N1CC(F)(F)F,352.743,4.086,32.67,0,2,2,2,24,3.0
CHEMBL971,PENTOBARBITAL SODIUM,CCCC(C)C1(CC)C(=O)N=C([O-])NC1=O.[Na+],248.258,-2.804,81.59,1,3,4,0,16,2.0
CHEMBL972,SELEGILINE,C#CCN(C)[C@H](C)Cc1ccccc1,187.286,2.183,3.24,0,1,4,1,14,4.0
CHEMBL973,TERIFLUNOMIDE,C/C(O)=C(\C#N)C(=O)Nc1ccc(C(F)(F)F)cc1,270.21,2.999,73.12,2,3,2,1,19,2.0
CHEMBL974,N-DESALKYL-2-OXOQUAZEPAM,O=C1CN=C(c2ccccc2F)c2cc(Cl)ccc2N1,288.709,3.269,41.46,1,2,1,2,20,4.0
CHEMBL975,MESNA,O=S(=O)([O-])CCS.[Na+],164.183,-3.535,57.2,1,4,2,0,7,3.0
CHEMBL976,PRAZIQUANTEL,O=C(C1CCCCC1)N1CC(=O)N2CCc3ccccc3C2C1,312.413,2.535,40.62,0,2,1,1,23,4.0
CHEMBL977,HYDROCORTISONE HEMISUCCINATE ANHYDROUS,C[C@]12CCC(=O)C=C1CC[C@@H]1[C@@H]2[C@@H](O)C[C@@]2(C)[C@H]1CC[C@]2(O)C(=O)COC(=O)CCC(=O)O,462.539,2.197,138.2,3,7,6,0,33,1.0
CHEMBL978,METHACHOLINE,CC(=O)OC(C)C[N+](C)(C)C,160.237,0.644,26.3,0,2,3,0,11,3.0
CHEMBL979,MEPROBAMATE,CCCC(C)(COC(N)=O)COC(N)=O,218.253,0.983,104.64,2,4,6,0,15,1.0
CHEMBL980,GUAIFENESIN,COc1ccccc1OCC(O)CO,198.218,0.427,58.92,2,4,5,1,14,2.0
CHEMBL981,FENOFIBRIC ACID,CC(C)(Oc1ccc(C(=O)c2ccc(Cl)cc2)cc1)C(=O)O,318.756,3.813,63.6,1,3,5,2,22,4.0
CHEMBL982,NALMEFENE,C=C1CC[C@@]2(O)[C@H]3Cc4ccc(O)c5c4[C@@]2(CCN3CC2CC2)[C@H]1O5,339.435,2.513,52.93,2,4,2,1,25,3.0
CHEMBL983,SUCCINYLCHOLINE CHLORIDE,C[N+](C)(C)CCOC(=O)CCC(=O)OCC[N+](C)(C)C.[Cl-].[Cl-],361.31,-5.727,52.6,0,4,9,0,20,2.0
CHEMBL984,MIVACURIUM CHLORIDE,COc1cc2c(cc1OC)[C@@H](Cc1cc(OC)c(OC)c(OC)c1)[N+](C)(CCCOC(=O)CC/C=C/CCC(=O)OCCC[N+]1(C)CCc3cc(OC)c(OC)cc3[C@H]1Cc1cc(OC)c(OC)c(OC)c1)CC2.[Cl-].[Cl-],1100.184,3.037,144.9,0,14,28,,,2.0
CHEMBL985,UREA,NC(N)=O,60.056,-0.976,69.11,2,1,0,0,4,2.0
CHEMBL986,RETINOL,CC1=C(/C=C/C(C)=C/C=C/C(C)=C/CO)C(C)(C)CCC1,286.459,5.51,20.23,1,1,5,0,21,3.0
CHEMBL989,FLUOCINOLONE ACETONIDE,CC1(C)O[C@@H]2C[C@H]3[C@@H]4C[C@H](F)C5=CC(=O)C=C[C@]5(C)[C@@]4(F)[C@@H](O)C[C@]3(C)[C@]2(C(=O)CO)O1,452.494,2.367,93.06,2,6,2,0,32,1.0
CHEMBL990,BUTENAFINE,CN(Cc1ccc(C(C)(C)C)cc1)Cc1cccc2ccccc12,317.476,5.769,3.24,0,1,4,3,24,3.0
CHEMBL991,STAVUDINE,Cc1cn([C@H]2C=C[C@@H](CO)O2)c(=O)[nH]c1=O,224.216,-0.709,84.32,2,5,2,1,16,1.0
CHEMBL992,N-DESMETHYLDOFETILIDE,CS(=O)(=O)Nc1ccc(CCNCCOc2ccc(NS(C)(=O)=O)cc2)cc1,427.548,1.641,113.6,3,6,11,2,28,0.0
CHEMBL993,THYMINE,Cc1c[nH]c(=O)[nH]c1=O,126.115,-0.628,65.72,2,2,0,1,9,2.0
CHEMBL995,LOSARTAN POTASSIUM,CCCCc1nc(Cl)c(CO)n1Cc1ccc(-c2ccccc2-c2nnn[n-]2)cc1.[K+],461.01,0.9,90.82,1,6,8,4,30,1.0
CHEMBL996,CEFOXITIN,CO[C@@]1(NC(=O)Cc2cccs2)C(=O)N2C(C(=O)O)=C(COC(N)=O)CS[C@@H]21,427.46,0.099,148.26,3,8,7,1,28,0.0
CHEMBL997,IBANDRONIC ACID,CCCCCN(C)CCC(O)(P(=O)(O)O)P(=O)(O)O,319.231,0.5,138.53,5,4,9,0,19,1.0
CHEMBL998,LORATADINE,CCOC(=O)N1CCC(=C2c3ccc(Cl)cc3CCc3cccnc32)CC1,382.891,4.888,42.43,0,3,1,2,27,2.0
CHEMBL1000,CETIRIZINE,O=C(O)COCCN1CCN(C(c2ccccc2)c2ccc(Cl)cc2)CC1,388.895,3.148,53.01,1,4,8,2,27,3.0
CHEMBL1002,LEVOSALBUTAMOL,CC(C)(C)NC[C@H](O)c1ccc(O)c(CO)c1,239.315,1.306,72.72,4,4,4,1,17,1.0
CHEMBL1003,CLAVULANATE POTASSIUM,O=C([O-])[C@H]1/C(=C/CO)O[C@@H]2CC(=O)N21.[K+],237.252,-5.426,89.9,1,5,2,0,14,2.0
CHEMBL1004,DOXYLAMINE,CN(C)CCOC(C)(c1ccccc1)c1ccccn1,270.376,2.923,25.36,0,3,6,2,20,4.0
CHEMBL1005,REMIFENTANIL,CCC(=O)N(c1ccccc1)C1(C(=O)OC)CCN(CCC(=O)OC)CC1,376.453,2.0,76.15,0,6,7,1,27,2.0
CHEMBL1006,AMIFOSTINE,NCCCNCCSP(=O)(O)O,214.227,-0.249,95.58,4,4,7,0,12,1.0
CHEMBL1007,GONADORELIN,CC(C)C[C@H](NC(=O)CNC(=O)[C@H](Cc1ccc(O)cc1)NC(=O)[C@H](CO)NC(=O)[C@H](Cc1c[nH]c2ccccc12)NC(=O)[C@H](Cc1cnc[nH]1)NC(=O)[C@@H]1CCC(=O)N1)C(=O)N[C@@H](CCCNC(=N)N)C(=O)N1CCC[C@H]1C(=O)NCC(N)=O,1182.311,-4.178,472.13,17,15,31,,,0.0
CHEMBL1008,BEPRIDIL,CC(C)COCC(CN(Cc1ccccc1)c1ccccc1)N1CCCC1,366.549,4.83,15.71,0,3,10,2,27,2.0
CHEMBL1009,LEVODOPA,N[C@@H](Cc1ccc(O)c(O)c1)C(=O)O,197.19,0.052,103.78,4,4,3,1,14,1.0
CHEMBL1010,CEFOTAXIME SODIUM,CO/N=C(\C(=O)N[C@@H]1C(=O)N2C(C(=O)[O-])=C(COC(C)=O)CS[C@H]12)c1csc(N)n1.[Na+],477.456,-4.953,176.34,2,12,7,1,30,0.0
CHEMBL1011,METHYLPIPERAZINE,CN1CCNCC1,100.165,-0.479,15.27,1,2,0,0,7,3.0
CHEMBL1012,2-PHTHALIMIDOGLUTARAMIC ACID,NC(=O)CCC(C(=O)O)N1C(=O)c2ccccc2C1=O,276.248,0.001,117.77,2,4,5,1,20,1.0
CHEMBL1013,LORACARBEF ANHYDROUS,N[C@@H](C(=O)N[C@@H]1C(=O)N2C(C(=O)O)=C(Cl)CC[C@H]12)c1ccccc1,349.774,0.711,112.73,3,4,4,1,24,1.0
CHEMBL1014,CANDESARTAN CILEXETIL,CCOc1nc2cccc(C(=O)OC(C)OC(=O)OC3CCCCC3)c2n1Cc1ccc(-c2ccccc2-c2nn[nH]n2)cc1,610.671,6.319,143.34,1,11,10,5,45,1.0
CHEMBL1015,EVANS BLUE FREE ACID,Cc1cc(-c2ccc(/N=N/c3ccc4c(S(=O)(=O)O)cc(S(=O)(=O)O)c(N)c4c3O)c(C)c2)ccc1/N=N/c1ccc2c(S(=O)(=O)O)cc(S(=O)(=O)O)c(N)c2c1O,872.894,6.67,359.42,8,16,9,6,58,0.0
CHEMBL1016,CANDESARTAN,CCOc1nc2cccc(C(=O)O)c2n1Cc1ccc(-c2ccccc2-c2nnn[nH]2)cc1,440.463,4.029,118.81,2,7,7,5,33,0.0
CHEMBL1017,TELMISARTAN,CCCc1nc2c(C)cc(-c3nc4ccccc4n3C)cc2n1Cc1ccc(-c2ccccc2C(=O)O)cc1,514.629,7.264,72.94,1,5,7,6,39,1.0
CHEMBL1018,DIENESTROL,C/C=C(C(=C/C)/c1ccc(O)cc1)\c1ccc(O)cc1,266.34,4.605,40.46,2,2,3,2,20,2.0
CHEMBL1020,TOLMETIN,Cc1ccc(C(=O)c2ccc(CC(=O)O)n2C)cc1,257.289,2.192,59.3,1,3,4,2,19,4.0
CHEMBL1021,NEPAFENAC,NC(=O)Cc1cccc(C(=O)c2ccccc2)c1N,254.289,1.528,86.18,2,3,4,2,19,1.0
CHEMBL1023,BEXAROTENE,C=C(c1ccc(C(=O)O)cc1)c1cc2c(cc1C)C(C)(C)CCC2(C)C,348.486,6.104,37.3,1,1,3,2,26,3.0
CHEMBL1024,IFOSFAMIDE,O=P1(NCCCl)OCCCN1CCCl,261.089,1.884,41.57,1,2,5,0,14,3.0
CHEMBL1025,ISOFLUROPHATE,CC(C)OP(=O)(F)OC(C)C,184.147,2.914,35.53,0,3,4,0,11,4.0
CHEMBL1026,FENOLDOPAM MESYLATE,CS(=O)(=O)O.Oc1ccc(C2CNCCc3c2cc(O)c(O)c3Cl)cc1,401.868,2.238,127.09,5,6,1,2,21,1.0
CHEMBL1027,TIAGABINE,Cc1ccsc1C(=CCCN1CCC[C@@H](C(=O)O)C1)c1sccc1C,375.559,5.045,40.54,1,4,6,2,25,2.0
CHEMBL1029,MIGLUSTAT,CCCCN1C[C@H](O)[C@@H](O)[C@H](O)[C@H]1CO,219.281,-1.454,84.16,4,5,4,0,15,1.0
CHEMBL1030,4'-HYDROXY-DICLOFENAC,O=C(O)Cc1ccccc1Nc1c(Cl)cc(O)cc1Cl,312.152,4.07,69.56,3,3,4,2,20,2.0
CHEMBL1031,5-HYDROXY-DICLOFENAC,O=C(O)Cc1cc(O)ccc1Nc1c(Cl)cccc1Cl,312.152,4.07,69.56,3,3,4,2,20,2.0
CHEMBL1032,"4',5-DIHYDROXY-DICLOFENAC",O=C(O)Cc1cc(O)ccc1Nc1c(Cl)cc(O)cc1Cl,328.151,3.775,89.79,4,4,4,2,21,2.0
CHEMBL1033,3'-HYDROXY-4'-METHOXY-DICLOFENAC,COc1cc(Cl)c(Nc2ccccc2CC(=O)O)c(Cl)c1O,342.178,4.078,78.79,3,4,5,2,22,1.0
CHEMBL1034,DICLOFENAC SODIUM,O=C([O-])Cc1ccccc1Nc1c(Cl)cccc1Cl.[Na+],318.135,0.033,52.16,1,3,4,2,19,3.0
CHEMBL1035,3'-HYDROXY-DICLOFENAC,O=C(O)Cc1ccccc1Nc1c(Cl)ccc(O)c1Cl,312.152,4.07,69.56,3,3,4,2,20,2.0
CHEMBL1036,HYDROXYHALOPERIDOL,OC(CCCN1CCC(O)(c2ccc(Cl)cc2)CC1)c1ccc(F)cc1,377.887,4.276,43.7,2,3,6,2,26,1.0
CHEMBL1037,GUANADREL,N=C(N)NCC1COC2(CCCCC2)O1,213.281,0.545,80.36,3,3,2,0,15,1.0
CHEMBL1039,NORKETAMINE,NC1(c2ccccc2Cl)CCCCC1=O,223.703,2.637,43.09,1,2,1,1,15,4.0
CHEMBL1040,CALCIFEDIOL ANHYDROUS,C=C1CC[C@H](O)C/C1=C/C=C1\CCC[C@]2(C)[C@@H]([C@H](C)CCCC(C)(C)O)CC[C@@H]12,400.647,6.734,40.46,2,2,6,0,29,1.0
CHEMBL1041,PHENYLETHYLMALONAMIDE -,CCC(C(N)=O)(C(=O)O)c1ccccc1,207.229,0.904,80.39,2,2,4,1,15,1.0
CHEMBL1042,CHOLECALCIFEROL,C=C1CC[C@H](O)C/C1=C/C=C1\CCC[C@]2(C)[C@@H]([C@H](C)CCCC(C)C)CC[C@@H]12,384.648,7.619,20.23,1,1,6,0,28,2.0
CHEMBL1043,DAPSONE,Nc1ccc(S(=O)(=O)c2ccc(N)cc2)cc1,248.307,1.684,86.18,2,4,2,2,17,1.0
CHEMBL1044,PHENYLACETIC ACID,O=C(O)Cc1ccccc1,136.15,1.314,37.3,1,1,2,1,10,3.0
CHEMBL1045,PHTHALIC ACID,O=C(O)c1ccccc1C(=O)O,166.132,1.083,74.6,2,2,2,1,12,1.0
CHEMBL1046,AMINOCAPROIC ACID,NCCCCCC(=O)O,131.175,0.59,63.32,2,2,5,0,9,2.0
CHEMBL1047,TOCOPHEROL ACETATE,CC(=O)Oc1c(C)c(C)c2c(c1C)CC[C@@](C)(CCC[C@H](C)CCC[C@H](C)CCCC(C)C)O2,472.754,9.06,35.53,0,3,13,1,34,2.0
CHEMBL1048,N-DEALKYLATED DERIVATIVE,COc1cc(C(=O)NS(=O)(=O)c2ccccc2C)ccc1Cc1c[nH]c2ccc(NC(=O)OC3CCCC3)cc12,561.66,5.686,126.59,3,6,8,4,40,0.0
CHEMBL1049,DECARBOXYLATED DERIVATIVE,NCC1CCCCC1,113.204,1.525,26.02,1,1,1,0,8,3.0
CHEMBL1050,LATONOPROST ACID,O=C(O)CCC/C=C\C[C@@H]1[C@@H](CC[C@@H](O)CCc2ccccc2)[C@H](O)C[C@@H]1O,390.52,3.319,97.99,4,4,12,1,28,1.0
CHEMBL1051,LATANOPROST,CC(C)OC(=O)CCC/C=C\C[C@@H]1[C@@H](CC[C@@H](O)CCc2ccccc2)[C@H](O)C[C@@H]1O,432.601,4.186,86.99,3,5,13,1,31,0.0
CHEMBL1052,NORMEPERIDINE,CCOC(=O)C1(c2ccccc2)CCNCC1,233.311,1.871,38.33,1,3,3,1,17,3.0
CHEMBL1054,TRICHLORMETHIAZIDE,NS(=O)(=O)c1cc2c(cc1Cl)NC(C(Cl)Cl)NS2(=O)=O,380.662,0.821,118.36,3,5,2,1,20,0.0
CHEMBL1055,CHLORTHALIDONE,NS(=O)(=O)c1cc(C2(O)NC(=O)c3ccccc32)ccc1Cl,338.772,0.924,109.49,3,4,2,2,22,1.0
CHEMBL1056,4-OH-ENCLOMIPHENE,CCN(CC)CCOc1ccc(/C(=C(/Cl)c2ccccc2)c2ccc(O)cc2)cc1,421.968,6.268,32.7,1,3,9,3,30,2.0
CHEMBL1058,DESCHLOROBENZOYL INDOMETHACIN,COc1ccc2[nH]c(C)c(CC(=O)O)c2c1,219.24,2.112,62.32,2,2,3,2,16,3.0
CHEMBL1059,PREGABALIN,CC(C)C[C@H](CN)CC(=O)O,159.229,1.082,63.32,2,2,5,0,11,2.0
CHEMBL1060,SODIUM PHOSPHATE,O=P([O-])([O-])O.[Na+].[Na+],141.958,-8.185,83.42,1,3,0,,,2.0
CHEMBL1061,GLITAZONE,O=C1NC(=O)C(Cc2ccc(O)cc2)S1,223.253,1.286,66.4,2,4,2,1,15,2.0
CHEMBL1062,HYDROXYPROGESTERONE,CC(=O)[C@@]1(O)CC[C@H]2[C@@H]3CCC4=CC(=O)CC[C@]4(C)[C@H]3CC[C@@]21C,330.468,3.838,54.37,1,3,1,0,24,4.0
CHEMBL1063,DEACETYLCOLCHICINE,COc1cc2c(c(OC)c1OC)-c1ccc(OC)c(=O)cc1[C@@H](N)CC2,357.406,2.694,80.01,1,6,4,2,26,3.0
CHEMBL1064,SIMVASTATIN,CCC(C)(C)C(=O)O[C@H]1C[C@@H](C)C=C2C=C[C@H](C)[C@H](CC[C@@H]3C[C@@H](O)CC(=O)O3)[C@H]21,418.574,4.586,72.83,1,5,6,0,30,1.0
CHEMBL1065,METHYSERGIDE,CC[C@@H](CO)NC(=O)[C@@H]1C=C2c3cccc4c3c(cn4C)C[C@H]2N(C)C1,353.466,1.935,57.5,2,4,4,2,26,2.0
CHEMBL1066,"(R,R)-TRAMADOL",COc1cccc([C@@]2(O)CCCC[C@@H]2CN(C)C)c1,263.381,2.635,32.7,1,3,4,1,19,4.0
CHEMBL1067,LICARBAZEPINE,NC(=O)N1c2ccccc2CC(O)c2ccccc21,254.289,2.493,66.56,2,2,0,2,19,3.0
CHEMBL1068,OXCARBAZEPINE,NC(=O)N1c2ccccc2CC(=O)c2ccccc21,252.273,2.642,63.4,1,2,0,2,19,4.0
CHEMBL1069,VALSARTAN,CCCCC(=O)N(Cc1ccc(-c2ccccc2-c2nnn[nH]2)cc1)[C@H](C(=O)O)C(C)C,435.528,4.162,112.07,2,5,10,3,32,0.0
CHEMBL1070,NABUMETONE,COc1ccc2cc(CCC(C)=O)ccc2c1,228.291,3.37,26.3,0,2,4,2,17,4.0
CHEMBL1071,OXAPROZIN,O=C(O)CCc1nc(-c2ccccc2)c(-c2ccccc2)o1,293.322,4.026,63.33,1,3,5,3,22,3.0
CHEMBL1072,BUMETANIDE,CCCCNc1cc(C(=O)O)cc(S(N)(=O)=O)c1Oc1ccccc1,364.423,3.037,118.72,3,5,8,2,25,1.0
CHEMBL1073,GLIPIZIDE,Cc1cnc(C(=O)NCCc2ccc(S(=O)(=O)NC(=O)NC3CCCCC3)cc2)cn1,445.545,2.078,130.15,3,6,7,2,31,1.0
CHEMBL1075,MORICIZINE,CCOC(=O)Nc1ccc2c(c1)N(C(=O)CCN1CCOCC1)c1ccccc1S2,427.526,4.107,71.11,1,6,5,2,30,1.0
CHEMBL1076,DESGLYMIDODRINE,COc1ccc(OC)c(C(O)CN)c1,197.234,0.696,64.71,2,4,4,1,14,2.0
CHEMBL1077,BROMFENAC,Nc1c(CC(=O)O)cccc1C(=O)c1ccc(Br)cc1,334.169,2.889,80.39,2,3,4,2,20,2.0
CHEMBL1078,FLUVASTATIN,CC(C)n1c(/C=C/[C@@H](O)C[C@@H](O)CC(=O)O)c(-c2ccc(F)cc2)c2ccccc21,411.473,4.628,82.69,3,4,8,3,30,0.0
CHEMBL1079,TIZANIDINE,Clc1ccc2nsnc2c1NC1=NCCN1,253.718,1.716,62.2,2,6,1,2,16,2.0
CHEMBL1080,2-DESMETHYLCOLCHICIN,COc1cc2c(c(OC)c1O)-c1ccc(OC)c(=O)cc1[C@@H](NC(C)=O)CC2,385.416,2.569,94.09,2,6,4,2,28,1.0
CHEMBL1081,3-DESMETHYLCOLCHICIN,COc1c(O)cc2c(c1OC)-c1ccc(OC)c(=O)cc1[C@@H](NC(C)=O)CC2,385.416,2.569,94.09,2,6,4,2,28,1.0
CHEMBL1082,AMOXICILLIN,CC1(C)S[C@@H]2[C@H](NC(=O)[C@H](N)c3ccc(O)cc3)C(=O)N2[C@H]1C(=O)O,365.411,0.024,132.96,4,6,4,1,25,0.0
CHEMBL1084,5-HYDROXY ROFECOXIB,CS(=O)(=O)c1ccc(C2=C(c3ccccc3)C(=O)OC2O)cc1,330.361,1.876,80.67,1,5,3,2,23,2.0
CHEMBL1085,ACETOPHENAZINE,CC(=O)c1ccc2c(c1)N(CCCN1CCN(CCO)CC1)c1ccccc1S2,411.571,3.492,47.02,1,6,7,2,29,3.0
CHEMBL1086,DIBUCAINE,CCCCOc1cc(C(=O)NCCN(CC)CC)c2ccccc2n1,343.471,3.485,54.46,1,4,10,2,25,4.0
CHEMBL1087,MEPIVACAINE,Cc1cccc(C)c1NC(=O)C1CCCCN1C,246.354,2.726,32.34,1,2,2,1,18,4.0
CHEMBL1088,MESORIDAZINE,CN1CCCCC1CCN1c2ccccc2Sc2ccc([S+](C)[O-])cc21,386.586,4.901,29.54,0,4,4,2,26,2.0
CHEMBL1089,PHENELZINE,NNCCc1ccccc1,136.198,0.692,38.05,2,2,3,1,10,2.0
CHEMBL1090,VIDARABINE,Nc1ncnc2c1ncn2[C@@H]1O[C@H](CO)[C@@H](O)[C@@H]1O,267.245,-1.98,139.54,4,9,2,2,19,1.0
CHEMBL1091,HYDROCORTISONE ACETATE,CC(=O)OCC(=O)[C@@]1(O)CC[C@H]2[C@@H]3CCC4=CC(=O)CC[C@]4(C)[C@H]3[C@@H](O)C[C@@]21C,404.503,2.352,100.9,2,6,3,0,29,1.0
CHEMBL1092,TRIHEXYPHENIDYL HYDROCHLORIDE,Cl.OC(CCN1CCCCC1)(c1ccccc1)C1CCCCC1,337.935,4.752,23.47,1,2,5,1,22,3.0
CHEMBL1093,ARTICAINE,CCCNC(C)C(=O)Nc1c(C)csc1C(=O)OC,284.381,2.17,67.43,2,5,6,1,19,3.0
CHEMBL1094,FELBAMATE,NC(=O)OCC(COC(N)=O)c1ccccc1,238.243,0.961,104.64,2,4,5,1,17,1.0
CHEMBL1095,ETHOTOIN,CCN1C(=O)NC(c2ccccc2)C1=O,204.229,1.299,49.41,1,2,2,1,15,3.0
CHEMBL1096,AMLEXANOX,CC(C)c1ccc2oc3nc(N)c(C(=O)O)cc3c(=O)c2c1,298.298,2.745,106.42,2,5,2,3,22,2.0
CHEMBL1097,ACECAINIDE,CCN(CC)CCNC(=O)c1ccc(NC(C)=O)cc1,277.368,1.717,61.44,2,3,7,1,20,2.0
CHEMBL1098,BUPIVACAINE,CCCCN1CCCCC1C(=O)Nc1c(C)cccc1C,288.435,3.897,32.34,1,2,5,1,21,4.0
CHEMBL1099,DIMETHADIONE,CC1(C)OC(=O)NC1=O,129.115,0.031,55.4,1,3,0,0,9,3.0
CHEMBL1100,PARAMETHADIONE,CCC1(C)OC(=O)N(C)C1=O,157.169,0.764,46.61,0,3,1,0,11,3.0
CHEMBL1101,BIPERIDEN,OC(CCN1CCCCC1)(c1ccccc1)C1CC2C=CC1C2,311.469,3.962,23.47,1,2,5,1,23,4.0
CHEMBL1102,GLUTETHIMIDE,CCC1(c2ccccc2)CCC(=O)NC1=O,217.268,1.771,46.17,1,2,2,1,16,3.0
CHEMBL1103,FURAZOLIDONE,O=C1OCCN1/N=C/c1ccc([N+](=O)[O-])o1,225.16,0.974,98.18,0,6,3,1,16,2.0
CHEMBL1104,EDROPHONIUM,CC[N+](C)(C)c1cccc(O)c1,166.244,1.979,20.23,1,1,2,1,12,3.0
CHEMBL1105,6-METHOXY-2-NAPHTHYLACETIC ACID,COc1ccc2cc(CC(=O)O)ccc2c1,216.236,2.476,46.53,1,2,3,2,16,4.0
CHEMBL1106,EPINASTINE,NC1=NCC2c3ccccc3Cc3ccccc3N12,249.317,2.467,41.62,1,3,0,2,19,4.0
CHEMBL1107,HALOFANTRINE,CCCCN(CCCC)CCC(O)c1cc2c(Cl)cc(Cl)cc2c2cc(C(F)(F)F)ccc12,500.432,8.644,23.47,1,2,10,3,33,2.0
CHEMBL1108,DROPERIDOL,O=C(CCCN1CC=C(n2c(=O)[nH]c3ccccc32)CC1)c1ccc(F)cc1,379.435,3.678,58.1,1,4,6,3,28,3.0
CHEMBL1109,SULFAPHENAZOLE,Nc1ccc(S(=O)(=O)Nc2ccnn2-c2ccccc2)cc1,314.37,2.255,90.01,2,5,4,3,22,2.0
CHEMBL1110,ALOSETRON,Cc1[nH]cnc1CN1CCc2c(c3ccccc3n2C)C1=O,294.358,2.408,53.92,1,3,2,3,22,4.0
CHEMBL1111,AMBRISENTAN,COC(c1ccccc1)(c1ccccc1)[C@H](Oc1nc(C)cc(C)n1)C(=O)O,378.428,3.516,81.54,1,5,7,3,28,2.0
CHEMBL1112,ARIPIPRAZOLE,O=C1CCc2ccc(OCCCCN3CCN(c4cccc(Cl)c4Cl)CC3)cc2N1,448.394,4.859,44.81,1,4,7,2,30,2.0
CHEMBL1113,AMOXAPINE,Clc1ccc2c(c1)C(N1CCNCC1)=Nc1ccccc1O2,313.788,3.429,36.86,1,4,0,2,22,4.0
CHEMBL1114,THEOBROMINE,Cn1cnc2c1c(=O)[nH]c(=O)n2C,180.167,-1.04,72.68,1,5,0,2,13,2.0
CHEMBL1115,PYRIDOSTIGMINE,CN(C)C(=O)Oc1ccc[n+](C)c1,181.215,0.571,33.42,0,2,1,1,13,3.0
CHEMBL1116,RALOXIFENE HYDROCHLORIDE,Cl.O=C(c1ccc(OCCN2CCCCC2)cc1)c1c(-c2ccc(O)cc2)sc2cc(O)ccc12,510.055,6.497,70.0,2,6,7,4,34,0.0
CHEMBL1117,IDARUBICIN,CC(=O)[C@]1(O)Cc2c(O)c3c(c(O)c2[C@@H](O[C@H]2C[C@H](N)[C@H](O)[C@H](C)O2)C1)C(=O)c1ccccc1C3=O,497.5,1.02,176.61,5,10,3,2,36,0.0
CHEMBL1118,DESVENLAFAXINE,CN(C)CC(c1ccc(O)cc1)C1(O)CCCCC1,263.381,2.733,43.7,2,3,4,1,19,3.0
CHEMBL1119,N-DESMETHYLVENLAFAXINE,CNCC(c1ccc(OC)cc1)C1(O)CCCCC1,263.381,2.693,41.49,2,3,5,1,19,3.0
CHEMBL1121,SINCALIDE,CSCC[C@H](NC(=O)[C@H](Cc1ccc(OS(=O)(=O)O)cc1)NC(=O)[C@@H](N)CC(=O)O)C(=O)NCC(=O)N[C@@H](Cc1c[nH]c2ccccc12)C(=O)N[C@@H](CCSC)C(=O)N[C@@H](CC(=O)O)C(=O)N[C@@H](Cc1ccccc1)C(N)=O,1143.29,-1.329,426.8,13,16,33,,,0.0
CHEMBL1123,DICYCLOMINE,CCN(CC)CCOC(=O)C1(C2CCCCC2)CCCCC1,309.494,4.402,29.54,0,3,7,0,22,3.0
CHEMBL1124,DEALKYLATED DIETHYLPROPION,CC(N)C(=O)c1ccccc1,149.193,1.217,43.09,1,2,2,1,11,3.0
CHEMBL1125,DESMETHYLOLANZAPINE,Cc1cc2c(s1)Nc1ccccc1N=C2N1CCNCC1,298.415,3.097,39.66,2,5,0,2,21,3.0
CHEMBL1126,PENICILLIN G SODIUM,CC1(C)S[C@@H]2[C@H](NC(=O)Cc3ccccc3)C(=O)N2[C@H]1C(=O)[O-].[Na+],356.379,-3.47,89.54,1,5,4,1,23,2.0
CHEMBL1127,7-HYDROXYTACRINE,Nc1c2c(nc3ccccc13)CC(O)CC2,214.268,1.667,59.14,2,3,0,2,16,2.0
CHEMBL1128,EDROPHONIUM CHLORIDE,CC[N+](C)(C)c1cccc(O)c1.[Cl-],201.697,-1.017,20.23,1,1,2,1,12,3.0
CHEMBL1129,TRIFLURIDINE,O=c1[nH]c(=O)n([C@H]2C[C@H](O)[C@@H](CO)O2)cc1C(F)(F)F,296.201,-0.804,104.55,3,6,2,1,20,1.0
CHEMBL1130,DOXIFLURIDINE,C[C@H]1O[C@@H](n2cc(F)c(=O)[nH]c2=O)[C@H](O)[C@@H]1O,246.194,-1.685,104.55,3,6,1,1,17,1.0
CHEMBL1131,ACITRETIN,COc1cc(C)c(/C=C/C(C)=C/C=C/C(C)=C/C(=O)O)c(C)c1C,326.436,5.167,46.53,1,2,6,1,24,3.0
CHEMBL1132,NORNICOTINE,c1cncc(C2CCCN2)c1,148.209,1.506,24.92,1,2,1,1,11,3.0
CHEMBL1133,OXYBUTYNIN CHLORIDE,CCN(CC)CC#CCOC(=O)C(O)(c1ccccc1)C1CCCCC1.Cl,393.955,3.765,49.77,1,4,7,1,26,3.0
CHEMBL1134,DECAMETHONIUM BROMIDE,C[N+](C)(C)CCCCCCCCCC[N+](C)(C)C.[Br-].[Br-],418.302,-2.472,0.0,0,0,11,0,18,2.0
CHEMBL1135,DIMETHYLAMINOETHANOL,CN(C)CCO,89.138,-0.46,23.47,1,2,2,0,6,3.0
CHEMBL1136,TELITHROMYCIN,CC[C@H]1OC(=O)[C@H](C)C(=O)[C@H](C)[C@@H](O[C@@H]2O[C@H](C)C[C@H](N(C)C)[C@H]2O)[C@](C)(OC)C[C@@H](C)C(=O)[C@H](C)[C@H]2N(CCCCn3cnc(-c4cccnc4)c3)C(=O)O[C@]12C,812.018,4.929,171.85,1,14,11,2,58,1.0
CHEMBL1137,4-HYDROXYPROPRANOLOL SULFATE,CC(C)NCC(O)COc1ccc(O)c2ccccc12,275.348,2.283,61.72,3,4,6,2,20,3.0
CHEMBL1138,EZETIMIBE,O=C1[C@H](CC[C@H](O)c2ccc(F)cc2)[C@@H](c2ccc(O)cc2)N1c1ccc(F)cc1,409.432,4.888,60.77,2,3,6,3,30,1.0
CHEMBL1139,EPOPROSTENOL,CCCCC[C@H](O)/C=C/[C@@H]1[C@H]2C/C(=C/CCCC(=O)O)O[C@H]2C[C@H]1O,352.471,3.409,86.99,3,4,10,0,25,2.0
CHEMBL1140,NIACINAMIDE,NC(=O)c1cccnc1,122.127,0.181,55.98,1,2,1,1,9,3.0
CHEMBL1141,POTASSIUM IODIDE,[I-].[K+],166.002,-5.992,0.0,0,0,0,,,3.0
CHEMBL1142,4-AMINOPHENOL,Nc1ccc(O)cc1,109.128,0.974,46.25,2,2,0,1,8,2.0
CHEMBL1143,"2,4-DICHLOROPHENOL",Oc1ccc(Cl)cc1Cl,163.003,2.699,20.23,1,1,0,1,9,4.0
CHEMBL1144,PRAVASTATIN,CC[C@H](C)C(=O)O[C@H]1C[C@H](O)C=C2C=C[C@H](C)[C@H](CC[C@@H](O)C[C@@H](O)CC(=O)O)[C@H]21,424.534,2.44,124.29,4,6,10,0,30,1.0
CHEMBL1145,3-HYDROXY-4-ACETYLAMINOBENZOIC ACID,CC(=O)Nc1ccc(C(=O)O)cc1O,195.174,1.049,86.63,3,3,2,1,14,1.0
CHEMBL1146,CEFAMANDOLE,Cn1nnnc1SCC1=C(C(=O)O)N2C(=O)[C@@H](NC(=O)[C@H](O)c3ccccc3)[C@H]2SC1,462.513,-0.226,150.54,3,10,7,2,31,0.0
CHEMBL1147,HYDROXYLATED DERIVATIVE,NS(=O)(=O)c1ccc(-c2c(-c3ccccc3)noc2CO)cc1,330.365,2.148,106.42,2,5,4,3,23,2.0
CHEMBL1148,TORSEMIDE,Cc1cccc(Nc2ccncc2S(=O)(=O)NC(=O)NC(C)C)c1,348.428,2.53,100.19,3,5,5,2,24,2.0
CHEMBL1149,LEVOCARNITINE,C[N+](C)(C)C[C@H](O)CC(=O)[O-],161.201,-1.806,60.36,1,3,4,0,11,3.0
CHEMBL1152,PREDNISOLONE ACETATE,CC(=O)OCC(=O)[C@@]1(O)CC[C@H]2[C@@H]3CCC4=CC(=O)C=C[C@]4(C)[C@H]3[C@@H](O)C[C@@]21C,402.487,2.128,100.9,2,6,3,0,29,1.0
CHEMBL1153,DIGOXIGENIN,C[C@]12CC[C@H](O)C[C@H]1CC[C@@H]1[C@@H]2C[C@@H](O)[C@]2(C)[C@@H](C3=CC(=O)OC3)CC[C@]12O,390.52,2.575,86.99,3,5,1,0,28,1.0
CHEMBL1154,BENZISOTHIAZOLE-3-YL-PIPERAZINE,c1ccc2c(N3CCNCC3)nsc2c1,219.313,1.706,28.16,1,4,1,2,15,3.0
CHEMBL1155,BITP-SULFONE,[O-][s+]1nc(N2CCNCC2)c2ccccc21,235.312,1.372,51.22,1,4,1,2,16,3.0
CHEMBL1156,BENZISOTHIAZOLE-3YL-PIPERAZINE SULFOXIDE,O=S1(=O)N=C(N2CCNCC2)c2ccccc21,251.311,0.041,61.77,1,4,0,1,17,3.0
CHEMBL1157,ADIPIC ACID,O=C(O)CCCCC(=O)O,146.142,0.716,74.6,2,2,5,0,10,1.0
CHEMBL1158,PARAXANTHINE,Cn1c(=O)[nH]c2ncn(C)c2c1=O,180.167,-1.04,72.68,1,5,0,2,13,2.0
CHEMBL1159,PINACIDIL ANHYDROUS,CC(N/C(=N\C#N)Nc1ccncc1)C(C)(C)C,245.33,2.355,73.1,2,3,2,1,18,2.0
CHEMBL1160,NAPHTHOIC ACID,O=C(O)c1cccc2ccccc12,172.183,2.538,37.3,1,1,1,2,13,4.0
CHEMBL1161,MOMETASONE FUROATE,C[C@@H]1C[C@H]2[C@@H]3CCC4=CC(=O)C=C[C@]4(C)[C@@]3(Cl)[C@@H](O)C[C@]2(C)[C@@]1(OC(=O)c1ccco1)C(=O)CCl,521.437,4.869,93.81,1,6,4,1,35,1.0
CHEMBL1162,NORETHINDRONE,C#C[C@]1(O)CC[C@H]2[C@@H]3CCC4=CC(=O)CC[C@@H]4[C@H]3CC[C@@]21C,298.426,3.493,37.3,1,2,0,0,22,4.0
CHEMBL1163,ATAZANAVIR,COC(=O)N[C@H](C(=O)N[C@@H](Cc1ccccc1)[C@@H](O)CN(Cc1ccc(-c2ccccn2)cc1)NC(=O)[C@@H](NC(=O)OC)C(C)(C)C)C(C)(C)C,704.869,4.212,171.22,5,9,14,3,51,0.0
CHEMBL1164,METHICILLIN SODIUM,COc1cccc(OC)c1C(=O)N[C@@H]1C(=O)N2[C@@H]1SC(C)(C)[C@@H]2C(=O)[O-].[Na+],402.404,-3.382,108.0,1,7,5,1,26,1.0
CHEMBL1165,MOEXIPRIL,CCOC(=O)[C@H](CCc1ccccc1)N[C@@H](C)C(=O)N1Cc2cc(OC)c(OC)cc2C[C@H]1C(=O)O,498.576,2.584,114.4,2,7,11,2,36,1.0
CHEMBL1166,ARGATROBAN,CC1CNc2c(cccc2S(=O)(=O)N[C@@H](CCCNC(=N)N)C(=O)N2CC[C@@H](C)C[C@@H]2C(=O)O)C1,508.645,0.913,177.71,6,6,9,1,35,0.0
CHEMBL1167,SPECTINOMYCIN,CN[C@@H]1[C@H](O)[C@H](NC)[C@H]2O[C@@]3(O)C(=O)C[C@@H](C)O[C@H]3O[C@@H]2[C@H]1O,332.353,-2.926,129.51,5,9,2,0,23,1.0
CHEMBL1168,RAMIPRIL,CCOC(=O)[C@H](CCc1ccccc1)N[C@@H](C)C(=O)N1[C@H](C(=O)O)C[C@@H]2CCC[C@@H]21,416.518,2.383,95.94,2,5,9,1,30,1.0
CHEMBL1169,AMINOSALICYLIC ACID,Nc1ccc(C(=O)O)c(O)c1,153.137,0.673,83.55,3,3,1,1,11,1.0
CHEMBL1170,TESTOSTERONE PROPIONATE,CCC(=O)O[C@H]1CC[C@H]2[C@@H]3CCC4=CC(=O)CC[C@]4(C)[C@H]3CC[C@]12C,344.495,4.84,43.37,0,3,2,0,25,3.0
CHEMBL1171,TRICHLORETHANOL,OCC(Cl)(Cl)Cl,149.404,1.349,20.23,1,1,0,0,6,3.0
CHEMBL1172,DESLORATADINE,Clc1ccc2c(c1)CCc1cccnc1C2=C1CCNCC1,310.828,4.019,24.92,1,2,0,2,22,3.0
CHEMBL1174,EPTIFIBATIDE,N=C(N)NCCCC[C@@H]1NC(=O)CCSSC[C@@H](C(N)=O)NC(=O)[C@@H]2CCCN2C(=O)[C@H](Cc2c[nH]c3ccccc23)NC(=O)[C@H](CC(=O)O)NC(=O)CNC1=O,831.979,-1.845,323.89,11,11,10,2,57,0.0
CHEMBL1175,DULOXETINE,CNCC[C@H](Oc1cccc2ccccc12)c1cccs1,297.423,4.631,21.26,1,3,6,3,21,3.0
CHEMBL1176,2-CHLOROPHENYL-BISPHENYLMETHANE(MAJOR),Clc1ccccc1C(c1ccccc1)c1ccccc1,278.782,5.52,0.0,0,0,3,3,20,3.0
CHEMBL1177,PEMOLINE,NC1=NC(=O)C(c2ccccc2)O1,176.175,0.599,64.68,1,3,1,1,13,3.0
CHEMBL1180,O-DEMETHYLATED ADAPALENE,O=C(O)c1ccc2cc(-c3ccc(O)c(C45CC6CC(CC(C6)C4)C5)c3)ccc2c1,398.502,6.378,57.53,2,2,3,3,30,1.0
CHEMBL1181,4-HYDROXYTRIMETHOPRIM,COc1cc(Cc2cnc(N)nc2N)cc(OC)c1O,276.296,0.955,116.51,3,7,4,2,20,1.0
CHEMBL1182,GLYCINEBETAINE,C[N+](C)(C)CC(=O)[O-],117.148,-1.557,40.13,0,2,2,0,8,3.0
CHEMBL1183,DIETHYLAMINOETHANOL,CCN(CC)CCO,117.192,0.321,23.47,1,2,4,0,8,3.0
CHEMBL1184,ACETYLCHOLINE CHLORIDE,CC(=O)OCC[N+](C)(C)C.[Cl-],181.663,-2.74,26.3,0,2,3,0,10,3.0
CHEMBL1185,ZOLMITRIPTAN,CN(C)CCc1c[nH]c2ccc(C[C@H]3COC(=O)N3)cc12,287.363,1.923,57.36,2,3,5,2,21,2.0
CHEMBL1186,5-NITRO-2-FUROIC ACID,O=C(O)c1ccc([N+](=O)[O-])o1,157.081,0.886,93.58,1,4,2,1,11,2.0
CHEMBL1187,PHOSPHORIC ACID,O=P(O)(O)O,97.994,-0.929,77.76,3,1,0,0,5,1.0
CHEMBL1188,ALPHA-HYDROXY-MIDAZOLAM,OCc1ncc2n1-c1ccc(Cl)cc1C(c1ccccc1F)=NC2,341.773,3.508,50.41,1,4,2,3,24,4.0
CHEMBL1189,DIETHYLAMINE,CCNCC,73.139,0.616,12.03,1,1,2,0,5,3.0
CHEMBL1190,DECAMETHONIUM,C[N+](C)(C)CCCCCCCCCC[N+](C)(C)C,258.494,3.52,0.0,0,0,11,0,18,4.0
CHEMBL1191,SULFAMETHIZOLE,Cc1nnc(NS(=O)(=O)c2ccc(N)cc2)s1,270.339,1.23,97.97,2,6,3,2,17,1.0
CHEMBL1192,XANTHOTOXOL,O=c1ccc2cc3ccoc3c(O)c2o1,202.165,2.245,63.58,1,4,0,3,15,4.0
CHEMBL1193,PHENIRAMINE,CN(C)CCC(c1ccccc1)c1ccccn1,240.35,3.165,16.13,0,2,5,2,18,4.0
CHEMBL1194,PRILOCAINE,CCCNC(C)C(=O)Nc1ccccc1C,220.316,2.322,41.13,2,2,5,1,16,3.0
CHEMBL1195,PROPOXYCAINE,CCCOc1cc(N)ccc1C(=O)OCCN(CC)CC,294.395,2.556,64.79,1,5,9,1,21,4.0
CHEMBL1196,PROPARACAINE,CCCOc1ccc(C(=O)OCCN(CC)CC)cc1N,294.395,2.556,64.79,1,5,9,1,21,4.0
CHEMBL1197,HEXYLCAINE,CC(CNC1CCCCC1)OC(=O)c1ccccc1,261.365,3.154,38.33,1,3,5,1,19,4.0
CHEMBL1198,PRAMOXINE,CCCCOc1ccc(OCCCN2CCOCC2)cc1,293.407,2.967,30.93,0,4,9,1,21,4.0
CHEMBL1199,SULFOXIDE METABOLITE,[O-][S+]1c2ccccc2N=C(N2CCN(CCOCCO)CC2)c2ccccc21,399.516,1.872,71.36,1,6,5,2,28,1.0
CHEMBL1200,BENOXINATE,CCCCOc1cc(C(=O)OCCN(CC)CC)ccc1N,308.422,2.946,64.79,1,5,10,1,22,4.0
CHEMBL1201,THIOTHIXENE,CN1CCN(CC/C=C2/c3ccccc3Sc3ccc(S(=O)(=O)N(C)C)cc32)CC1,443.638,3.471,43.86,0,5,5,2,30,3.0
CHEMBL1202,CIPROFLOXACIN HYDROCHLORIDE,Cl.O=C(O)c1cn(C2CC2)c2cc(N3CCNCC3)c(F)cc2c1=O,367.808,2.005,74.57,2,5,3,2,24,1.0
CHEMBL1203,ISONICOTINIC ACID,O=C(O)c1ccncc1,123.111,0.78,50.19,1,2,1,1,9,3.0
CHEMBL1204,HYDROXYLATED COMPLETELY DELAKYLATED DIETHYLPROPION,CC(N)C(=O)c1ccc(O)cc1,165.192,0.922,63.32,2,3,2,1,12,2.0
CHEMBL1205,NELFINAVIR MESYLATE,CS(=O)(=O)O.Cc1c(O)cccc1C(=O)N[C@@H](CSc1ccccc1)[C@H](O)CN1C[C@H]2CCCC[C@H]2C[C@H]1C(=O)NC(C)(C)C,663.903,4.252,156.27,5,8,9,2,40,0.0
CHEMBL1206,ETHOPROPAZINE,CCN(CC)C(C)CN1c2ccccc2Sc2ccccc21,312.482,5.02,6.48,0,3,5,2,22,3.0
CHEMBL1207,TETRAMETHYLENE SULFOXIDE,[O-][S+]1CCCC1,104.174,0.529,23.06,0,1,0,0,6,3.0
CHEMBL1208,CINOXACIN,CCn1nc(C(=O)O)c(=O)c2cc3c(cc21)OCO3,262.221,0.843,90.65,1,6,2,2,19,2.0
CHEMBL1211,5-HYDROXYPRIMAQUINE,COc1cc(NC(C)CCCN)c2ncccc2c1O,275.352,2.488,80.4,3,5,6,2,20,2.0
CHEMBL1212,5-HYDROXYDESMETHYLPRIMAQUINE,CC(CCCN)Nc1cc(O)c(O)c2cccnc12,261.325,2.185,91.4,4,5,5,2,19,2.0
CHEMBL1213,"5,6-DIHYDROXY-8-AMINOQUINOLINE",Nc1cc(O)c(O)c2cccnc12,176.175,1.228,79.37,3,4,0,2,13,1.0
CHEMBL1214,CARBENICILLIN,CC1(C)S[C@@H]2[C@H](NC(=O)C(C(=O)O)c3ccccc3)C(=O)N2[C@H]1C(=O)O,378.406,0.486,124.01,3,5,5,1,26,0.0
CHEMBL1215,PHENYLEPHRINE,CNC[C@H](O)c1cccc(O)c1,167.208,0.645,52.49,3,3,3,1,12,2.0
CHEMBL1217,HYDROXY PIROXICAM METABOLITE,CN1C(C(=O)Nc2ccc(O)cn2)=C(O)c2ccccc2S1(=O)=O,347.352,1.287,119.83,3,6,2,2,24,1.0
CHEMBL1218,RAMELTEON,CCC(=O)NCC[C@@H]1CCc2ccc3c(c21)CCO3,259.349,2.568,38.33,1,2,4,1,19,4.0
CHEMBL1219,RABEPRAZOLE,COCCCOc1ccnc(C[S+]([O-])c2nc3ccccc3[nH]2)c1C,359.451,2.989,83.09,1,5,8,3,25,3.0
CHEMBL1220,TINIDAZOLE,CCS(=O)(=O)CCn1c([N+](=O)[O-])cnc1C,247.276,0.534,95.1,0,6,5,1,16,2.0
CHEMBL1221,SULCONAZOLE,Clc1ccc(CSC(Cn2ccnc2)c2ccc(Cl)cc2Cl)cc1,397.758,6.518,17.82,0,3,6,3,24,2.0
CHEMBL1223,PENICILLIN G POTASSIUM,CC1(C)S[C@@H]2[C@H](NC(=O)Cc3ccccc3)C(=O)N2[C@H]1C(=O)[O-].[K+],372.487,-3.47,89.54,1,5,4,1,23,1.0
CHEMBL1224,ACRIVASTINE,Cc1ccc(/C(=C\CN2CCCC2)c2cccc(/C=C/C(=O)O)n2)cc1,348.446,4.015,53.43,1,3,6,2,26,3.0
CHEMBL1225,N-ACETYL PENICILLAMINE,CC(=O)NC(C(=O)O)C(C)(C)S,191.252,0.284,66.4,3,3,3,0,12,2.0
CHEMBL1226,AMINODIMETHOXYQUINAZOLINYLPIPERAZINE,COc1cc2nc(N3CCNCC3)nc(N)c2cc1OC,289.339,0.639,85.53,2,7,3,2,21,1.0
CHEMBL1227,NORMORPHINE,Oc1ccc2c3c1O[C@H]1[C@@H](O)C=C[C@H]4[C@@H](C2)NCC[C@@]341,271.316,0.856,61.72,3,4,0,1,20,2.0
CHEMBL1228,OXYPHENBUTAZONE ANHYDROUS,CCCCC1C(=O)N(c2ccccc2)N(c2ccc(O)cc2)C1=O,324.38,3.493,60.85,1,3,5,2,24,4.0
CHEMBL1229,OSELTAMIVIR,CCOC(=O)C1=C[C@@H](OC(CC)CC)[C@H](NC(C)=O)[C@@H](N)C1,312.41,1.285,90.65,2,5,7,0,22,1.0
CHEMBL1230,LAMIVUDINE TRIPHOSPHATE,Nc1ccn([C@@H]2CS[C@H](COP(=O)(O)OP(=O)(O)OP(=O)(O)O)O2)c(=O)n1,469.198,-0.243,229.96,5,12,8,1,27,0.0
CHEMBL1231,OXYBUTYNIN,CCN(CC)CC#CCOC(=O)C(O)(c1ccccc1)C1CCCCC1,357.494,3.343,49.77,1,4,7,1,26,4.0
CHEMBL1233,CARISOPRODOL,CCCC(C)(COC(N)=O)COC(=O)NC(C)C,260.334,2.023,90.65,2,4,7,0,18,2.0
CHEMBL1234,DEFEROXAMINE MESYLATE,CC(=O)N(O)CCCCCNC(=O)CCC(=O)N(O)CCCCCNC(=O)CCC(=O)N(O)CCCCCN.CS(=O)(=O)O,656.8,0.426,260.21,7,11,23,0,39,0.0
CHEMBL1235,DESETHYL AMODIAQUINE,CCNCc1cc(Nc2ccnc3cc(Cl)ccc23)ccc1O,327.815,4.447,57.18,3,4,5,3,23,2.0
CHEMBL1236,DESETHYLCHLOROQUINE,CCNCCCC(C)Nc1ccnc2cc(Cl)ccc12,291.826,4.078,36.95,2,3,7,2,20,2.0
CHEMBL1237,LISINOPRIL ANHYDROUS,NCCCC[C@H](N[C@@H](CCc1ccccc1)C(=O)O)C(=O)N1CCC[C@H]1C(=O)O,405.495,1.235,132.96,4,5,12,1,29,0.0
CHEMBL1238,AZELAIC ACID,O=C(O)CCCCCCCC(=O)O,188.223,1.886,74.6,2,2,8,0,13,1.0
CHEMBL1239,BENZYL BENZOATE,O=C(OCc1ccccc1)c1ccccc1,212.248,3.044,26.3,0,2,3,2,16,4.0
CHEMBL1240,PROPANTHELINE BROMIDE,CC(C)[N+](C)(CCOC(=O)C1c2ccccc2Oc2ccccc21)C(C)C.[Br-],448.401,1.735,35.53,0,3,6,2,27,2.0
CHEMBL1241,TRIPELENNAMINE,CN(C)CCN(Cc1ccccc1)c1ccccn1,255.365,2.65,19.37,0,3,6,2,19,4.0
CHEMBL1242,PHENAZOPYRIDINE,Nc1ccc(/N=N/c2ccccc2)c(N)n1,213.244,2.661,89.65,2,5,2,2,16,2.0
CHEMBL1243,SULFABENZAMIDE,Nc1ccc(S(=O)(=O)NC(=O)c2ccccc2)cc1,276.317,1.388,89.26,2,4,3,2,19,1.0
CHEMBL1244,"3,4-DIHYDROXY-5-NITROBENZALDEHYDE ",O=Cc1cc(O)c(O)c([N+](=O)[O-])c1,183.119,0.818,100.67,2,5,2,1,13,1.0
CHEMBL1245,TRIMETHAPHAN CAMSYLATE,CC1(C)C2CCC1(CS(=O)(=O)[O-])C(=O)C2.O=C1N(Cc2ccccc2)C2C[S+]3CCCC3C2N1Cc1ccccc1,596.815,4.583,97.82,0,5,6,2,26,1.0
CHEMBL1246,MONO-N-ACETYL DAPSONE,CC(=O)Nc1ccc(S(=O)(=O)c2ccc(N)cc2)cc1,290.344,2.06,89.26,2,4,3,2,20,2.0
CHEMBL1247,4-AMINO-4'-HYDROXAMINE-DIPHENYLSULPHONE,Nc1ccc(S(=O)(=O)c2ccc(NO)cc2)cc1,264.306,1.903,92.42,3,5,3,2,18,1.0
CHEMBL1250,1-METHYLXANTHINE,Cn1c(=O)[nH]c2[nH]cnc2c1=O,166.14,-1.05,83.54,2,4,0,2,12,1.0
CHEMBL1251,GANIRELIX,CC/N=C(\NCC)NCCCC[C@H](NC(=O)[C@H](CC(C)C)NC(=O)[C@@H](CCCCN/C(=N/CC)NCC)NC(=O)[C@H](Cc1ccc(O)cc1)NC(=O)[C@H](CO)NC(=O)[C@@H](Cc1cccnc1)NC(=O)[C@@H](Cc1ccc(Cl)cc1)NC(=O)[C@@H](Cc1ccc2ccccc2c1)NC(C)=O)C(=O)N1CCC[C@H]1C(=O)N[C@H](C)C(N)=O,1570.35,2.273,451.49,16,16,44,,,1.0
CHEMBL1252,ABARELIX,CC(=O)N[C@H](Cc1ccc2ccccc2c1)C(=O)N[C@H](Cc1ccc(Cl)cc1)C(=O)N[C@H](Cc1cccnc1)C(=O)N[C@@H](CO)C(=O)N(C)[C@@H](Cc1ccc(O)cc1)C(=O)N[C@H](CC(N)=O)C(=O)N[C@@H](CC(C)C)C(=O)N[C@@H](CCCCNC(C)C)C(=O)N1CCC[C@H]1C(=O)N[C@H](C)C(N)=O,1416.089,1.168,424.98,13,16,38,,,0.0
CHEMBL1255,FORMALDEHYDE,C=O,30.026,-0.185,17.07,0,1,0,0,2,3.0
CHEMBL1256,ISOFLURANE,FC(F)OC(Cl)C(F)(F)F,184.491,2.353,9.23,0,1,2,0,10,4.0
CHEMBL1257,ENFLURANE,FC(F)OC(F)(F)C(F)Cl,184.491,2.353,9.23,0,1,3,0,10,4.0
CHEMBL1258,CARBAMAZEPINE EPOXIDE,NC(=O)N1c2ccccc2C2OC2c2ccccc21,252.273,3.029,58.86,1,2,0,2,19,4.0
CHEMBL1259,METOCURINE,COc1ccc2cc1Oc1cc3c(cc1OC)CC[N+](C)(C)[C@H]3Cc1ccc(cc1)Oc1c(OC)c(OC)cc3c1[C@@H](C2)[N+](C)(C)CC3,652.832,7.452,55.38,0,6,4,4,48,2.0
CHEMBL1260,ALPHA-HYDROXYTRIMETHOPRIM,COc1cc(C(O)c2cnc(N)nc2N)cc(OC)c1OC,306.322,0.748,125.74,3,8,5,2,22,1.0
CHEMBL1261,CITRIC ACID,O=C(O)CC(O)(CC(=O)O)C(=O)O,192.123,-1.248,132.13,4,4,5,0,13,1.0
CHEMBL1262,OXICONAZOLE,Clc1ccc(CO/N=C(\Cn2ccnc2)c2ccc(Cl)cc2Cl)c(Cl)c1,429.134,6.118,39.41,0,4,6,3,26,2.0
CHEMBL1263,SALMETEROL,OCc1cc(C(O)CNCCCCCCOCCCCc2ccccc2)ccc1O,415.574,4.107,81.95,4,5,16,2,30,0.0
CHEMBL1264,5-HYDROXY PROPAFENONE,CCCNCC(O)COc1ccc(O)cc1C(=O)CCc1ccccc1,357.45,2.947,78.79,3,5,11,2,26,2.0
CHEMBL1265,ADAPALENE,COc1ccc(-c2ccc3cc(C(=O)O)ccc3c2)cc1C12CC3CC(CC(C3)C1)C2,412.529,6.681,46.53,1,2,4,3,31,2.0
CHEMBL1266,TETRAHYDROZOLINE,c1ccc2c(c1)CCCC2C1=NCCN1,200.285,2.108,24.39,1,2,1,1,15,4.0
CHEMBL1267,LERIGLITAZONE,CC(O)c1ccc(CCOc2ccc(CC3SC(=O)NC3=O)cc2)nc1,372.446,2.651,88.52,2,6,7,2,26,1.0
CHEMBL1271,PENTOLINIUM,C[N+]1(CCCCC[N+]2(C)CCCC2)CCCC1,240.435,2.638,0.0,0,0,6,0,17,4.0
CHEMBL1272,REPAGLINIDE,CCOc1cc(CC(=O)N[C@@H](CC(C)C)c2ccccc2N2CCCCC2)ccc1C(=O)O,452.595,5.22,78.87,2,4,10,2,33,0.0
CHEMBL1273,7-AMINOCLONAZEPAM,Nc1ccc2c(c1)C(c1ccccc1Cl)=NCC(=O)N2,285.734,2.712,67.48,2,3,1,2,20,3.0
CHEMBL1274,NILUTAMIDE,CC1(C)NC(=O)N(c2ccc([N+](=O)[O-])c(C(F)(F)F)c2)C1=O,317.223,2.448,92.55,1,4,2,1,22,3.0
CHEMBL1275,PERGOLIDE MESYLATE,CCCN1C[C@H](CSC)C[C@@H]2c3cccc4[nH]cc(c34)C[C@H]21.CS(=O)(=O)O,410.605,3.775,73.4,2,4,4,2,22,1.0
CHEMBL1276,DESMETHYLSELEGILINE,C#CCNC(C)Cc1ccccc1,173.259,1.84,12.03,1,1,4,1,13,3.0
CHEMBL1277,N-{2-[4-(3-AMINO-PYRIDIN-2-YL)-PIPERAZINE-1-CARBONYL]-1H-INDOL-5-YL}-METHANESULFONAMIDE,CS(=O)(=O)Nc1ccc2[nH]c(C(=O)N3CCN(c4ncccc4N)CC3)cc2c1,414.491,1.479,124.42,3,6,4,3,29,0.0
CHEMBL1278,NARATRIPTAN,CNS(=O)(=O)CCc1ccc2[nH]cc(C3CCN(C)CC3)c2c1,335.473,2.069,65.2,2,3,5,2,23,3.0
CHEMBL1279,FROVATRIPTAN,CN[C@@H]1CCc2[nH]c3ccc(C(N)=O)cc3c2C1,243.31,1.344,70.91,3,2,2,2,18,1.0
CHEMBL1280,VERAPAMIL HYDROCHLORIDE,COc1ccc(CCN(C)CCCC(C#N)(c2ccc(OC)c(OC)c2)C(C)C)cc1OC.Cl,491.072,5.515,63.95,0,6,13,2,33,2.0
CHEMBL1282,IMIQUIMOD,CC(C)Cn1cnc2c(N)nc3ccccc3c21,240.31,2.823,56.73,1,4,2,3,18,4.0
CHEMBL1283,4-NITROGLUTETHIMIDE,CCC1(c2ccc([N+](=O)[O-])cc2)CCC(=O)NC1=O,262.265,1.679,89.31,1,4,3,1,19,2.0
CHEMBL1284,"3,4-DIHYDROXYPHENYLACETIC ACID ",O=C(O)Cc1ccc(O)c(O)c1,168.148,0.725,77.76,3,3,2,1,12,1.0
CHEMBL1285,P-HYDROXYGLUTETHIMIDE,CCC1(c2ccc(O)cc2)CCC(=O)NC1=O,233.267,1.477,66.4,2,3,2,1,17,2.0
CHEMBL1286,LEVETIRACETAM,CC[C@@H](C(N)=O)N1CCCC1=O,170.212,-0.127,63.4,1,2,3,0,12,3.0
CHEMBL1288,NAPHTHALEN-1-YL-METHANOL,OCc1cccc2ccccc12,158.2,2.332,20.23,1,1,1,2,12,4.0
CHEMBL1289,HALOPROGIN,Clc1cc(Cl)c(OCC#CI)cc1Cl,361.393,4.422,9.23,0,1,2,1,14,2.0
CHEMBL1290,PENBUTOLOL,CC(C)(C)NC[C@H](O)COc1ccccc1C1CCCC1,291.435,3.472,41.49,2,3,6,1,21,3.0
CHEMBL1291,METIPRANOLOL,CC(=O)Oc1c(C)cc(OCC(O)CNC(C)C)c(C)c1C,309.406,2.275,67.79,2,5,7,1,22,3.0
CHEMBL1292,CLOFAZIMINE,CC(C)/N=c1\cc2n(-c3ccc(Cl)cc3)c3ccccc3nc-2cc1Nc1ccc(Cl)cc1,473.407,7.49,42.21,1,4,4,3,33,2.0
CHEMBL1293,BETA CAROTENE,CC1=C(/C=C/C(C)=C/C=C/C(C)=C/C=C/C=C(C)/C=C/C=C(C)/C=C/C2=C(C)CCCC2(C)C)C(C)(C)CCC1,536.888,12.606,0.0,0,0,10,0,40,2.0
CHEMBL1294,QUINIDINE,C=C[C@H]1CN2CC[C@H]1C[C@@H]2[C@@H](O)c1ccnc2ccc(OC)cc12,324.424,3.173,45.59,1,4,4,2,24,4.0
CHEMBL1295,BUTOCONAZOLE,Clc1ccc(CCC(Cn2ccnc2)Sc2c(Cl)cccc2Cl)cc1,411.785,6.637,17.82,0,3,7,3,25,2.0
CHEMBL1296,CEFOTIAM,CN(C)CCn1nnnc1SCC1=C(C(=O)O)N2C(=O)[C@@H](NC(=O)Cc3csc(N)n3)[C@H]2SC1,525.642,-0.653,172.46,3,13,10,2,34,0.0
CHEMBL1297,FENOPROFEN,CC(C(=O)O)c1cccc(Oc2ccccc2)c1,242.274,3.667,46.53,1,2,4,2,18,4.0
CHEMBL1298,NORVERAPAMIL,COc1ccc(CCNCCCC(C#N)(c2ccc(OC)c(OC)c2)C(C)C)cc1OC,440.584,4.751,72.74,1,6,13,2,32,1.0
CHEMBL1301,HYDROXYSTILBAMIDINE,N=C(N)c1ccc(/C=C/c2ccc(C(=N)N)cc2O)cc1,280.331,2.131,119.97,5,3,4,2,21,2.0
CHEMBL1302,GLYCINEXYLIDIDE,Cc1cccc(C)c1NC(=O)CN,178.235,1.201,55.12,2,2,2,1,13,2.0
CHEMBL1303,ROTIGOTINE,CCCN(CCc1cccs1)[C@H]1CCc2c(O)cccc2C1,315.482,4.266,23.47,1,3,6,2,22,3.0
CHEMBL1304,ERYTHRO-HYDROBUPROPION,CC(NC(C)(C)C)C(O)c1cccc(Cl)c1,241.762,3.15,32.26,2,2,3,1,16,3.0
CHEMBL1305,ANTAZOLINE,c1ccc(CN(CC2=NCCN2)c2ccccc2)cc1,265.36,2.695,27.63,1,3,5,2,20,4.0
CHEMBL1306,TERCONAZOLE,CC(C)N1CCN(c2ccc(OC[C@H]3CO[C@](Cn4cncn4)(c4ccc(Cl)cc4Cl)O3)cc2)CC1,532.472,4.463,64.88,0,8,8,3,36,2.0
CHEMBL1307,N-MONODEISOPROPYL DISOPYRAMIDE,CC(C)NCCC(C(N)=O)(c1ccccc1)c1ccccn1,297.402,2.241,68.01,2,3,7,2,22,3.0
CHEMBL1308,FOMEPIZOLE,Cc1cn[nH]c1,82.106,0.718,28.68,1,1,0,1,6,3.0
CHEMBL1311,ISOSORBIDE MONONITRATE,O=[N+]([O-])O[C@@H]1CO[C@H]2[C@@H]1OC[C@@H]2O,191.139,-1.278,91.06,1,6,2,0,13,2.0
CHEMBL1312,REVERSETRIIODOTHYRONINE,NC(Cc1ccc(Oc2cc(I)c(O)c(I)c2)c(I)c1)C(=O)O,650.976,3.953,92.78,3,4,5,2,23,1.0
CHEMBL1313,4-HYDROXY-ALPRAZOLAM,Cc1nnc2n1-c1ccc(Cl)cc1C(c1ccccc1)=NC2O,324.771,3.071,63.3,1,5,1,3,23,4.0
CHEMBL1314,TIOPRONIN,CC(S)C(=O)NCC(=O)O,163.198,-0.495,66.4,3,3,3,0,10,2.0
CHEMBL1316,CARPROFEN,CC(C(=O)O)c1ccc2c(c1)[nH]c1ccc(Cl)cc12,273.719,4.163,53.09,2,1,2,3,19,2.0
CHEMBL1317,DIDESMETHYLIMIPRAMINE,NCCCN1c2ccccc2CCc2ccccc21,252.361,3.272,29.26,1,2,3,2,19,4.0
CHEMBL1319,4-KETOIFOSFAMIDE,O=C1CCOP(=O)(NCCCl)N1CCCl,275.072,1.411,58.64,1,3,5,0,15,3.0
CHEMBL1321,PROCARBAZINE,CNNCc1ccc(C(=O)NC(C)C)cc1,221.304,1.049,53.16,3,3,5,1,16,2.0
CHEMBL1322,N-BENZYLPROPARGYLAMINE,C#CCNCc1ccccc1,145.205,1.409,12.03,1,1,3,1,11,3.0
CHEMBL1323,DARUNAVIR,CC(C)CN(C[C@@H](O)[C@H](Cc1ccccc1)NC(=O)O[C@H]1CO[C@H]2OCC[C@H]21)S(=O)(=O)c1ccc(N)cc1,547.674,2.375,140.42,3,8,11,2,38,1.0
CHEMBL1324,TOLCAPONE,Cc1ccc(C(=O)c2cc(O)c(O)c([N+](=O)[O-])c2)cc1,273.244,2.545,100.67,2,5,3,2,20,2.0
CHEMBL1326,CHLOROQUINE PHOSPHATE,CCN(CC)CCCC(C)Nc1ccnc2cc(Cl)ccc12.O=P(O)(O)O,417.874,3.882,105.92,4,4,8,2,22,1.0
CHEMBL1328,PENTAGASTRIN,CSCC[C@H](NC(=O)[C@H](Cc1c[nH]c2ccccc12)NC(=O)CCNC(=O)OC(C)(C)C)C(=O)N[C@@H](CC(=O)O)C(=O)N[C@@H](Cc1ccccc1)C(N)=O,767.906,1.52,250.91,8,9,20,3,54,0.0
CHEMBL1329,MORPHINE 3-GLUCURONIDE,CN1CC[C@]23c4c5ccc(O[C@@H]6O[C@H](C(=O)O)[C@@H](O)[C@H](O)[C@H]6O)c4O[C@H]2[C@@H](O)C=C[C@H]3[C@H]1C5,461.467,-1.236,149.15,5,9,3,1,33,0.0
CHEMBL1330,MORPHINE GLUCURONIDE,CN1CC[C@]23c4c5ccc(O)c4O[C@H]2[C@@H](O[C@@H]2O[C@H](C(=O)O)[C@@H](O)[C@H](O)[C@H]2O)C=C[C@H]3[C@H]1C5,461.467,-0.885,149.15,5,9,3,1,33,0.0
CHEMBL1331,PARENT UREA,O=C(NCCCl)NCCCl,185.054,0.763,41.13,2,1,4,0,10,2.0
CHEMBL1332,"N,N'-DINITROSOPIPERAZINE",O=NN1CCN(N=O)CC1,144.134,-0.033,65.34,0,4,2,0,10,3.0
CHEMBL1333,N-MONONITROSOPIPERAZINE,O=NN1CCNCC1,115.136,-0.427,44.7,1,3,1,0,8,3.0
CHEMBL1334,N-NITROSODOETHANOLAMINE,O=NN(CCO)CCO,134.135,-1.046,73.13,2,4,5,0,9,1.0
CHEMBL1335,PEMOLINE DIONE,O=C1NC(=O)C(c2ccccc2)O1,177.159,0.994,55.4,1,3,1,1,13,3.0
CHEMBL1336,SORAFENIB,CNC(=O)c1cc(Oc2ccc(NC(=O)Nc3ccc(Cl)c(C(F)(F)F)c3)cc2)ccn1,464.831,5.55,92.35,3,4,5,3,32,0.0
CHEMBL1337,NITISINONE,O=C1CCCC(=O)C1C(=O)c1ccc(C(F)(F)F)cc1[N+](=O)[O-],329.23,2.735,94.35,0,5,3,1,23,3.0
CHEMBL1338,N-BENZYLMETHYLAMINE,CNCc1ccccc1,121.183,1.406,12.03,1,1,2,1,9,3.0
CHEMBL1339,VARDENAFIL HYDROCHLORIDE,CCCc1nc(C)c2c(O)nc(-c3cc(S(=O)(=O)N4CCN(CC)CC4)ccc3OCC)nn12.Cl,525.075,2.905,113.16,1,9,8,3,34,2.0
CHEMBL1340,N-DESETHYL BRINZOLAMIDE,COCCCN1C[C@H](N)c2cc(S(N)(=O)=O)sc2S1(=O)=O,355.463,-0.564,132.79,2,7,5,1,21,1.0
CHEMBL1341,METHOXYFLURANE,COC(F)(F)C(Cl)Cl,164.966,2.029,9.23,0,1,2,0,8,4.0
CHEMBL1342,OXYBATE,O=C(O)CCCO,104.105,-0.157,57.53,2,2,3,0,7,2.0
CHEMBL1343,"1-[4-CARBOXYPROPYL]-3,7-DIMETHYLXANTHINE",Cn1cnc2c1c(=O)n(CCCC(=O)O)c(=O)n2C,266.257,-0.701,99.12,1,7,4,2,19,2.0
CHEMBL1344,OMEPRAZOLE SULFONE,COc1ccc2[nH]c(S(=O)(=O)Cc3ncc(C)c(OC)c3C)nc2c1,361.423,2.566,94.17,1,6,5,3,25,2.0
CHEMBL1345,GUANETHIDINE MONOSULFATE,N=C(N)NCCN1CCCCCCC1.O=S(=O)(O)O,296.393,0.083,139.74,5,4,3,0,14,1.0
CHEMBL1346,DARIFENACIN,NC(=O)C(c1ccccc1)(c1ccccc1)[C@@H]1CCN(CCc2ccc3c(c2)CCO3)C1,426.56,3.958,55.56,1,3,7,3,32,3.0
CHEMBL1347,3-O-METHYL-ALPHA-METHYLDOPAMINE,COc1cc(CC(C)N)ccc1O,181.235,1.291,55.48,2,3,3,1,13,2.0
CHEMBL1349,VALACYCLOVIR,CC(C)[C@H](N)C(=O)OCCOCn1cnc2c(=O)nc(N)[nH]c21,324.341,-0.798,151.14,3,9,7,2,23,1.0
CHEMBL1350,TILUDRONIC ACID,O=P(O)(O)C(Sc1ccc(Cl)cc1)P(=O)(O)O,318.611,2.071,115.06,4,3,4,1,17,2.0
CHEMBL1352,NITRIC ACID,O=[N+]([O-])O,63.012,-0.348,63.37,1,2,0,0,4,3.0
CHEMBL1353,SODIUM BICARBONATE,O=C([O-])O.[Na+],84.006,-4.108,60.36,1,2,0,,,3.0
CHEMBL1354,SODIUM ACETATE,CC(=O)[O-].[Na+],82.034,-4.24,40.13,0,2,0,,,3.0
CHEMBL1355,SODIUM CITRATE,O=C([O-])CC(O)(CC(=O)[O-])C(=O)[O-].[Na+].[Na+].[Na+],258.069,-14.241,140.62,1,7,5,,,2.0
CHEMBL1356,SODIUM BENZOATE,O=C([O-])c1ccccc1.[Na+],144.105,-2.946,40.13,0,2,1,,,3.0
CHEMBL1357,SODIUM LACTATE,CC(O)C(=O)[O-].[Na+],112.06,-4.879,60.36,1,3,1,,,3.0
CHEMBL1358,FULVESTRANT,C[C@]12CC[C@@H]3c4ccc(O)cc4C[C@@H](CCCCCCCCC[S+]([O-])CCCC(F)(F)C(F)(F)F)[C@H]3[C@@H]1CC[C@@H]2O,606.782,8.683,63.52,2,3,14,1,41,1.0
CHEMBL1359,ERTAPENEM,C[C@@H](O)[C@H]1C(=O)N2C(C(=O)O)=C(S[C@@H]3CN[C@H](C(=O)Nc4cccc(C(=O)O)c4)C3)[C@H](C)[C@H]12,475.523,0.941,156.27,5,7,7,1,33,0.0
CHEMBL1360,ATRACURIUM,COc1ccc(CC2c3cc(OC)c(OC)cc3CC[N+]2(C)CCC(=O)OCCCCCOC(=O)CC[N+]2(C)CCc3cc(OC)c(OC)cc3C2Cc2ccc(OC)c(OC)c2)cc1OC,929.161,8.066,126.44,0,12,24,4,67,1.0
CHEMBL1363,ARFORMOTEROL,COc1ccc(C[C@@H](C)NC[C@H](O)c2ccc(O)c(NC=O)c2)cc1,344.411,2.223,90.82,4,5,9,2,25,2.0
CHEMBL1364,PYRIDOXINE,Cc1ncc(CO)c(CO)c1O,169.18,0.08,73.58,3,4,2,1,12,1.0
CHEMBL1365,N-DEPROPYL-PROPAPHENONE,NCC(O)COc1ccccc1C(=O)CCc1ccccc1,299.37,2.201,72.55,2,4,8,2,22,2.0
CHEMBL1367,4-EN-METABOLITE,C=CCC(CCC)C(=O)O,142.198,2.063,37.3,1,1,5,0,10,4.0
CHEMBL1368,"SODIUM PHOSPHATE, MONOBASIC",O=P([O-])(O)O.[Na+],119.976,-4.557,80.59,2,2,0,,,1.0
CHEMBL1370,BUDESONIDE,CCCC1O[C@@H]2C[C@H]3[C@@H]4CCC5=CC(=O)C=C[C@]5(C)[C@H]4[C@@H](O)C[C@]3(C)[C@]2(C(=O)CO)O1,430.541,2.717,93.06,2,6,4,0,31,1.0
CHEMBL1371,CHLORZOXAZONE,O=c1[nH]c2cc(Cl)ccc2o1,169.567,1.775,46.0,1,2,0,2,11,3.0
CHEMBL1372,OXIGLUTATIONE,N[C@@H](CCC(=O)N[C@@H](CSSC[C@H](NC(=O)CC[C@H](N)C(=O)O)C(=O)NCC(=O)O)C(=O)NCC(=O)O)C(=O)O,612.64,-3.877,317.64,10,12,21,0,40,0.0
CHEMBL1373,MODAFINIL,NC(=O)C[S+]([O-])C(c1ccccc1)c1ccccc1,273.357,2.01,66.15,1,2,5,2,19,4.0
CHEMBL1374,2-{3-[HYDROXY(PHENYL)METHYL]PHENYL}PROPANOIC ACID,CC(C(=O)O)c1cccc(C(O)c2ccccc2)c1,256.301,2.956,57.53,2,2,4,2,19,3.0
CHEMBL1375,5-CHLOROSALICYLIC ACID,O=C(O)c1cc(Cl)ccc1O,172.567,1.744,57.53,2,2,1,1,11,2.0
CHEMBL1376,SULINDAC SULFOXIDE,CC1=C(CC(=O)O)c2cc(F)ccc2/C1=C/c1ccc([S+](C)[O-])cc1,356.418,4.366,60.36,1,2,4,2,25,3.0
CHEMBL1377,PROGUANIL,CC(C)NC(=N)NC(=N)Nc1ccc(Cl)cc1,253.737,2.209,83.79,5,2,2,1,17,2.0
CHEMBL1378,THIETHYLPERAZINE,CCSc1ccc2c(c1)N(CCCN1CCN(C)CC1)c1ccccc1S2,399.629,5.039,9.72,0,5,6,2,27,2.0
CHEMBL1379,TETRAHYDROTHIOPHENE,C1CCSC1,88.175,1.513,0.0,0,1,0,0,5,3.0
CHEMBL1380,ABACAVIR,Nc1nc(NC2CC2)c2ncn([C@H]3C=C[C@@H](CO)C3)c2n1,286.339,1.092,101.88,3,7,4,2,21,1.0
CHEMBL1381,O-TOLYLAMINE,Cc1ccccc1N,107.156,1.577,26.02,1,1,0,1,8,3.0
CHEMBL1382,TOLTERODINE,Cc1ccc(O)c([C@H](CCN(C(C)C)C(C)C)c2ccccc2)c1,325.496,5.341,23.47,1,2,7,2,24,3.0
CHEMBL1383,DDA-TRIPHOSPHATE,Nc1ncnc2c1ncn2[C@H]1CC[C@@H](COP(=O)(O)OP(=O)(O)OP(=O)(O)O)O1,475.184,0.429,238.67,5,12,8,2,29,0.0
CHEMBL1384,KANAMYCIN,NC[C@H]1O[C@H](O[C@H]2[C@H](O)[C@@H](O[C@H]3O[C@H](CO)[C@@H](O)[C@H](N)[C@H]3O)[C@H](N)C[C@@H]2N)[C@H](O)[C@@H](O)[C@@H]1O,484.503,-7.291,282.61,11,15,6,0,33,0.0
CHEMBL1387,NORETHYNODREL,C#C[C@]1(O)CC[C@H]2[C@@H]3CCC4=C(CCC(=O)C4)[C@H]3CC[C@@]21C,298.426,3.637,37.3,1,2,0,0,22,4.0
CHEMBL1388,MONOBENZONE,Oc1ccc(OCc2ccccc2)cc1,200.237,2.971,29.46,1,2,3,2,15,4.0
CHEMBL1389,LEVONORGESTREL,C#C[C@]1(O)CC[C@H]2[C@@H]3CCC4=CC(=O)CC[C@@H]4[C@H]3CC[C@@]21CC,312.453,3.883,37.3,1,2,1,0,23,4.0
CHEMBL1391,"O,P'-DDE (1,1-(O,P'-DICHLORODIPHENYL)-2,2 DICHLOROETHENE)",ClC(Cl)=C(c1ccc(Cl)cc1)c1ccccc1Cl,318.03,6.188,0.0,0,0,2,2,18,3.0
CHEMBL1392,"2,4-DIHYDROXYBENZOPHENONE",O=C(c1ccccc1)c1ccc(O)cc1O,214.22,2.329,57.53,2,3,2,2,16,3.0
CHEMBL1393,SPIRONOLACTONE,CC(=O)S[C@@H]1CC2=CC(=O)CC[C@]2(C)[C@H]2CC[C@@]3(C)[C@@H](CC[C@@]34CCC(=O)O4)[C@H]12,416.583,4.852,60.44,0,5,1,0,29,2.0
CHEMBL1394,4'-HYDROXYFLURBIPROFEN,CC(C(=O)O)c1ccc(-c2ccc(O)cc2)c(F)c1,260.264,3.386,57.53,2,2,3,2,19,3.0
CHEMBL1395,METHYLTESTOSTERONE,C[C@]12CCC(=O)C=C1CC[C@@H]1[C@@H]2CC[C@@]2(C)[C@H]1CC[C@]2(C)O,302.458,4.269,37.3,1,2,0,0,22,3.0
CHEMBL1397,POSACONAZOLE,CC[C@@H]([C@H](C)O)n1ncn(-c2ccc(N3CCN(c4ccc(OC[C@@H]5CO[C@@](Cn6cncn6)(c6ccc(F)cc6F)C5)cc4)CC3)cc2)c1=O,700.791,4.573,115.7,1,12,12,5,51,1.0
CHEMBL1398,ALPHA-PHENYL-GAMMA-BUTYROLACTONE,O=C1OCCC1c1ccccc1,162.188,1.717,26.3,0,2,1,1,12,3.0
CHEMBL1399,ANASTROZOLE,CC(C)(C#N)c1cc(Cn2cncn2)cc(C(C)(C)C#N)c1,293.374,2.929,78.29,0,5,4,2,22,3.0
CHEMBL1400,O-DESMETHYL TRAMADOL,CN(C)C[C@H]1CCCC[C@]1(O)c1cccc(O)c1,249.354,2.332,43.7,2,3,3,1,18,3.0
CHEMBL1401,NITAZOXANIDE,CC(=O)Oc1ccccc1C(=O)Nc1ncc([N+](=O)[O-])s1,307.287,2.229,111.43,1,7,4,2,21,3.0
CHEMBL1402,4-HYDROXYTORMIFENE,CN(C)CCOc1ccc(/C(=C(/CCCl)c2ccccc2)c2ccc(O)cc2)cc1,421.968,5.921,32.7,1,3,9,3,30,2.0
CHEMBL1403,PHENYLGLYCINE,N[C@@H](C(=O)O)c1ccccc1,151.165,0.771,63.32,2,2,2,1,11,2.0
CHEMBL1404,RANOLAZINE,COc1ccccc1OCC(O)CN1CCN(CC(=O)Nc2c(C)cccc2C)CC1,427.545,2.308,74.27,2,6,9,2,31,1.0
CHEMBL1405,ESTRONE,C[C@]12CC[C@@H]3c4ccc(O)cc4CC[C@H]3[C@@H]1CCC2=O,270.372,3.817,37.3,1,2,0,1,20,4.0
CHEMBL1407,LAUDANOSINE,COc1ccc(CC2c3cc(OC)c(OC)cc3CCN2C)cc1OC,357.45,3.493,40.16,0,5,6,2,26,4.0
CHEMBL1409,FLUVOXAMINE MALEATE,COCCCC/C(=N\OCCN)c1ccc(C(F)(F)F)cc1.O=C(O)/C=C\C(=O)O,434.411,2.913,131.44,3,6,11,1,22,1.0
CHEMBL1410,NONOXYNOL 9,CCCCCCCCCc1ccc(OCCOCCOCCOCCOCCOCCOCCOCCOCCO)cc1,616.833,4.484,103.3,1,10,35,1,43,1.0
CHEMBL1411,LISOFYLLINE,C[C@@H](O)CCCCn1c(=O)c2c(ncn2C)n(C)c1=O,280.328,-0.015,82.05,1,7,5,2,20,2.0
CHEMBL1412,PIPERAZINE,C1CNCCN1,86.138,-0.821,24.06,2,2,0,0,6,2.0
CHEMBL1413,CICLOPIROX,Cc1cc(C2CCCCC2)n(O)c(=O)c1,207.273,2.442,42.23,1,3,1,1,15,4.0
CHEMBL1414,SYRINGIC ACID,COc1cc(C(=O)O)cc(OC)c1O,198.174,1.108,75.99,2,4,3,1,14,1.0
CHEMBL1419,SIBUTRAMINE,CC(C)CC(N(C)C)C1(c2ccc(Cl)cc2)CCC1,279.855,4.738,3.24,0,1,5,1,19,3.0
CHEMBL1420,PRALIDOXIME,C[n+]1ccccc1C=NO,137.162,0.319,36.47,1,2,1,1,10,3.0
CHEMBL1421,DASATINIB,Cc1nc(Nc2ncc(C(=O)Nc3c(C)cccc3Cl)s2)cc(N2CCN(CCO)CC2)n1,488.017,3.314,106.51,3,9,7,3,33,1.0
CHEMBL1422,SITAGLIPTIN,N[C@@H](CC(=O)N1CCn2c(nnc2C(F)(F)F)C1)Cc1cc(F)c(F)cc1F,407.318,2.016,77.04,1,5,4,2,28,2.0
CHEMBL1423,PIMOZIDE,O=c1[nH]c2ccccc2n1C1CCN(CCCC(c2ccc(F)cc2)c2ccc(F)cc2)CC1,461.556,5.857,41.03,1,3,7,4,34,2.0
CHEMBL1424,XANTHINE,O=c1[nH]c(=O)c2nc[nH]c2[nH]1,152.113,-1.061,94.4,3,3,0,2,11,1.0
CHEMBL1425,MERCAPTOPURINE ANHYDROUS,Sc1ncnc2nc[nH]c12,152.182,0.642,54.46,2,4,0,2,10,2.0
CHEMBL1427,HYPOXANTHINE,O=c1[nH]cnc2nc[nH]c12,136.114,-0.354,74.43,2,3,0,2,10,1.0
CHEMBL1428,NIMODIPINE,COCCOC(=O)C1=C(C)NC(C)=C(C(=O)OC(C)C)C1c1cccc([N+](=O)[O-])c1,418.446,2.971,117.0,1,8,8,1,30,2.0
CHEMBL1429,DESMOPRESSIN,N=C(N)NCCC[C@@H](NC(=O)[C@@H]1CCCN1C(=O)[C@@H]1CSSCCC(=O)N[C@@H](Cc2ccc(O)cc2)C(=O)N[C@@H](Cc2ccccc2)C(=O)N[C@@H](CCC(N)=O)C(=O)N[C@@H](CC(N)=O)C(=O)N1)C(=O)NCC(N)=O,1069.238,-4.132,435.41,14,15,19,,,0.0
CHEMBL1430,PENICILLAMINE,CC(C)(S)[C@@H](N)C(=O)O,149.215,0.107,63.32,3,3,2,0,9,2.0
CHEMBL1431,METFORMIN,CN(C)C(=N)NC(=N)N,129.167,-1.034,88.99,4,2,0,0,9,1.0
CHEMBL1432,"2,3-DIHYDROXYBENZOIC ACID",O=C(O)c1cccc(O)c1O,154.121,0.796,77.76,3,3,1,1,11,1.0
CHEMBL1433,DOXYCYCLINE ANHYDROUS,C[C@H]1c2cccc(O)c2C(=O)C2=C(O)[C@]3(O)C(=O)C(C(N)=O)=C(O)[C@@H](N(C)C)[C@@H]3[C@@H](O)[C@@H]21,444.44,-0.348,181.62,6,9,2,1,32,0.0
CHEMBL1434,MINOCYCLINE,CN(C)c1ccc(O)c2c1C[C@H]1C[C@H]3[C@H](N(C)C)C(O)=C(C(N)=O)C(=O)[C@@]3(O)C(O)=C1C2=O,457.483,0.187,164.63,5,9,3,1,33,0.0
CHEMBL1435,CEFAZOLIN,Cc1nnc(SCC2=C(C(=O)O)N3C(=O)[C@@H](NC(=O)Cn4cnnn4)[C@H]3SC2)s1,454.519,-0.636,156.09,2,12,7,2,29,0.0
CHEMBL1436,CEFUROXIME,CO/N=C(\C(=O)N[C@@H]1C(=O)N2C(C(=O)O)=C(COC(N)=O)CS[C@H]12)c1ccco1,424.391,-0.536,173.76,3,9,7,1,29,0.0
CHEMBL1437,NOREPINEPHRINE,NC[C@H](O)c1ccc(O)c(O)c1,169.18,0.09,86.71,4,4,2,1,12,1.0
CHEMBL1439,TAZOBACTAM SODIUM,C[C@]1(Cn2ccnn2)[C@H](C(=O)[O-])N2C(=O)C[C@H]2S1(=O)=O.[Na+],322.278,-5.854,125.29,0,8,3,1,20,2.0
CHEMBL1440,TETRACYCLINE,CN(C)[C@@H]1C(O)=C(C(N)=O)C(=O)[C@@]2(O)C(O)=C3C(=O)c4c(O)cccc4[C@@](C)(O)[C@H]3C[C@@H]12,444.44,-0.214,181.62,6,9,2,1,32,0.0
CHEMBL1441,ETHIONAMIDE,CCc1cc(C(N)=S)ccn1,166.249,1.278,38.91,1,2,2,1,11,3.0
CHEMBL1442,MTIC,CN/N=N/c1[nH]cnc1C(N)=O,168.16,-0.273,108.52,3,4,3,1,12,1.0
CHEMBL1443,NAFCILLIN,CCOc1ccc2ccccc2c1C(=O)N[C@@H]1C(=O)N2[C@@H]1SC(C)(C)[C@@H]2C(=O)O,414.483,2.484,95.94,2,5,5,2,29,1.0
CHEMBL1444,LETROZOLE,N#Cc1ccc(C(c2ccc(C#N)cc2)n2cncn2)cc1,285.31,2.659,78.29,0,5,3,3,22,3.0
CHEMBL1445,FLUOXYMESTERONE,C[C@]1(O)CC[C@H]2[C@@H]3CCC4=CC(=O)CC[C@]4(C)[C@@]3(F)[C@@H](O)C[C@@]21C,336.447,3.332,57.53,2,3,0,0,24,3.0
CHEMBL1446,KANAMYCIN SULFATE,NC[C@H]1O[C@H](O[C@H]2[C@H](O)[C@@H](O[C@H]3O[C@H](CO)[C@@H](O)[C@H](N)[C@H]3O)[C@H](N)C[C@@H]2N)[C@H](O)[C@@H](O)[C@@H]1O.O=S(=O)(O)O,582.582,-7.944,357.21,13,17,6,0,33,0.0
CHEMBL1447,LINCOMYCIN,CCC[C@@H]1C[C@@H](C(=O)N[C@@H]([C@H]2O[C@H](SC)[C@H](O)[C@@H](O)[C@H]2O)[C@@H](C)O)N(C)C1,406.545,-0.857,122.49,5,8,7,0,27,0.0
CHEMBL1448,NICLOSAMIDE,O=C(Nc1ccc([N+](=O)[O-])cc1Cl)c1cc(Cl)ccc1O,327.123,3.86,92.47,2,4,3,2,21,2.0
CHEMBL1449,TICARCILLIN,CC1(C)S[C@@H]2[C@H](NC(=O)[C@H](C(=O)O)c3ccsc3)C(=O)N2[C@H]1C(=O)O,384.435,0.548,124.01,3,6,5,1,25,0.0
CHEMBL1450,ATOVAQUONE,O=C1C(O)=C([C@H]2CC[C@H](c3ccc(Cl)cc3)CC2)C(=O)c2ccccc21,366.844,5.505,54.37,1,3,2,2,26,2.0
CHEMBL1451,TRIAMCINOLONE,C[C@]12C=CC(=O)C=C1CC[C@H]1[C@@H]3C[C@@H](O)[C@](O)(C(=O)CO)[C@@]3(C)C[C@H](O)[C@@]12F,394.439,0.62,115.06,4,6,2,0,28,0.0
CHEMBL1453,DIGITOXIGENIN,C[C@]12CC[C@H](O)C[C@H]1CC[C@@H]1[C@@H]2CC[C@]2(C)[C@@H](C3=CC(=O)OC3)CC[C@]12O,374.521,3.604,66.76,2,4,1,0,27,2.0
CHEMBL1454,LEVAMISOLE,c1ccc([C@H]2CN3CCSC3=N2)cc1,204.298,2.146,15.6,0,3,1,1,14,4.0
CHEMBL1455,ALTRETAMINE,CN(C)c1nc(N(C)C)nc(N(C)C)n1,210.285,0.07,48.39,0,6,3,1,15,3.0
CHEMBL1456,MYCOPHENOLATE MOFETIL,COc1c(C)c2c(c(O)c1C/C=C(\C)CCC(=O)OCCN1CCOCC1)C(=O)OC2,433.501,2.524,94.53,1,8,9,1,31,2.0
CHEMBL1457,HYDROCODONE,COc1ccc2c3c1O[C@H]1C(=O)CC[C@H]4[C@@H](C2)N(C)CC[C@]314,299.37,1.933,38.77,0,4,1,1,22,3.0
CHEMBL1458,"1,3-DICYCLOHEXYLUREA",O=C(NC1CCCCC1)NC1CCCCC1,224.348,2.951,41.13,2,1,2,0,16,3.0
CHEMBL1459,N-DESMETHYL LEVOFLOXACIN,C[C@H]1COc2c(N3CCNCC3)c(F)cc3c(=O)c(C(=O)O)cn1c23,347.346,1.202,83.8,2,6,2,2,25,1.0
CHEMBL1460,DIDANOSINE,O=c1[nH]cnc2c1ncn2[C@H]1CC[C@@H](CO)O1,236.231,-0.211,93.03,2,6,2,2,17,1.0
CHEMBL1461,GENTISIC ACID,O=C(O)c1cc(O)ccc1O,154.121,0.796,77.76,3,3,1,1,11,1.0
CHEMBL1463,FLUCYTOSINE,Nc1nc(=O)[nH]cc1F,129.094,-0.509,71.77,2,3,0,1,9,1.0
CHEMBL1464,WARFARIN,CC(=O)CC(c1ccccc1)c1c(O)c2ccccc2oc1=O,308.333,3.61,67.51,1,4,4,3,23,4.0
CHEMBL1465,PHENPROCOUMON,CCC(c1ccccc1)c1c(O)c2ccccc2oc1=O,280.323,4.041,50.44,1,3,3,3,21,3.0
CHEMBL1466,DICUMAROL,O=c1oc2ccccc2c(O)c1Cc1c(O)c2ccccc2oc1=O,336.299,2.901,100.88,2,6,2,4,25,2.0
CHEMBL1467,ALLOPURINOL,Oc1ncnc2[nH]ncc12,136.114,0.058,74.69,2,4,0,2,10,1.0
CHEMBL1469,PHENYLBUTANOIC ACID,O=C(O)CCCc1ccccc1,164.204,2.094,37.3,1,1,4,1,12,4.0
CHEMBL1471,APREPITANT,C[C@@H](O[C@H]1OCCN(Cc2n[nH]c(=O)[nH]2)[C@H]1c1ccc(F)cc1)c1cc(C(F)(F)F)cc(C(F)(F)F)c1,534.432,4.952,83.24,2,5,6,3,37,0.0
CHEMBL1472,PROTIRELIN,NC(=O)[C@@H]1CCCN1C(=O)[C@H](Cc1c[nH]cn1)NC(=O)[C@@H]1CCC(=O)N1,362.39,-1.808,150.28,4,5,6,1,26,0.0
CHEMBL1473,FLUTICASONE PROPIONATE,CCC(=O)O[C@]1(C(=O)SCF)[C@H](C)C[C@H]2[C@@H]3C[C@H](F)C4=CC(=O)C=C[C@]4(C)[C@@]3(F)[C@@H](O)C[C@@]21C,500.579,4.43,80.67,1,6,4,0,34,1.0
CHEMBL1475,TRIOXSALEN,Cc1cc2cc3c(C)cc(=O)oc3c(C)c2o1,228.247,3.464,43.35,0,3,0,3,17,4.0
CHEMBL1477,CERIVASTATIN,COCc1c(C(C)C)nc(C(C)C)c(/C=C/[C@@H](O)C[C@@H](O)CC(=O)O)c1-c1ccc(F)cc1,459.558,4.881,99.88,3,5,11,2,33,0.0
CHEMBL1478,LITHOCHOLIC ACID,C[C@H](CCC(=O)O)[C@H]1CC[C@H]2[C@@H]3CC[C@@H]4C[C@H](O)CC[C@]4(C)[C@H]3CC[C@]12C,376.581,5.507,57.53,2,2,4,0,27,1.0
CHEMBL1479,DANAZOL,C#C[C@]1(O)CC[C@H]2[C@@H]3CCC4=Cc5oncc5C[C@]4(C)[C@H]3CC[C@@]21C,337.463,4.221,46.26,1,3,0,1,25,3.0
CHEMBL1480,FELODIPINE,CCOC(=O)C1=C(C)NC(C)=C(C(=O)OC)C1c1cccc(Cl)c1Cl,384.259,3.964,64.63,1,5,4,1,25,3.0
CHEMBL1481,GLIMEPIRIDE,CCC1=C(C)CN(C(=O)NCCc2ccc(S(=O)(=O)NC(=O)N[C@H]3CC[C@H](C)CC3)cc2)C1=O,490.626,3.074,124.68,3,5,7,1,34,1.0
CHEMBL1482,BETHANECHOL,CC(C[N+](C)(C)C)OC(N)=O,161.225,0.176,52.32,1,2,3,0,11,3.0
CHEMBL1483,ALBENDAZOLE,CCCSc1ccc2[nH]c(NC(=O)OC)nc2c1,265.338,3.243,67.01,2,4,4,2,18,3.0
CHEMBL1484,NICARDIPINE,COC(=O)C1=C(C)NC(C)=C(C(=O)OCCN(C)Cc2ccccc2)C1c1cccc([N+](=O)[O-])c1,479.533,3.678,111.01,1,8,9,2,35,2.0
CHEMBL1485,ARGININE,N=C(N)NCCC[C@H](N)C(=O)O,174.204,-1.338,125.22,5,3,5,0,12,1.0
CHEMBL1486,TENOFOVIR DISOPROXIL FUMARATE,CC(C)OC(=O)OCOP(=O)(CO[C@H](C)Cn1cnc2c(N)ncnc21)OCOC(=O)OC(C)C.O=C(O)/C=C/C(=O)O,635.52,2.747,260.04,3,17,15,2,35,1.0
CHEMBL1487,ATORVASTATIN,CC(C)c1c(C(=O)Nc2ccccc2)c(-c2ccccc2)c(-c2ccc(F)cc2)n1CC[C@@H](O)C[C@@H](O)CC(=O)O,558.65,6.314,111.79,4,5,12,4,41,0.0
CHEMBL1488,URACIL MUSTARD,Oc1ncc(N(CCCl)CCCl)c(O)n1,252.101,1.172,69.48,2,5,5,1,15,2.0
CHEMBL1489,AZACITIDINE,Nc1ncn([C@@H]2O[C@H](CO)[C@@H](O)[C@H]2O)c(=O)n1,244.207,-3.168,143.72,4,9,2,1,17,1.0
CHEMBL1490,TRIHEXYPHENIDYL,OC(CCN1CCCCC1)(c1ccccc1)C1CCCCC1,301.474,4.331,23.47,1,2,5,1,22,3.0
CHEMBL1491,AMLODIPINE,CCOC(=O)C1=C(COCCN)NC(C)=C(C(=O)OC)C1c1ccccc1Cl,408.882,2.266,99.88,2,7,8,1,28,1.0
CHEMBL1492,DIPHENYLPYRALINE,CN1CCC(OC(c2ccccc2)c2ccccc2)CC1,281.399,3.887,12.47,0,2,4,2,21,4.0
CHEMBL1493,FLAVOXATE,Cc1c(-c2ccccc2)oc2c(C(=O)OCCN3CCCCC3)cccc2c1=O,391.467,4.411,59.75,0,5,5,3,29,2.0
CHEMBL1494,NORFLUOXETINE,NCCC(Oc1ccc(C(F)(F)F)cc1)c1ccccc1,295.304,4.174,35.25,1,2,5,2,21,3.0
CHEMBL1495,OXYPHENCYCLIMINE,CN1CCCN=C1COC(=O)C(O)(c1ccccc1)C1CCCCC1,344.455,2.732,62.13,1,5,5,1,25,4.0
CHEMBL1496,ROSUVASTATIN,CC(C)c1nc(N(C)S(C)(=O)=O)nc(-c2ccc(F)cc2)c1/C=C/[C@@H](O)C[C@@H](O)CC(=O)O,481.546,2.402,140.92,3,7,10,2,33,1.0
CHEMBL1497,BETAMETHASONE VALERATE,CCCCC(=O)O[C@]1(C(=O)CO)[C@@H](C)C[C@H]2[C@@H]3CCC4=CC(=O)C=C[C@]4(C)[C@@]3(F)[C@@H](O)C[C@@]21C,476.585,3.637,100.9,2,6,6,0,34,1.0
CHEMBL1498,DESOXYCORTICOSTERONE,C[C@]12CC[C@H]3[C@@H](CCC4=CC(=O)CC[C@@]43C)[C@@H]1CC[C@@H]2C(=O)CO,330.468,3.696,54.37,1,3,2,0,24,4.0
CHEMBL1499,CORTISONE,C[C@]12CCC(=O)C=C1CC[C@@H]1[C@@H]2C(=O)C[C@@]2(C)[C@H]1CC[C@]2(O)C(=O)CO,360.45,1.99,91.67,2,5,2,0,26,0.0
CHEMBL1500,DIHYDROMORPHINE,CN1CC[C@]23c4c5ccc(O)c4O[C@H]2[C@@H](O)CC[C@H]3[C@H]1C5,287.359,1.422,52.93,2,4,0,1,21,2.0
CHEMBL1501,FLUOCINONIDE,CC(=O)OCC(=O)[C@@]12OC(C)(C)O[C@@H]1C[C@H]1[C@@H]3C[C@H](F)C4=CC(=O)C=C[C@]4(C)[C@@]3(F)[C@@H](O)C[C@@]12C,494.531,2.938,99.13,1,7,3,0,35,2.0
CHEMBL1502,PANTOPRAZOLE,COc1ccnc(C[S+]([O-])c2nc3cc(OC(F)F)ccc3[nH]2)c1OC,383.376,2.884,92.32,1,6,7,3,26,2.0
CHEMBL1503,OMEPRAZOLE,COc1ccc2[nH]c([S+]([O-])Cc3ncc(C)c(OC)c3C)nc2c1,345.424,2.9,83.09,1,5,5,3,24,3.0
CHEMBL1504,TRIAMCINOLONE ACETONIDE,CC1(C)O[C@@H]2C[C@H]3[C@@H]4CCC5=CC(=O)C=C[C@]5(C)[C@@]4(F)[C@@H](O)C[C@]3(C)[C@]2(C(=O)CO)O1,434.504,2.419,93.06,2,6,2,0,31,1.0
CHEMBL1505,ALMOTRIPTAN,CN(C)CCc1c[nH]c2ccc(CS(=O)(=O)N3CCCC3)cc12,335.473,2.198,56.41,1,3,6,2,23,4.0
CHEMBL1506,CHLORAMPHENICOL PALMITATE,CCCCCCCCCCCCCCCC(=O)OC[C@@H](NC(=O)C(Cl)Cl)[C@H](O)c1ccc([N+](=O)[O-])cc1,561.547,6.941,118.77,2,6,21,1,37,0.0
CHEMBL1508,ESCITALOPRAM,CN(C)CCC[C@@]1(c2ccc(F)cc2)OCc2cc(C#N)ccc21,324.399,3.813,36.26,0,3,5,2,24,4.0
CHEMBL1509,DROSPIRENONE,C[C@]12CCC(=O)C=C1[C@@H]1C[C@@H]1[C@H]1[C@@H]3[C@@H]4C[C@@H]4[C@@]4(CCC(=O)O4)[C@@]3(C)CC[C@@H]12,366.501,4.306,43.37,0,3,0,0,27,2.0
CHEMBL1510,ELETRIPTAN,CN1CCC[C@@H]1Cc1c[nH]c2ccc(CCS(=O)(=O)c3ccccc3)cc12,382.529,3.821,53.17,1,3,6,3,27,3.0
CHEMBL1511,ESTRADIOL VALERATE,CCCCC(=O)O[C@H]1CC[C@H]2[C@@H]3CCc4cc(O)ccc4[C@H]3CC[C@]12C,356.506,5.35,46.53,1,3,4,1,26,3.0
CHEMBL1512,FLUNISOLIDE,CC1(C)O[C@@H]2C[C@H]3[C@@H]4C[C@H](F)C5=CC(=O)C=C[C@]5(C)[C@H]4[C@@H](O)C[C@]3(C)[C@]2(C(=O)CO)O1,434.504,2.275,93.06,2,6,2,0,31,1.0
CHEMBL1513,IRBESARTAN,CCCCC1=NC2(CCCC2)C(=O)N1Cc1ccc(-c2ccccc2-c2nnn[nH]2)cc1,428.54,4.777,87.13,1,5,7,3,32,1.0
CHEMBL1514,LEVOMETHADYL ACETATE,CC[C@H](OC(C)=O)C(C[C@H](C)N(C)C)(c1ccccc1)c1ccccc1,353.506,4.655,29.54,0,3,8,2,26,3.0
CHEMBL1515,METHIMAZOLE,Cn1ccnc1S,114.173,0.709,17.82,1,3,0,1,7,3.0
CHEMBL1516,OLMESARTAN,CCCc1nc(C(C)(C)O)c(C(=O)O)n1Cc1ccc(-c2ccccc2-c2nnn[nH]2)cc1,446.511,3.657,129.81,3,7,8,4,33,1.0
CHEMBL1517,OXYTETRACYCLINE,CN(C)[C@@H]1C(O)=C(C(N)=O)C(=O)[C@@]2(O)C(O)=C3C(=O)c4c(O)cccc4[C@@](C)(O)[C@H]3[C@H](O)[C@@H]12,460.439,-1.244,201.85,7,10,2,1,33,0.0
CHEMBL1518,PROPYLTHIOURACIL,CCCc1cc(=O)[nH]c(=S)[nH]1,170.237,1.385,48.65,2,2,2,1,11,2.0
CHEMBL1519,TRANDOLAPRIL,CCOC(=O)[C@H](CCc1ccccc1)N[C@@H](C)C(=O)N1[C@H](C(=O)O)C[C@H]2CCCC[C@@H]21,430.545,2.773,95.94,2,5,9,1,31,1.0
CHEMBL1520,VARDENAFIL,CCCc1nc(C)c2c(=O)nc(-c3cc(S(=O)(=O)N4CCN(CC)CC4)ccc3OCC)[nH]n12,488.614,2.07,112.9,1,8,8,3,34,2.0
CHEMBL1521,ZALEPLON,CCN(C(C)=O)c1cccc(-c2ccnc3c(C#N)cnn23)c1,305.341,2.641,74.29,0,5,3,3,23,3.0
CHEMBL1522,ESZOPICLONE,CN1CCN(C(=O)O[C@H]2c3nccnc3C(=O)N2c2ccc(Cl)cn2)CC1,388.815,1.568,91.76,0,7,2,2,27,1.0
CHEMBL1523,NORSANGUININE,Oc1ccc2c3c1O[C@H]1C[C@@H](O)C=C[C@@]31CCNC2,259.305,1.205,61.72,3,4,0,1,19,2.0
CHEMBL1524,SANGUININE,CN1CC[C@@]23C=C[C@H](O)C[C@@H]2Oc2c(O)ccc(c23)C1,273.332,1.547,52.93,2,4,0,1,20,2.0
CHEMBL1525,PERMETHRIN,CC1(C)C(C=C(Cl)Cl)C1C(=O)OCc1cccc(Oc2ccccc2)c1,391.294,6.113,35.53,0,3,6,2,26,2.0
CHEMBL1528,SODIUM FLUORIDE,[F-].[Na+],41.988,-5.992,0.0,0,0,0,,,3.0
CHEMBL1529,DIPHENIDOL HYDROCHLORIDE,Cl.OC(CCCN1CCCCC1)(c1ccccc1)c1ccccc1,345.914,4.61,23.47,1,2,6,2,23,3.0
CHEMBL1531,ETONOGESTREL,C#C[C@]1(O)CC[C@H]2[C@@H]3CCC4=CC(=O)CC[C@@H]4[C@H]3C(=C)C[C@@]21CC,324.464,4.049,37.3,1,2,1,0,24,3.0
CHEMBL1532,QUINETHAZONE,CCC1NC(=O)c2cc(S(N)(=O)=O)c(Cl)cc2N1,289.744,0.879,101.29,3,4,2,1,18,1.0
CHEMBL1533,DESOGESTREL,C#C[C@]1(O)CC[C@H]2[C@@H]3CCC4=CCCC[C@@H]4[C@H]3C(=C)C[C@@]21CC,310.481,4.87,20.23,1,1,1,0,23,3.0
CHEMBL1534,RIBOFLAVIN,Cc1cc2nc3c(=O)[nH]c(=O)nc-3n(C[C@H](O)[C@H](O)[C@H](O)CO)c2cc1C,376.369,-1.724,161.56,5,9,5,1,27,0.0
CHEMBL1535,HYDROXYCHLOROQUINE,CCN(CCO)CCCC(C)Nc1ccnc2cc(Cl)ccc12,335.879,3.783,48.39,2,4,9,2,23,3.0
CHEMBL1536,ERGOCALCIFEROL,C=C1CC[C@H](O)C/C1=C/C=C1\CCC[C@]2(C)[C@@H]([C@H](C)/C=C/[C@H](C)C(C)C)CC[C@@H]12,396.659,7.641,20.23,1,1,5,0,29,2.0
CHEMBL1537,AZLOCILLIN,CC1(C)S[C@@H]2[C@H](NC(=O)[C@H](NC(=O)N3CCNC3=O)c3ccccc3)C(=O)N2[C@H]1C(=O)O,461.5,0.094,148.15,4,6,5,1,32,0.0
CHEMBL1538,TENOFOVIR DISOPROXIL,CC(C)OC(=O)OCOP(=O)(CO[C@H](C)Cn1cnc2c(N)ncnc21)OCOC(=O)OC(C)C,519.448,3.036,185.44,1,15,13,2,35,2.0
CHEMBL1539,SULFADOXINE,COc1ncnc(NS(=O)(=O)c2ccc(N)cc2)c1OC,310.335,0.877,116.43,2,7,5,2,21,1.0
CHEMBL1540,PENCICLOVIR,Nc1nc(O)c2ncn(CCC(CO)CO)c2n1,253.262,-0.895,130.31,4,8,5,2,18,1.0
CHEMBL1541,CEFIXIME,C=CC1=C(C(=O)O)N2C(=O)[C@@H](NC(=O)/C(=N\OCC(=O)O)c3csc(N)n3)[C@H]2SC1,453.458,-0.545,184.51,4,10,8,1,30,0.0
CHEMBL1542,AZATHIOPRINE,Cn1cnc([N+](=O)[O-])c1Sc1ncnc2[nH]cnc12,277.269,1.146,115.42,1,8,3,3,19,2.0
CHEMBL1543,GLUTATHIONE,N[C@@H](CCC(=O)N[C@@H](CS)C(=O)NCC(=O)O)C(=O)O,307.328,-2.206,158.82,6,6,9,0,20,1.0
CHEMBL1544,LIOTHYRONINE,N[C@@H](Cc1cc(I)c(Oc2ccc(O)c(I)c2)c(I)c1)C(=O)O,650.976,3.953,92.78,3,4,5,2,23,1.0
CHEMBL1545,TIZOXANIDE,O=C(Nc1ncc([N+](=O)[O-])s1)c1ccccc1O,265.25,2.009,105.36,2,6,3,2,18,2.0
CHEMBL1546,HYDROXYAMPHETAMINE,CC(N)Cc1ccc(O)cc1,151.209,1.282,46.25,2,2,2,1,11,2.0
CHEMBL1547,THIAMINE ION,Cc1ncc(C[n+]2csc(CCO)c2C)c(N)n1,265.362,0.608,75.91,2,5,4,2,18,1.0
CHEMBL1549,HYDROCORTISONE CYPIONATE,C[C@]12CCC(=O)C=C1CC[C@@H]1[C@@H]2[C@@H](O)C[C@@]2(C)[C@H]1CC[C@]2(O)C(=O)COC(=O)CCC1CCCC1,486.649,4.303,100.9,2,6,6,0,35,0.0
CHEMBL1550,PHYTONADIONE,CC1=C(C/C=C(\C)CCC[C@H](C)CCC[C@H](C)CCCC(C)C)C(=O)c2ccccc2C1=O,450.707,9.158,34.14,0,2,14,1,33,2.0
CHEMBL1551,URSODIOL,C[C@H](CCC(=O)O)[C@H]1CC[C@H]2[C@@H]3[C@@H](O)C[C@@H]4C[C@H](O)CC[C@]4(C)[C@H]3CC[C@]12C,392.58,4.478,77.76,3,3,4,0,28,0.0
CHEMBL1552,GLYCOCHENODEOXYCHOLATE,C[C@H](CCC(=O)NCC(=O)O)[C@H]1CC[C@H]2[C@@H]3[C@H](O)C[C@@H]4C[C@H](O)CC[C@]4(C)[C@H]3CC[C@]12C,449.632,3.594,106.86,4,4,6,0,32,1.0
CHEMBL1554,DACTINOMYCIN,Cc1c2oc3c(C)ccc(C(=O)N[C@@H]4C(=O)N[C@H](C(C)C)C(=O)N5CCC[C@H]5C(=O)N(C)CC(=O)N(C)[C@@H](C(C)C)C(=O)O[C@@H]4C)c3nc-2c(C(=O)N[C@@H]2C(=O)N[C@H](C(C)C)C(=O)N3CCC[C@H]3C(=O)N(C)CC(=O)N(C)[C@@H](C(C)C)C(=O)O[C@@H]2C)c(N)c1=O,1255.438,0.726,359.98,5,18,8,,,0.0
CHEMBL1555,GALANTAMINE HYDROBROMIDE,Br.COc1ccc2c3c1O[C@H]1C[C@@H](O)C=C[C@@]31CCN(C)C2,368.271,2.428,41.93,1,4,1,1,21,3.0
CHEMBL1556,INOSINE,O=c1[nH]cnc2c1ncn2[C@@H]1O[C@H](CO)[C@@H](O)[C@H]1O,268.229,-2.269,133.49,4,8,2,2,19,1.0
CHEMBL1557,DOPAMINE HYDROCHLORIDE,Cl.NCCc1ccc(O)c(O)c1,189.642,1.021,66.48,3,3,2,1,11,2.0
CHEMBL1558,PRAZOSIN HYDROCHLORIDE,COc1cc2nc(N3CCN(C(=O)c4ccco4)CC3)nc(N)c2cc1OC.Cl,419.869,2.206,106.95,1,8,4,3,28,2.0
CHEMBL1559,MICONAZOLE NITRATE,Clc1ccc(COC(Cn2ccnc2)c2ccc(Cl)cc2Cl)c(Cl)c1.O=[N+]([O-])O,479.147,6.107,90.42,1,5,6,3,25,1.0
CHEMBL1560,CAPTOPRIL,C[C@H](CS)C(=O)N1CCC[C@H]1C(=O)O,217.29,0.628,57.61,2,3,3,0,14,2.0
CHEMBL1561,MIGLITOL,OCCN1C[C@H](O)[C@@H](O)[C@H](O)[C@H]1CO,207.226,-3.262,104.39,5,6,3,0,14,1.0
CHEMBL1562,HOMOVANILLIC ACID,COc1cc(CC(=O)O)ccc1O,182.175,1.028,66.76,2,3,3,1,13,2.0
CHEMBL1563,DAUNORUBICIN HYDROCHLORIDE,COc1cccc2c1C(=O)c1c(O)c3c(c(O)c1C2=O)C[C@@](O)(C(C)=O)C[C@@H]3O[C@H]1C[C@H](N)[C@H](O)[C@H](C)O1.Cl,563.987,1.451,185.84,5,11,4,2,38,0.0
CHEMBL1564,DIPHENYLPYRALINE HYDROCHLORIDE,CN1CCC(OC(c2ccccc2)c2ccccc2)CC1.Cl,317.86,4.309,12.47,0,2,4,2,21,3.0
CHEMBL1566,ACARBOSE,C[C@H]1O[C@H](O[C@H]2[C@H](O)[C@@H](O)[C@@H](O[C@H]3[C@H](O)[C@@H](O)[C@H](O)O[C@@H]3CO)O[C@@H]2CO)[C@H](O)[C@@H](O)[C@@H]1N[C@H]1C=C(CO)[C@@H](O)[C@H](O)[C@H]1O,645.608,-8.565,321.17,14,19,9,0,44,0.0
CHEMBL1567,SUNITINIB MALATE,CCN(CC)CCNC(=O)c1c(C)[nH]c(/C=C2\C(=O)Nc3ccc(F)cc32)c1C.O=C(O)C[C@H](O)C(=O)O,532.569,2.242,172.06,6,6,10,2,29,1.0
CHEMBL1568,FLUDARABINE,Nc1nc(F)nc2c1ncn2[C@@H]1O[C@H](CO)[C@@H](O)[C@@H]1O,285.235,-1.841,139.54,4,9,2,2,20,1.0
CHEMBL1569,AMANTADINE HYDROCHLORIDE,Cl.NC12CC3CC(CC(C3)C1)C2,187.714,2.336,26.02,1,1,0,0,11,4.0
CHEMBL1570,SULFOXONE,O=S(O)CNc1ccc(S(=O)(=O)c2ccc(NCS(=O)O)cc2)cc1,404.491,1.702,132.8,4,6,8,2,25,0.0
CHEMBL1571,TESTOLACTONE,C[C@]12C=CC(=O)C=C1CC[C@@H]1[C@@H]2CC[C@]2(C)OC(=O)CC[C@@H]12,300.398,3.59,43.37,0,3,0,0,22,4.0
CHEMBL1572,NETILMICIN,CCN[C@@H]1C[C@H](N)[C@@H](O[C@H]2OC(CN)=CC[C@H]2N)[C@H](O)[C@H]1O[C@H]1OC[C@](C)(O)[C@H](NC)[C@H]1O,475.587,-3.201,199.73,8,12,8,0,33,0.0
CHEMBL1574,PHENTERMINE,CC(C)(N)Cc1ccccc1,149.237,1.966,26.02,1,1,2,1,11,3.0
CHEMBL1575,ESTRAMUSTINE,C[C@]12CC[C@@H]3c4ccc(OC(=O)N(CCCl)CCCl)cc4CC[C@H]3[C@@H]1CC[C@@H]2O,440.411,5.182,49.77,1,3,5,1,29,2.0
CHEMBL1576,ETHINAMATE,C#CC1(OC(N)=O)CCCCC1,167.208,1.418,52.32,1,2,1,0,12,3.0
CHEMBL1577,METHYCLOTHIAZIDE,CN1C(CCl)Nc2cc(Cl)c(S(N)(=O)=O)cc2S1(=O)=O,360.244,0.598,109.57,2,5,2,1,20,0.0
CHEMBL1578,ANISOTROPINE METHYLBROMIDE,CCCC(CCC)C(=O)O[C@H]1C[C@H]2CC[C@@H](C1)[N+]2(C)C.[Br-],362.352,0.52,26.3,0,2,6,0,20,2.0
CHEMBL1579,PARAMETHASONE,C[C@@H]1C[C@H]2[C@@H]3C[C@H](F)C4=CC(=O)C=C[C@]4(C)[C@H]3[C@@H](O)C[C@]2(C)[C@@]1(O)C(=O)CO,392.467,1.752,94.83,3,5,2,0,28,0.0
CHEMBL1580,PENTOSTATIN,OC[C@H]1O[C@@H](n2cnc3c2N=CNC[C@H]3O)C[C@@H]1O,268.273,-1.18,112.13,4,8,2,1,19,1.0
CHEMBL1581,PERINDOPRIL,CCC[C@H](N[C@@H](C)C(=O)N1[C@H](C(=O)O)C[C@@H]2CCCC[C@@H]21)C(=O)OCC,368.474,1.941,95.94,2,5,8,0,26,0.0
CHEMBL1582,DROMOSTANOLONE,C[C@@H]1C[C@@]2(C)[C@@H](CC[C@@H]3[C@@H]2CC[C@]2(C)[C@@H](O)CC[C@@H]32)CC1=O,304.474,4.205,37.3,1,2,0,0,22,3.0
CHEMBL1583,BACAMPICILLIN,CCOC(=O)OC(C)OC(=O)[C@@H]1N2C(=O)[C@@H](NC(=O)[C@H](N)c3ccccc3)[C@H]2SC1(C)C,465.528,1.296,137.26,2,9,7,1,32,0.0
CHEMBL1584,PIPERACETAZINE,CC(=O)c1ccc2c(c1)N(CCCN1CCC(CCO)CC1)c1ccccc1S2,410.583,4.976,43.78,1,5,7,2,29,2.0
CHEMBL1585,PIPOBROMAN,O=C(CCBr)N1CCN(C(=O)CCBr)CC1,356.058,1.227,40.62,0,2,4,0,16,3.0
CHEMBL1586,BECLOMETHASONE,C[C@H]1C[C@H]2[C@@H]3CCC4=CC(=O)C=C[C@]4(C)[C@@]3(Cl)[C@@H](O)C[C@]2(C)[C@@]1(O)C(=O)CO,408.922,2.165,94.83,3,5,2,0,28,1.0
CHEMBL1587,POLYTHIAZIDE,CN1C(CSCC(F)(F)F)Nc2cc(Cl)c(S(N)(=O)=O)cc2S1(=O)=O,439.89,1.655,109.57,2,6,4,1,25,0.0
CHEMBL1588,THIAMINE,Cc1ncc(C[n+]2csc(CCO)c2C)c(N)n1.[Cl-],300.815,-2.388,75.91,2,5,4,2,18,1.0
CHEMBL1589,ACETOHEXAMIDE,CC(=O)c1ccc(S(=O)(=O)NC(=O)NC2CCCCC2)cc1,324.402,2.21,92.34,2,4,4,1,22,2.0
CHEMBL1590,PSEUDOEPHEDRINE,CN[C@@H](C)[C@@H](O)c1ccccc1,165.236,1.328,32.26,2,2,3,1,12,2.0
CHEMBL1591,DEMECLOCYCLINE,CN(C)[C@@H]1C(O)=C(C(N)=O)C(=O)[C@@]2(O)C(O)=C3C(=O)c4c(O)ccc(Cl)c4[C@@H](O)[C@H]3C[C@@H]12,464.858,0.265,181.62,6,9,2,1,32,0.0
CHEMBL1592,QUINAPRIL,CCOC(=O)[C@H](CCc1ccccc1)N[C@@H](C)C(=O)N1Cc2ccccc2C[C@H]1C(=O)O,438.524,2.567,95.94,2,5,9,2,32,1.0
CHEMBL1593,ALDOPHOSPHAMIDE,NP(=O)(OCCC=O)N(CCCl)CCCl,277.088,1.438,72.63,1,3,9,0,15,2.0
CHEMBL1594,PANTOTHENIC ACID,CC(C)(CO)[C@@H](O)C(=O)NCCC(=O)O,219.237,-1.043,106.86,4,4,6,0,15,1.0
CHEMBL1595,DIHYDROCODEINE,COc1ccc2c3c1O[C@H]1[C@@H](O)CC[C@H]4[C@@H](C2)N(C)CC[C@@]341,301.386,1.725,41.93,1,4,1,1,22,3.0
CHEMBL1596,CARBENICILLIN INDANYL,CC1(C)S[C@@H]2[C@H](NC(=O)C(C(=O)Oc3ccc4c(c3)CCC4)c3ccccc3)C(=O)N2[C@H]1C(=O)O,494.569,2.496,113.01,2,6,6,2,35,1.0
CHEMBL1597,DIMERCAPROL,OCC(S)CS,124.23,0.207,20.23,3,3,2,0,6,2.0
CHEMBL1599,CEPHAPIRIN,CC(=O)OCC1=C(C(=O)O)N2C(=O)[C@@H](NC(=O)CSc3ccncc3)[C@H]2SC1,423.472,0.475,125.9,2,8,7,1,28,0.0
CHEMBL1600,DESETHYLAMIODARONE,CCCCc1oc2ccccc2c1C(=O)c1cc(I)c(OCCNCC)c(I)c1,617.265,6.204,51.47,1,4,10,3,29,2.0
CHEMBL1601,CEFONICID,O=C(O)C1=C(CSc2nnnn2CS(=O)(=O)O)CS[C@@H]2[C@H](NC(=O)[C@H](O)c3ccccc3)C(=O)N12,542.577,-0.917,204.91,4,12,9,2,35,0.0
CHEMBL1602,STILBESTROL DISULFATE,CC/C(=C(/CC)c1ccc(OS(=O)(=O)O)cc1)c1ccc(OS(=O)(=O)O)cc1,428.484,3.781,127.2,2,6,8,2,28,1.0
CHEMBL1603,STREPTOZOSIN,CN(N=O)C(=O)N[C@@H]1[C@@H](O)[C@H](O)[C@@H](CO)O[C@@H]1O,265.222,-2.891,151.92,5,8,3,0,18,1.0
CHEMBL1604,CEPHRADINE,CC1=C(C(=O)O)N2C(=O)[C@@H](NC(=O)[C@H](N)C3=CCC=CC3)[C@H]2SC1,349.412,0.349,112.73,3,5,4,0,24,1.0
CHEMBL1605,CEFTIBUTEN,Nc1nc(/C(=C/CC(=O)O)C(=O)N[C@@H]2C(=O)N3C(C(=O)O)=CCS[C@H]23)cs1,410.433,-0.048,162.92,4,8,6,1,27,0.0
CHEMBL1607,TOPOTECAN HYDROCHLORIDE,CC[C@@]1(O)C(=O)OCc2c1cc1n(c2=O)Cc2cc3c(CN(C)C)c(O)ccc3nc2-1.Cl,457.914,2.269,104.89,2,8,3,3,31,1.0
CHEMBL1608,DESMETHYLMIFEPRISTONE,CC#C[C@]1(O)CC[C@H]2[C@@H]3CCC4=CC(=O)CCC4=C3[C@@H](c3ccc(NC)cc3)C[C@@]21C,415.577,5.382,49.33,2,3,2,1,31,1.0
CHEMBL1609,MANDELIC ACID,O=C(O)C(O)c1ccccc1,152.149,0.805,57.53,2,2,2,1,11,2.0
CHEMBL1611,PHENYTOIN SODIUM,O=C1N=C([O-])NC1(c1ccccc1)c1ccccc1.[Na+],274.255,-2.22,64.52,1,3,2,2,19,3.0
CHEMBL1614,DESLANOSIDE,C[C@H]1O[C@@H](O[C@H]2CC[C@@]3(C)[C@H](CC[C@@H]4[C@@H]3C[C@@H](O)[C@]3(C)[C@@H](C5=CC(=O)OC5)CC[C@]43O)C2)C[C@H](O)[C@@H]1O[C@H]1C[C@H](O)[C@H](O[C@H]2C[C@H](O)[C@H](O[C@@H]3O[C@H](CO)[C@@H](O)[C@H](O)[C@H]3O)[C@@H](C)O2)[C@@H](C)O1,943.09,0.042,282.21,9,19,10,0,66,0.0
CHEMBL1617,RIFAXIMIN,CO[C@H]1/C=C/O[C@@]2(C)Oc3c(C)c(O)c4c(O)c(c5c(nc6cc(C)ccn65)c4c3C2=O)NC(=O)/C(C)=C\C=C\[C@H](C)[C@H](O)[C@@H](C)[C@@H](O)[C@@H](C)[C@H](OC(C)=O)[C@@H]1C,785.891,6.158,198.38,5,13,2,4,57,0.0
CHEMBL1618,CEFAMANDOLE NAFATE,Cn1nnnc1SCC1=C(C(=O)[O-])N2C(=O)[C@@H](NC(=O)[C@H](OC=O)c3ccccc3)[C@H]2SC1.[Na+],512.505,-4.376,159.44,1,12,9,2,33,1.0
CHEMBL1619,CLADRIBINE,Nc1nc(Cl)nc2c1ncn2[C@H]1C[C@H](O)[C@@H](CO)O1,285.691,-0.297,119.31,3,8,2,2,19,1.0
CHEMBL1620,DIPHENHYDRAMINE HYDROCHLORIDE,CN(C)CCOC(c1ccccc1)c1ccccc1.Cl,291.822,3.776,12.47,0,2,6,2,19,4.0
CHEMBL1621,PALIPERIDONE,Cc1nc2n(c(=O)c1CCN1CCC(c3noc4cc(F)ccc34)CC1)CCCC2O,426.492,3.081,84.39,1,7,4,3,31,2.0
CHEMBL1622,FOLIC ACID,Nc1nc(=O)c2nc(CNc3ccc(C(=O)N[C@@H](CCC(=O)O)C(=O)O)cc3)cnc2[nH]1,441.404,-0.045,213.28,6,9,9,3,32,0.0
CHEMBL1623,MECLIZINE,Cc1cccc(CN2CCN(C(c3ccccc3)c3ccc(Cl)cc3)CC2)c1,390.958,5.556,6.48,0,2,5,3,28,2.0
CHEMBL1624,LEVOTHYROXINE,N[C@@H](Cc1cc(I)c(Oc2cc(I)c(O)c(I)c2)c(I)c1)C(=O)O,776.872,4.557,92.78,3,4,5,2,24,0.0
CHEMBL1625,OXYBENZONE,COc1ccc(C(=O)c2ccccc2)c(O)c1,228.247,2.632,46.53,1,3,3,2,17,4.0
CHEMBL1626,CLEMASTINE,CN1CCC[C@@H]1CCO[C@](C)(c1ccccc1)c1ccc(Cl)cc1,343.898,5.104,12.47,0,2,6,2,24,3.0
CHEMBL1628,CHLORHEXIDINE GLUCONATE,N=C(NCCCCCCNC(=N)NC(=N)Nc1ccc(Cl)cc1)NC(=N)Nc1ccc(Cl)cc1.O=C(O)[C@H](O)[C@@H](O)[C@H](O)[C@H](O)CO,701.613,0.682,306.03,16,10,14,2,34,0.0
CHEMBL1630,AMODIAQUINE HYDROCHLORIDE,CCN(CC)Cc1cc(Nc2ccnc3cc(Cl)ccc23)ccc1O.Cl,392.33,5.601,48.39,2,4,6,3,25,1.0
CHEMBL1631,BIDESETHYL AMODIAQUINE,NCc1cc(Nc2ccnc3cc(Cl)ccc23)ccc1O,299.761,3.796,71.17,3,4,3,3,21,2.0
CHEMBL1632,CEPHALOTHIN SODIUM,CC(=O)OCC1=C(C(=O)[O-])N2C(=O)[C@@H](NC(=O)Cc3cccs3)[C@H]2SC1.[Na+],418.428,-3.738,115.84,1,8,6,1,26,1.0
CHEMBL1633,KETOTIFEN FUMARATE,CN1CCC(=C2c3ccccc3CC(=O)c3sccc32)CC1.O=C(O)/C=C/C(=O)O,425.506,3.726,94.91,2,5,2,2,22,1.0
CHEMBL1637,GEMCITABINE HYDROCHLORIDE,Cl.Nc1ccn([C@@H]2O[C@H](CO)[C@@H](O)C2(F)F)c(=O)n1,299.661,-0.867,110.6,3,7,2,1,18,1.0
CHEMBL1639,ALISKIREN,COCCCOc1cc(C[C@@H](C[C@H](N)[C@@H](O)C[C@H](C(=O)NCC(C)(C)C(N)=O)C(C)C)C(C)C)ccc1OC,551.769,3.294,146.13,4,7,19,1,39,1.0
CHEMBL1640,TRYPAN BLUE,Cc1cc(-c2ccc(/N=N/c3c(S(=O)(=O)[O-])cc4cc(S(=O)(=O)[O-])cc(N)c4c3O)c(C)c2)ccc1/N=N/c1c(S(=O)(=O)[O-])cc2cc(S(=O)(=O)[O-])cc(N)c2c1O.[Na+].[Na+].[Na+].[Na+],960.822,-6.684,370.74,4,20,9,6,58,0.0
CHEMBL1641,HYDROCORTISONE PHOSPHORIC ACID,C[C@]12CCC(=O)C=C1CC[C@@H]1[C@@H]2[C@@H](O)C[C@@]2(C)[C@H]1CC[C@]2(O)C(=O)COP(=O)(O)O,442.445,1.899,141.36,4,6,4,0,30,0.0
CHEMBL1642,IMATINIB MESYLATE,CS(=O)(=O)O.Cc1ccc(NC(=O)c2ccc(CN3CCN(C)CC3)cc2)cc1Nc1nccc(-c2cccnc2)n1,589.722,4.094,140.65,3,9,7,4,37,0.0
CHEMBL1643,RIBAVIRIN,NC(=O)c1ncn([C@@H]2O[C@H](CO)[C@@H](O)[C@H]2O)n1,244.207,-3.011,143.72,4,8,3,1,17,1.0
CHEMBL1644,CEFADROXIL,CC1=C(C(=O)O)N2C(=O)[C@@H](NC(=O)[C@H](N)c3ccc(O)cc3)[C@H]2SC1,363.395,0.151,132.96,4,6,4,1,25,0.0
CHEMBL1646,INDOCYANINE GREEN,CC1(C)C(/C=C/C=C/C=C/C=C2\N(CCCCS(=O)(=O)[O-])c3ccc4ccccc4c3C2(C)C)=[N+](CCCCS(=O)(=O)[O-])c2ccc3ccccc3c21.[Na+],774.981,5.374,120.65,0,7,14,4,53,1.0
CHEMBL1647,ACETAMINOPHEN GLUCURONIDE,CC(=O)Nc1ccc(O[C@@H]2O[C@H](C(=O)O)[C@@H](O)[C@H](O)[C@H]2O)cc1,327.289,-1.084,145.55,5,7,4,1,23,1.0
CHEMBL1648,ISRADIPINE,COC(=O)C1=C(C)NC(C)=C(C(=O)OC(C)C)C1c1cccc2nonc12,371.393,2.582,103.55,1,8,4,2,27,2.0
CHEMBL1649,DEMETHYL-CITALOPRAM,CNCCCC1(c2ccc(F)cc2)OCc2cc(C#N)ccc21,310.372,3.471,45.05,1,3,5,2,23,4.0
CHEMBL1650,CORTISONE ACETATE,CC(=O)OCC(=O)[C@@]1(O)CC[C@H]2[C@@H]3CCC4=CC(=O)CC[C@]4(C)[C@H]3C(=O)C[C@@]21C,402.487,2.561,97.74,1,6,3,0,29,2.0
CHEMBL1652,AMBENONIUM,CC[N+](CC)(CCNC(=O)C(=O)NCC[N+](CC)(CC)Cc1ccccc1Cl)Cc1ccccc1Cl,537.576,4.639,58.2,2,2,14,2,36,1.0
CHEMBL1653,PHENIRAMINE MALEATE,CN(C)CCC(c1ccccc1)c1ccccn1.O=C(O)/C=C\C(=O)O,356.422,2.877,90.73,2,4,7,2,18,2.0
CHEMBL1654,RISEDRONATE SODIUM,O=P([O-])(O)C(O)(Cc1cccnc1)P(=O)(O)O.[Na+],305.095,-4.002,151.01,4,5,4,1,17,1.0
CHEMBL1655,TOREMIFENE,CN(C)CCOc1ccc(/C(=C(/CCCl)c2ccccc2)c2ccccc2)cc1,405.969,6.215,12.47,0,2,9,3,29,2.0
CHEMBL1656,BIDESETHYL CHLOROQUINE,CC(CCCN)Nc1ccnc2cc(Cl)ccc12,263.772,3.428,50.94,2,3,5,2,18,3.0
CHEMBL1657,TAZAROTENE,CCOC(=O)c1ccc(C#Cc2ccc3c(c2)C(C)(C)CCS3)nc1,351.471,4.432,39.19,0,4,2,2,25,3.0
CHEMBL1658,RETAPAMULIN,C=C[C@]1(C)C[C@@H](OC(=O)CS[C@@H]2C[C@H]3CC[C@@H](C2)N3C)[C@]2(C)[C@H](C)CC[C@]3(CCC(=O)[C@H]32)[C@@H](C)[C@@H]1O,517.776,5.251,66.84,1,6,5,0,36,2.0
CHEMBL1659,CHLORPHENIRAMINE MALEATE,CN(C)CCC(c1ccc(Cl)cc1)c1ccccn1.O=C(O)/C=C\C(=O)O,390.867,3.53,90.73,2,4,7,2,19,1.0
CHEMBL1660,RIFAPENTINE,CO[C@H]1/C=C/O[C@@]2(C)Oc3c(C)c(O)c4c(O)c(c(/C=N/N5CCN(C6CCCC6)CC5)c(O)c4c3C2=O)NC(=O)/C(C)=C\C=C\[C@H](C)[C@H](O)[C@@H](C)[C@@H](O)[C@@H](C)[C@H](OC(C)=O)[C@@H]1C,877.045,5.648,220.15,6,15,5,2,63,0.0
CHEMBL1661,LACTITOL,OC[C@@H](O)[C@@H](O[C@@H]1O[C@H](CO)[C@H](O)[C@H](O)[C@H]1O)[C@H](O)[C@@H](O)CO,344.313,-5.761,200.53,9,11,8,0,23,1.0
CHEMBL1663,PERFLUTREN,FC(F)(F)C(F)(F)C(F)(F)F,188.017,2.746,0.0,0,0,0,0,11,4.0
CHEMBL1664,FOSAMPRENAVIR,CC(C)CN(C[C@@H](OP(=O)(O)O)[C@H](Cc1ccccc1)NC(=O)O[C@H]1CCOC1)S(=O)(=O)c1ccc(N)cc1,585.616,2.52,177.72,4,8,13,2,39,1.0
CHEMBL1665,ALBENDAZOLE OXIDE,CCC[S+]([O-])c1ccc2[nH]c(NC(=O)OC)nc2c1,281.337,2.259,90.07,2,4,4,2,19,2.0
CHEMBL1667,ALISKIREN FUMARATE,COCCCOc1cc(C[C@@H](C[C@H](N)[C@@H](O)C[C@H](C(=O)NCC(C)(C)C(N)=O)C(C)C)C(C)C)ccc1OC.O=C(O)/C=C/C(=O)O,667.841,3.005,220.73,6,9,21,1,39,1.0
CHEMBL1668,RESCINNAMINE,COC(=O)[C@H]1[C@H]2C[C@@H]3c4[nH]c5cc(OC)ccc5c4CCN3C[C@H]2C[C@@H](OC(=O)/C=C/c2cc(OC)c(OC)c(OC)c2)[C@@H]1OC,634.726,4.571,117.78,1,10,9,3,46,1.0
CHEMBL1669,CHLOROQUINE HYDROCHLORIDE,CCN(CC)CCCC(C)Nc1ccnc2cc(Cl)ccc12.Cl,356.341,5.232,28.16,1,3,8,2,22,3.0
CHEMBL1670,MITOTANE,Clc1ccc(C(c2ccccc2Cl)C(Cl)Cl)cc1,320.046,5.929,0.0,0,0,3,2,18,3.0
CHEMBL1671,PROPRANOLOL HYDROCHLORIDE,CC(C)NCC(O)COc1cccc2ccccc12.Cl,295.81,2.999,41.49,2,3,6,2,19,3.0
CHEMBL1672,CEFPODOXIME,COCC1=C(C(=O)O)N2C(=O)[C@@H](NC(=O)/C(=N\OC)c3csc(N)n3)[C@H]2SC1,427.464,-0.539,156.44,3,10,7,1,28,0.0
CHEMBL1673,ACYCLOVIR TRIPHOSPHATE,Nc1nc2c(ncn2COCCOP(=O)(O)OP(=O)(O)OP(=O)(O)O)c(=O)[nH]1,465.145,-0.981,258.64,6,12,10,2,28,0.0
CHEMBL1674,TELBIVUDINE 5'TRIPHOSPHATE,Cc1cn([C@@H]2C[C@@H](O)[C@H](COP(=O)(O)OP(=O)(O)OP(=O)(O)O)O2)c(=O)[nH]c1=O,482.168,-1.163,244.14,6,11,8,1,29,0.0
CHEMBL1675,VITAMIN A PALMITATE,CCCCCCCCCCCCCCCC(=O)OC/C=C(C)/C=C/C=C(C)/C=C/C1=C(C)CCCC1(C)C,524.874,11.542,26.3,0,2,20,0,38,2.0
CHEMBL1676,FLUTICASONE FUROATE,C[C@@H]1C[C@H]2[C@@H]3C[C@H](F)C4=CC(=O)C=C[C@]4(C)[C@@]3(F)[C@@H](O)C[C@]2(C)[C@@]1(OC(=O)c1ccco1)C(=O)SCF,538.584,4.927,93.81,1,7,4,1,37,1.0
CHEMBL1677,TACRINE HYDROCHLORIDE,Cl.Nc1c2c(nc3ccccc13)CCCC2,234.73,3.118,38.91,1,2,0,2,15,4.0
CHEMBL1678,DONEPEZIL HYDROCHLORIDE,COc1cc2c(cc1OC)C(=O)C(CC1CCN(Cc3ccccc3)CC1)C2.Cl,415.961,4.783,38.77,0,4,6,2,28,2.0
CHEMBL1679,LEUCOVORIN,Nc1nc(=O)c2c([nH]1)NCC(CNc1ccc(C(=O)N[C@@H](CCC(=O)O)C(=O)O)cc1)N2C=O,473.446,-0.731,219.84,7,9,10,2,34,0.0
CHEMBL1680,OCTREOTIDE,C[C@@H](O)[C@@H]1NC(=O)[C@H](CCCCN)NC(=O)[C@@H](Cc2c[nH]c3ccccc23)NC(=O)[C@H](Cc2ccccc2)NC(=O)[C@@H](NC(=O)[C@H](N)Cc2ccccc2)CSSC[C@@H](C(=O)N[C@H](CO)[C@@H](C)O)NC1=O,1019.261,-0.805,332.22,13,14,17,,,0.0
CHEMBL1681,IODOHIPPURATE,O=C(O)CNC(=O)c1ccccc1I,305.071,1.106,66.4,2,2,3,1,14,2.0
CHEMBL1682,SORBITOL,OC[C@@H](O)[C@@H](O)[C@H](O)[C@@H](O)CO,182.172,-3.585,121.38,6,6,5,0,12,1.0
CHEMBL1683,HYDROCORTISONE BUTYRATE,CCCC(=O)O[C@]1(C(=O)CO)CC[C@H]2[C@@H]3CCC4=CC(=O)CC[C@]4(C)[C@H]3[C@@H](O)C[C@@]21C,432.557,3.133,100.9,2,6,5,0,31,1.0
CHEMBL1684,BENDROFLUMETHIAZIDE,NS(=O)(=O)c1cc2c(cc1C(F)(F)F)NC(Cc1ccccc1)NS2(=O)=O,421.422,1.625,118.36,3,5,3,2,27,0.0
CHEMBL1685,DEZOCINE,C[C@@]12CCCCC[C@@H](Cc3ccc(O)cc31)[C@@H]2N,245.366,3.114,46.25,2,2,0,1,18,3.0
CHEMBL1686,ALPHA-KETOGLUTARIC ACID,O=C(O)CCC(=O)C(=O)O,146.098,-0.495,91.67,2,3,4,0,10,1.0
CHEMBL1687,TUBOCURARINE CHLORIDE,COc1cc2c3cc1Oc1cc(ccc1O)C[C@@H]1c4c(cc(OC)c(O)c4Oc4ccc(cc4)C[C@@H]3N(C)CC2)CC[N+]1(C)C.[Cl-],645.196,3.705,80.62,2,7,2,4,45,1.0
CHEMBL1689,TOLAZOLINE HYDROCHLORIDE,Cl.c1ccc(CC2=NCCN2)cc1,196.681,1.653,24.39,1,2,2,1,12,3.0
CHEMBL1690,HYDROXYCHLOROQUINE SULFATE,CCN(CCO)CCCC(C)Nc1ccnc2cc(Cl)ccc12.O=S(=O)(O)O,433.958,3.13,122.99,4,6,9,2,23,1.0
CHEMBL1691,BETAXOLOL HYDROCHLORIDE,CC(C)NCC(O)COc1ccc(CCOCC2CC2)cc1.Cl,343.895,2.815,50.72,2,4,11,1,22,3.0
CHEMBL1692,IMIPRAMINE HYDROCHLORIDE,CN(C)CCCN1c2ccccc2CCc2ccccc21.Cl,316.876,4.297,6.48,0,2,4,2,21,3.0
CHEMBL1693,DIETHYLPROPION HYDROCHLORIDE,CCN(CC)C(C)C(=O)c1ccccc1.Cl,241.762,3.021,20.31,0,2,5,1,15,4.0
CHEMBL1694,BENAZEPRIL HYDROCHLORIDE,CCOC(=O)[C@H](CCc1ccccc1)N[C@H]1CCc2ccccc2N(CC(=O)O)C1=O.Cl,460.958,2.995,95.94,2,5,9,2,31,1.0
CHEMBL1695,TIAGABINE HYDROCHLORIDE,Cc1ccsc1C(=CCCN1CCC[C@@H](C(=O)O)C1)c1sccc1C.Cl,412.02,5.467,40.54,1,4,6,2,25,2.0
CHEMBL1696,DESIPRAMINE HYDROCHLORIDE,CNCCCN1c2ccccc2CCc2ccccc21.Cl,302.849,3.955,15.27,1,2,4,2,20,4.0
CHEMBL1697,DILTIAZEM HYDROCHLORIDE,COc1ccc([C@@H]2Sc3ccccc3N(CCN(C)C)C(=O)[C@@H]2OC(C)=O)cc1.Cl,450.988,3.79,59.08,0,6,6,2,29,3.0
CHEMBL1698,BUPROPION HYDROCHLORIDE,CC(NC(C)(C)C)C(=O)c1cccc(Cl)c1.Cl,276.207,3.721,29.1,1,2,3,1,16,4.0
CHEMBL1699,MEMANTINE HYDROCHLORIDE,CC12CC3CC(C)(C1)CC(N)(C3)C2.Cl,215.768,3.116,26.02,1,1,0,0,13,4.0
CHEMBL1700,SOTALOL HYDROCHLORIDE,CC(C)NCC(O)c1ccc(NS(C)(=O)=O)cc1.Cl,308.831,1.511,78.43,3,4,6,1,18,1.0
CHEMBL1701,MEPERIDINE HYDROCHLORIDE,CCOC(=O)C1(c2ccccc2)CCN(C)CC1.Cl,283.799,2.635,29.54,0,3,3,1,18,4.0
CHEMBL1702,ATOMOXETINE HYDROCHLORIDE,CNCC[C@@H](Oc1ccccc1C)c1ccccc1.Cl,291.822,4.146,21.26,1,2,6,2,19,3.0
CHEMBL1703,METFORMIN HYDROCHLORIDE,CN(C)C(=N)NC(=N)N.Cl,165.628,-0.612,88.99,4,2,0,0,9,1.0
CHEMBL1704,TIROFIBAN HYDROCHLORIDE,CCCCS(=O)(=O)N[C@@H](Cc1ccc(OCCCCC2CCNCC2)cc1)C(=O)O.Cl,477.067,3.372,104.73,3,5,14,1,30,1.0
CHEMBL1705,CLONIDINE HYDROCHLORIDE,Cl.Clc1cccc(Cl)c1NC1=NCCN1,266.559,2.786,36.42,2,3,1,1,14,3.0
CHEMBL1706,NAPHAZOLINE HYDROCHLORIDE,Cl.c1ccc2c(CC3=NCCN3)cccc2c1,246.741,2.806,24.39,1,2,2,2,16,4.0
CHEMBL1707,LOPERAMIDE HYDROCHLORIDE,CN(C)C(=O)C(CCN1CCC(O)(c2ccc(Cl)cc2)CC1)(c1ccccc1)c1ccccc1.Cl,513.509,5.51,43.78,1,3,7,3,34,2.0
CHEMBL1708,PAROXETINE HYDROCHLORIDE,Cl.Fc1ccc([C@@H]2CCNC[C@H]2COc2ccc3c(c2)OCO3)cc1,365.832,3.748,39.72,1,4,4,2,24,3.0
CHEMBL1709,SERTRALINE HYDROCHLORIDE,CN[C@H]1CC[C@@H](c2ccc(Cl)c(Cl)c2)c2ccccc21.Cl,342.697,5.601,12.03,1,1,2,2,20,3.0
CHEMBL1710,TRIFLUOPERAZINE HYDROCHLORIDE,CN1CCN(CCCN2c3ccccc3Sc3ccc(C(F)(F)F)cc32)CC1.Cl,443.966,5.367,9.72,0,4,4,2,28,2.0
CHEMBL1711,ISOPROTERENOL HYDROCHLORIDE,CC(C)NCC(O)c1ccc(O)c(O)c1.Cl,247.722,1.551,72.72,4,4,4,1,15,1.0
CHEMBL1712,ZIPRASIDONE HYDROCHLORIDE,Cl.O=C1Cc2cc(CCN3CCN(c4nsc5ccccc45)CC3)c(Cl)cc2N1,449.407,4.231,48.47,1,5,4,3,28,2.0
CHEMBL1713,CHLORPROMAZINE HYDROCHLORIDE,CN(C)CCCN1c2ccccc2Sc2ccc(Cl)cc21.Cl,355.334,5.316,6.48,0,3,4,2,21,3.0
CHEMBL1714,KETAMINE HYDROCHLORIDE,CNC1(c2ccccc2Cl)CCCCC1=O.Cl,274.191,3.32,29.1,1,2,2,1,16,4.0
CHEMBL1715,PIOGLITAZONE HYDROCHLORIDE,CCc1ccc(CCOc2ccc(CC3SC(=O)NC3=O)cc2)nc1.Cl,392.908,3.581,68.29,1,5,7,2,25,3.0
CHEMBL1716,CYPROHEPTADINE HYDROCHLORIDE,CN1CCC(=C2c3ccccc3C=Cc3ccccc32)CC1.Cl,323.867,5.12,3.24,0,1,0,2,22,3.0
CHEMBL1717,TICLOPIDINE HYDROCHLORIDE,Cl.Clc1ccccc1CN1CCc2sccc2C1,300.254,4.382,3.24,0,2,2,2,17,3.0
CHEMBL1718,NALOXONE HYDROCHLORIDE,C=CCN1CC[C@]23c4c5ccc(O)c4O[C@H]2C(=O)CC[C@@]3(O)[C@H]1C5.Cl,363.841,1.723,70.0,2,5,2,1,24,0.0
CHEMBL1719,OLOPATADINE HYDROCHLORIDE,CN(C)CC/C=C1/c2ccccc2COc2ccc(CC(=O)O)cc21.Cl,373.88,4.011,49.77,1,3,5,2,25,2.0
CHEMBL1720,PALONOSETRON HYDROCHLORIDE,Cl.O=C1c2cccc3c2[C@H](CCC3)CN1[C@@H]1CN2CCC1CC2,332.875,3.078,23.55,0,2,1,1,22,4.0
CHEMBL1722,METHYLPHENIDATE HYDROCHLORIDE,COC(=O)C(c1ccccc1)C1CCCCN1.Cl,269.772,2.507,38.33,1,3,3,1,17,4.0
CHEMBL1723,ALFUZOSIN HYDROCHLORIDE,COc1cc2nc(N(C)CCCNC(=O)C3CCCO3)nc(N)c2cc1OC.Cl,425.917,1.772,111.83,2,8,8,2,28,0.0
CHEMBL1724,MEPENZOLATE BROMIDE,C[N+]1(C)CCCC(OC(=O)C(O)(c2ccccc2)c2ccccc2)C1.[Br-],420.347,-0.291,46.53,1,3,4,2,25,2.0
CHEMBL1725,IOPROMIDE,COCC(=O)Nc1c(I)c(C(=O)NCC(O)CO)c(I)c(C(=O)N(C)CC(O)CO)c1I,791.115,-0.407,168.66,6,8,11,1,32,0.0
CHEMBL1726,NISOLDIPINE,COC(=O)C1=C(C)NC(C)=C(C(=O)OCC(C)C)C1c1ccccc1[N+](=O)[O-],388.42,3.202,107.77,1,7,6,1,28,2.0
CHEMBL1727,CEPHALEXIN ANHYDROUS,CC1=C(C(=O)O)N2C(=O)[C@@H](NC(=O)[C@H](N)c3ccccc3)[C@H]2SC1,347.396,0.445,112.73,3,5,4,1,24,1.0
CHEMBL1728,LOMEFLOXACIN HYDROCHLORIDE,CCn1cc(C(=O)O)c(=O)c2cc(F)c(N3CCNC(C)C3)c(F)c21.Cl,387.814,2.218,74.57,2,5,3,2,25,1.0
CHEMBL1729,CISAPRIDE,COc1cc(N)c(Cl)cc1C(=O)NC1CCN(CCCOc2ccc(F)cc2)CC1OC,465.953,3.358,86.05,2,6,9,2,32,1.0
CHEMBL1730,CEFOTAXIME,CO/N=C(\C(=O)N[C@@H]1C(=O)N2C(C(=O)O)=C(COC(C)=O)CS[C@H]12)c1csc(N)n1,455.474,-0.622,173.51,3,11,7,1,30,0.0
CHEMBL1731,MEZLOCILLIN,CC1(C)S[C@@H]2[C@H](NC(=O)[C@H](NC(=O)N3CCN(S(C)(=O)=O)C3=O)c3ccccc3)C(=O)N2[C@H]1C(=O)O,539.592,-0.234,173.5,3,8,6,1,36,0.0
CHEMBL1732,DIHYDROERGOTAMINE,CN1C[C@H](C(=O)N[C@]2(C)O[C@@]3(O)[C@@H]4CCCN4C(=O)[C@H](Cc4ccccc4)N3C2=O)C[C@@H]2c3cccc4[nH]cc(c34)C[C@H]21,583.689,2.081,118.21,3,6,4,3,43,1.0
CHEMBL1733,QUINAPRILAT,C[C@H](N[C@@H](CCc1ccccc1)C(=O)O)C(=O)N1Cc2ccccc2C[C@H]1C(=O)O,410.47,2.089,106.94,3,4,8,2,30,1.0
CHEMBL1734,SOLIFENACIN,O=C(O[C@H]1CN2CCC1CC2)N1CCc2ccccc2[C@@H]1c1ccccc1,362.473,3.865,32.78,0,3,2,2,27,3.0
CHEMBL1735,INDINAVIR SULFATE,CC(C)(C)NC(=O)[C@@H]1CN(Cc2cccnc2)CCN1C[C@@H](O)C[C@@H](Cc1ccccc1)C(=O)N[C@H]1c2ccccc2C[C@H]1O.O=S(=O)(O)O,711.882,2.214,192.63,6,9,11,3,45,1.0
CHEMBL1736,METRIZOIC ACID,CC(=O)Nc1c(I)c(C(=O)O)c(I)c(N(C)C(C)=O)c1I,627.942,3.14,86.71,2,3,3,1,21,1.0
CHEMBL1737,SILDENAFIL CITRATE,CCCc1nn(C)c2c(=O)[nH]c(-c3cc(S(=O)(=O)N4CCN(C)CC4)ccc3OCC)nc12.O=C(O)CC(O)(CC(=O)O)C(=O)O,666.71,0.362,245.55,5,12,12,3,33,0.0
CHEMBL1738,DEXRAZOXANE,C[C@@H](CN1CC(=O)NC(=O)C1)N1CC(=O)NC(=O)C1,268.273,-2.708,98.82,2,6,3,0,19,1.0
CHEMBL1739,METOCURINE IODIDE,COc1ccc2cc1Oc1cc3c(cc1OC)CC[N+](C)(C)[C@H]3Cc1ccc(cc1)Oc1c(OC)c(OC)cc3c1[C@@H](C2)[N+](C)(C)CC3.[I-].[I-],906.64,1.46,55.38,0,6,4,4,48,2.0
CHEMBL1740,RACEPINEPHRINE,CNCC(O)c1ccc(O)c(O)c1,183.207,0.351,72.72,4,4,3,1,13,1.0
CHEMBL1741,CLARITHROMYCIN,CC[C@H]1OC(=O)[C@H](C)[C@@H](O[C@H]2C[C@@](C)(OC)[C@@H](O)[C@H](C)O2)[C@H](C)[C@@H](O[C@@H]2O[C@H](C)C[C@H](N(C)C)[C@H]2O)[C@](C)(OC)C[C@@H](C)C(=O)[C@H](C)[C@@H](O)[C@]1(C)O,747.964,2.44,182.91,4,14,8,0,52,1.0
CHEMBL1743,CEFDITOREN,CO/N=C(\C(=O)N[C@@H]1C(=O)N2C(C(=O)O)=C(/C=C\c3scnc3C)CS[C@H]12)c1csc(N)n1,506.591,1.293,160.1,3,11,7,2,33,0.0
CHEMBL1745,METHYLDIETHYL CARBAMODITHIOATE,CCN(CC)C(=S)SC,163.311,1.976,3.24,0,2,2,0,9,3.0
CHEMBL1746,SODIUM PHENYLBUTYRATE,O=C([O-])CCCc1ccccc1.[Na+],186.186,-2.237,40.13,0,2,4,1,12,3.0
CHEMBL1747,TOBRAMYCIN,NC[C@H]1O[C@H](O[C@H]2[C@H](O)[C@@H](O[C@H]3O[C@H](CO)[C@@H](O)[C@H](N)[C@H]3O)[C@H](N)C[C@@H]2N)[C@H](N)C[C@@H]1O,467.52,-6.296,268.17,10,14,6,0,32,0.0
CHEMBL1748,NORCISAPRIDE,COc1cc(N)c(Cl)cc1C(=O)NC1CCNCC1OC,313.785,1.037,85.61,3,5,4,1,21,1.0
CHEMBL1749,EDETATE DISODIUM ANHYDROUS,O=C([O-])CN(CCN(CC(=O)[O-])CC(=O)O)CC(=O)O.[Na+].[Na+],336.208,-10.733,161.34,2,8,11,,,1.0
CHEMBL1750,CLOFARABINE,Nc1nc(Cl)nc2c1ncn2[C@@H]1O[C@H](CO)[C@@H](O)[C@@H]1F,303.681,-0.349,119.31,3,8,2,2,20,1.0
CHEMBL1751,DIGOXIN,C[C@H]1O[C@@H](O[C@H]2[C@@H](O)C[C@H](O[C@H]3[C@@H](O)C[C@H](O[C@H]4CC[C@@]5(C)[C@H](CC[C@@H]6[C@@H]5C[C@@H](O)[C@]5(C)[C@@H](C7=CC(=O)OC7)CC[C@]65O)C4)O[C@@H]3C)O[C@@H]2C)C[C@H](O)[C@@H]1O,780.949,2.218,203.06,6,14,7,0,55,1.0
CHEMBL1752,DYPHYLLINE,Cn1c(=O)c2c(ncn2CC(O)CO)n(C)c1=O,254.246,-2.213,102.28,2,8,3,2,18,1.0
CHEMBL1753,CLINDAMYCIN,CCC[C@@H]1C[C@@H](C(=O)N[C@@H]([C@H]2O[C@H](SC)[C@H](O)[C@@H](O)[C@H]2O)[C@H](C)Cl)N(C)C1,424.991,0.39,102.26,4,7,7,0,27,0.0
CHEMBL1754,DOXAPRAM,CCN1CC(CCN2CCOCC2)C(c2ccccc2)(c2ccccc2)C1=O,378.516,3.173,32.78,0,3,6,2,28,3.0
CHEMBL1755,CONIVAPTAN,Cc1nc2c([nH]1)-c1ccccc1N(C(=O)c1ccc(NC(=O)c3ccccc3-c3ccccc3)cc1)CC2,498.586,6.507,78.09,2,3,4,5,38,0.0
CHEMBL1756,ESTRAMUSTINE PHOSPHATE,C[C@]12CC[C@@H]3c4ccc(OC(=O)N(CCCl)CCCl)cc4CC[C@H]3[C@@H]1CC[C@@H]2OP(=O)(O)O,520.39,5.299,96.3,2,4,7,1,33,0.0
CHEMBL1757,FOSFOMYCIN,C[C@@H]1O[C@@H]1P(=O)(O)O,138.059,-0.091,70.06,2,2,1,0,8,1.0
CHEMBL1760,TERBUTALINE,CC(C)(C)NCC(O)c1cc(O)cc(O)c1,225.288,1.519,72.72,4,4,3,1,16,1.0
CHEMBL1761,PROCYCLIDINE HYDROCHLORIDE,Cl.OC(CCN1CCCC1)(c1ccccc1)C1CCCCC1,323.908,4.362,23.47,1,2,5,1,21,3.0
CHEMBL1762,TOCAINIDE,Cc1cccc(C)c1NC(=O)C(C)N,192.262,1.589,55.12,2,2,2,1,14,2.0
CHEMBL1763,HYDROFLUMETHIAZIDE,NS(=O)(=O)c1cc2c(cc1C(F)(F)F)NCNS2(=O)=O,331.297,0.014,118.36,3,5,1,1,20,1.0
CHEMBL1764,LEVOMEPROMAZINE,COc1ccc2c(c1)N(C[C@H](C)CN(C)C)c1ccccc1S2,328.481,4.496,15.71,0,4,5,2,23,3.0
CHEMBL1766,DESOXIMETASONE,C[C@@H]1C[C@H]2[C@@H]3CCC4=CC(=O)C=C[C@]4(C)[C@@]3(F)[C@@H](O)C[C@]2(C)[C@H]1C(=O)CO,376.468,2.781,74.6,2,4,2,0,27,1.0
CHEMBL1768,BETHANECHOL CHLORIDE,CC(C[N+](C)(C)C)OC(N)=O.[Cl-],196.678,-2.82,52.32,1,2,3,0,11,3.0
CHEMBL1769,PROPOXYCAINE HYDROCHLORIDE,CCCOc1cc(N)ccc1C(=O)OCCN(CC)CC.Cl,330.856,2.978,64.79,1,5,9,1,21,4.0
CHEMBL1770,LEVAMISOLE HYDROCHLORIDE,Cl.c1ccc([C@H]2CN3CCSC3=N2)cc1,240.759,2.568,15.6,0,3,1,1,14,4.0
CHEMBL1771,CLOPIDOGREL,COC(=O)[C@H](c1ccccc1Cl)N1CCc2sccc2C1,321.829,3.674,29.54,0,4,3,2,21,4.0
CHEMBL1773,CAPECITABINE,CCCCCOC(=O)Nc1nc(=O)n([C@@H]2O[C@H](C)[C@@H](O)[C@H]2O)cc1F,359.354,0.76,122.91,3,8,6,1,25,1.0
CHEMBL6206,BROMOENOL LACTONE,O=C1O/C(=C/Br)CCC1c1cccc2ccccc12,317.182,4.497,26.3,0,2,1,2,19,3.0
CHEMBL6209,MERAFLOXACIN,CCNCC1CCN(c2c(F)cc3c(=O)c(C(=O)O)cn(CC)c3c2F)C1,379.407,2.434,74.57,2,5,6,2,27,1.0
CHEMBL6210,PD-117558,CCNCC1CCN(c2c(F)cc3c(=O)c(C(=O)O)cn(C4CC4)c3c2F)C1,391.418,2.749,74.57,2,5,6,2,28,1.0
CHEMBL6231,AMIFLOXACIN,CNn1cc(C(=O)O)c(=O)c2cc(F)c(N3CCN(C)CC3)cc21,334.351,0.764,77.81,2,6,3,2,24,1.0
CHEMBL6246,ELLAGIC ACID,O=c1oc2c(O)c(O)cc3c(=O)oc4c(O)c(O)cc1c4c23,302.194,1.313,141.34,4,8,0,4,22,1.0
CHEMBL6259,DIFLOXACIN,CN1CCN(c2cc3c(cc2F)c(=O)c(C(=O)O)cn3-c2ccc(F)cc2)CC1,399.397,2.719,65.78,1,5,3,3,29,3.0
CHEMBL6269,SC-58272,Cc1nccn1CCCCc1ccc(CC(=O)N[C@@H](CO)C(=O)N[C@@H](CCCCN)C(=O)NCCC2CCCCC2)cc1,596.817,2.934,151.37,5,7,19,2,43,1.0
CHEMBL6273,FLEROXACIN,CN1CCN(c2c(F)cc3c(=O)c(C(=O)O)cn(CCF)c3c2F)CC1,369.343,1.699,65.78,1,5,4,2,26,2.0
CHEMBL6291,BISINDOLYLMALEIMIDE IX,Cn1cc(C2=C(c3cn(CCCSC(=N)N)c4ccccc34)C(=O)NC2=O)c2ccccc21,457.559,3.717,105.9,3,6,6,4,33,1.0
CHEMBL6318,IDOXIFENE,CC/C(=C(\c1ccc(I)cc1)c1ccc(OCCN2CCCC2)cc1)c1ccccc1,523.458,7.135,12.47,0,2,8,3,31,2.0
CHEMBL6322,PMS-601,CCN(CC)C(=O)OCC1CN(C(=O)c2cc(OC)c(OC)c(OC)c2)CCN1C(=O)c1cc(OC)c(OC)c(OC)c1,603.669,3.183,125.54,0,10,12,2,43,2.0
CHEMBL6346,SCR01020,O=C(C1CCCCN1)N1CCN(Cc2cccnc2)CC1,288.395,0.868,48.47,1,4,3,1,21,3.0
CHEMBL6367,GPI-1046,CCC(C)(C)C(=O)C(=O)N1CCC[C@H]1C(=O)OCCCc1cccnc1,360.454,2.554,76.57,0,5,8,1,26,2.0
CHEMBL6368,p-IODOAMPHETAMINE,CC(N)Cc1ccc(I)cc1,261.106,2.181,26.02,1,1,2,1,11,4.0
CHEMBL6378,ZIDAPAMIDE,CC1c2ccccc2CN1NC(=O)c1ccc(Cl)c(S(N)(=O)=O)c1,365.842,2.209,92.5,2,4,3,2,24,1.0
CHEMBL6409,CGS-19281A,COc1ccc2c3c([nH]c2c1)C=NCC3,200.241,2.152,37.38,1,2,1,2,15,4.0
CHEMBL6437,MIANSERIN,CN1CCN2c3ccccc3Cc3ccccc3C2C1,264.372,3.084,6.48,0,2,0,2,20,4.0
CHEMBL6461,Ro-481220,C[C@]1(/C=C/C#N)[C@H](C(=O)[O-])N2C(=O)C[C@H]2S1(=O)=O.[Na+],292.248,-5.066,118.37,0,6,2,0,18,2.0
CHEMBL6462,DUP-721,CC(=O)NC[C@H]1CN(c2ccc(C(C)=O)cc2)C(=O)O1,276.292,1.35,75.71,1,4,4,1,20,2.0
CHEMBL6466,COUMARIN,O=c1ccc2ccccc2o1,146.145,1.793,30.21,0,2,0,2,11,3.0
CHEMBL6467,4-METHYLTHIOAMPHETAMINE,CSc1ccc(CC(C)N)cc1,181.304,2.298,26.02,1,2,3,1,12,4.0
CHEMBL6557,PNU-22394,Cn1c2c(c3ccccc31)CCNCC2,200.285,1.866,16.96,1,2,0,2,15,3.0
CHEMBL6594,WIN-54954,Cc1cc(CCCCCOc2c(Cl)cc(C3=NCCO3)cc2Cl)on1,383.275,4.858,56.85,0,5,8,2,25,2.0
CHEMBL6597,Ro-154513,CCOC(=O)c1ncn2c1CN(C)C(=O)c1cc(N=[N+]=[N-])ccc1-2,326.316,2.576,113.19,0,6,3,2,24,3.0
CHEMBL6607,BROLAMFETAMINE,COc1cc(CC(C)N)c(OC)cc1Br,274.158,2.356,44.48,1,3,4,1,15,4.0
CHEMBL6615,HEXESTROL,CCC(c1ccc(O)cc1)C(CC)c1ccc(O)cc1,270.372,4.785,40.46,2,2,5,2,20,2.0
CHEMBL6622,ISOSORBIDE DINITRATE,O=[N+]([O-])O[C@H]1CO[C@H]2[C@@H]1OC[C@H]2O[N+](=O)[O-],236.136,-1.062,123.2,0,8,4,0,16,2.0
CHEMBL6623,EPIBATIDINE,Clc1ccc(C2CC3CCC2N3)cn1,208.692,2.343,24.92,1,2,1,1,14,4.0
CHEMBL6640,TRYPTAMINE,NCCc1c[nH]c2ccccc12,160.22,1.669,41.81,2,1,2,2,12,2.0
CHEMBL6731,TENAMFETAMINE,CC(N)Cc1ccc2c(c1)OCO2,179.219,1.305,44.48,1,3,2,1,13,3.0
CHEMBL6885,"QUINAZOLINE-2,4,6-TRIAMINE",Nc1ccc2nc(N)nc(N)c2c1,175.195,0.376,103.84,3,5,0,2,13,1.0
CHEMBL6893,FR-79620,Cc1[nH]c(-c2ccccc2)nc1-c1cccnc1,235.29,3.447,41.57,1,2,2,3,18,4.0
CHEMBL6900,CROTAFURAN A,C=C(C)c1cc2c3c(ccc2o1)[C@@H]1COc2cc(O)ccc2[C@@H]1O3,320.344,4.781,51.83,1,4,1,3,24,3.0
CHEMBL6966,VERAPAMIL,COc1ccc(CCN(C)CCCC(C#N)(c2ccc(OC)c(OC)c2)C(C)C)cc1OC,454.611,5.093,63.95,0,6,13,2,33,2.0
CHEMBL6995,PRACTOLOL,CC(=O)Nc1ccc(OCC(O)CNC(C)C)cc1,266.341,1.383,70.59,3,4,7,1,19,1.0
CHEMBL7002,CIGLITAZONE,CC1(COc2ccc(CC3SC(=O)NC3=O)cc2)CCCCC1,333.453,3.93,55.4,1,4,5,1,23,4.0
CHEMBL7010,FENCAMFAMIN,CCNC1C2CCC(C2)C1c1ccccc1,215.34,3.178,12.03,1,1,3,1,16,4.0
CHEMBL7075,SHETA-2,CC1(C)CC(C)(C)c2cc(NC(=S)Nc3ccc([N+](=O)[O-])cc3)ccc2S1,401.557,5.956,67.2,2,4,3,2,27,1.0
CHEMBL7121,(+)-CALANOLIDE B,CCCc1cc(=O)oc2c3c(c4c(c12)OC(C)(C)C=C4)O[C@H](C)[C@@H](C)[C@H]3O,370.445,4.38,68.9,1,5,2,2,27,2.0
CHEMBL7162,NS-398,CS(=O)(=O)Nc1ccc([N+](=O)[O-])cc1OC1CCCCC1,314.363,2.678,98.54,1,5,5,1,21,3.0
CHEMBL7187,COSTATOLIDE,CCCc1cc(=O)oc2c3c(c4c(c12)OC(C)(C)C=C4)O[C@@H](C)[C@H](C)[C@@H]3O,370.445,4.38,68.9,1,5,2,2,27,2.0
CHEMBL7193,ACYCLOVIR DIPHOSPHATE,Nc1nc(O)c2ncn(COCCOP(=O)(O)OP(=O)(O)O)c2n1,385.166,-0.686,212.37,5,11,8,2,24,0.0
CHEMBL7225,GENTAMICIN A,CN[C@@H]1C(O)[C@@H](OC2[C@H](N)CC(N)[C@@H](O[C@H]3OC(CO)[C@@H](O)[C@H](O)C3NO)[C@@H]2O)OC[C@H]1O,484.503,-6.372,254.63,11,15,7,0,33,0.0
CHEMBL7257,MEBUFOTENIN,COc1ccc2[nH]cc(CCN(C)C)c2c1,218.3,2.281,28.26,1,2,4,2,16,4.0
CHEMBL7264,ATEVIRDINE SULPHATE,CCNc1cccnc1N1CCN(C(=O)c2cc3cc(OC)ccc3[nH]2)CC1.CS(=O)(=O)O,475.571,2.47,127.86,3,7,5,3,28,1.0
CHEMBL7265,DQ-113,Cc1c(N2C[C@@H](F)[C@@H](C3(N)CC3)C2)c(F)c(N)c2c(=O)c(C(=O)O)cn([C@@H]3C[C@@H]3F)c12,436.434,2.278,114.58,3,6,4,2,31,1.0
CHEMBL7301,FENRETINIDE,CC1=C(/C=C/C(C)=C/C=C/C(C)=C/C(=O)Nc2ccc(O)cc2)C(C)(C)CCC1,391.555,6.862,49.33,2,2,6,1,29,1.0
CHEMBL7303,ARECOLINE,COC(=O)C1=CCCN(C)C1,155.197,0.421,29.54,0,3,1,0,11,3.0
CHEMBL7348,THERALIN,COc1cc(O)ccc1-c1coc2cc(O)cc(O)c2c1=O,300.266,2.585,100.13,3,6,2,3,22,2.0
CHEMBL7359,BW-A78U,CNc1ncnc2c1ncn2Cc1ccccc1F,257.272,2.055,55.63,1,5,3,3,19,4.0
CHEMBL7413,METHOHEXITAL,C=CCC1(C(C)C#CCC)C(=O)NC(=O)N(C)C1=O,262.309,1.307,66.48,1,3,3,0,19,3.0
CHEMBL7446,9-BENZYL-6-METHOXY-9H-PURINE,COc1ncnc2c1ncn2Cc1ccccc1,240.266,1.883,52.83,0,5,3,3,18,3.0
CHEMBL7463,GF-109203,CN(C)CCCn1cc(C2=C(c3c[nH]c4ccccc34)C(=O)NC2=O)c2ccccc21,412.493,3.642,70.13,2,4,6,4,31,1.0
CHEMBL7467,FLESTOLOL,CC(C)(CNC(N)=O)NCC(O)COC(=O)c1ccccc1F,327.356,0.38,113.68,4,5,8,1,23,1.0
CHEMBL7476,WHI-261,CCCCCCCCCCCC[C@@H](O)[C@H]1CC[C@H](CO)O1,300.483,4.198,49.69,2,3,13,0,21,2.0
CHEMBL7480,ALCONIL,O=C1NC(=O)C2(N1)c1ccccc1-c1ccc(F)cc12,268.247,1.889,58.2,2,2,0,2,20,2.0
CHEMBL7492,PIRITREXIM,COc1ccc(OC)c(Cc2cnc3nc(N)nc(N)c3c2C)c1,325.372,2.106,109.17,2,7,4,3,24,2.0
CHEMBL7549,PRECLAMOL,CCCN1CCC[C@@H](c2cccc(O)c2)C1,219.328,2.982,23.47,1,2,3,1,16,4.0
CHEMBL7550,L-158809,CCc1nc2c(C)cc(C)nc2n1Cc1ccc(-c2ccccc2-c2nn[nH]n2)cc1,409.497,4.506,85.17,1,6,5,5,31,1.0
CHEMBL7568,QUINACRINE,CCN(CC)CCCC(C)Nc1c2ccc(Cl)cc2nc2ccc(OC)cc12,399.966,5.972,37.39,1,4,9,3,28,2.0
CHEMBL7610,RWJ-54003,COc1ccc(C[C@H](NC(=O)Nc2ccc3c(CN4CCCC4)cn(Cc4c(Cl)cccc4Cl)c3c2)C(=O)N[C@@H](CCCNC(=N)N)C(=O)NCc2ccccc2)cc1,840.857,6.398,178.63,7,7,18,5,59,0.0
CHEMBL7634,OXOTREMORINE,O=C1CCCN1CC#CCN1CCCC1,206.289,0.708,23.55,0,2,2,0,15,3.0
CHEMBL7642,RWJ-58259,NCC[C@H](NC(=O)[C@H](Cc1ccc(F)c(F)c1)NC(=O)Nc1ccc2c(CN3CCCC3)nn(Cc3c(Cl)cccc3Cl)c2c1)C(=O)NCc1ccccc1,791.731,6.148,146.41,5,7,15,5,55,0.0
CHEMBL7643,SULOFENUR,O=C(Nc1ccc(Cl)cc1)NS(=O)(=O)c1ccc2c(c1)CCC2,350.827,3.339,75.27,2,3,3,2,23,2.0
CHEMBL7660,PHENIDONE,O=C1CCN(c2ccccc2)N1,162.192,0.928,32.34,1,2,1,1,12,3.0
CHEMBL7679,PONALRESTAT,O=C(O)Cc1nn(Cc2ccc(Br)cc2F)c(=O)c2ccccc12,391.196,2.974,72.19,1,4,4,3,24,2.0
CHEMBL7701,WHI-259,OC[C@H]1CC[C@H]([C@@H](O)CO)O1,162.185,-1.121,69.92,3,4,3,0,11,2.0
CHEMBL7723,9-BENZYL-6-METHYLSULFANYL-9H-PURINE,CSc1ncnc2c1ncn2Cc1ccccc1,256.334,2.597,43.6,0,5,3,3,18,4.0
CHEMBL7724,AG1295,Cc1cc2ncc(-c3ccccc3)nc2cc1C,234.302,3.914,25.78,0,2,1,3,18,4.0
CHEMBL7728,HEXOBARBITAL,CN1C(=O)NC(=O)C(C)(C2=CCCCC2)C1=O,236.271,1.201,66.48,1,3,1,0,17,3.0
CHEMBL7747,4-HYDROXYCHALCONE,O=C(/C=C/c1ccc(O)cc1)c1ccccc1,224.259,3.288,37.3,1,2,3,2,17,4.0
CHEMBL7796,9-OXIRANYL-ACRIDINE,c1ccc2c(C3CO3)c3ccccc3nc2c1,221.259,3.459,25.42,0,2,1,3,17,4.0
CHEMBL7797,INDACRINONE,CC1(c2ccccc2)Cc2cc(OCC(=O)O)c(Cl)c(Cl)c2C1=O,365.212,4.154,63.6,1,3,4,2,24,2.0
CHEMBL7828,ISOLOXAPINE,CN1CCN(C2=Nc3cc(Cl)ccc3Oc3ccccc32)CC1,327.815,3.771,28.07,0,4,0,2,23,4.0
CHEMBL7829,LY-181984,Cc1ccc(S(=O)(=O)NC(=O)Nc2ccc(Cl)cc2)cc1,324.789,3.159,75.27,2,3,3,2,21,2.0
CHEMBL7855,"CHRYSENE-1,2-DIOL",Oc1ccc2c(ccc3c4ccccc4ccc23)c1O,260.292,4.557,40.46,2,2,0,4,20,2.0
CHEMBL7863,APROBARBITAL,C=CCC1(C(C)C)C(=O)NC(=O)NC1=O,210.233,0.571,75.27,2,3,3,0,15,1.0
CHEMBL7889,L-NIL,CC(=N)NCCCC[C@H](N)C(=O)O,187.243,0.155,99.2,4,3,6,0,13,1.0
CHEMBL7890,L-NAME,COC(=O)[C@@H](N)CCCNC(=N)N[N+](=O)[O-],233.228,-1.427,143.37,4,6,6,0,16,1.0
CHEMBL7915,O-CARBETHOXY ROTENONE OXIME,C=C(C)[C@H]1Cc2c(ccc3c2OC2COc4cc(OC)c(OC)cc4C2/C3=N/OC(=O)OCC)O1,481.501,4.398,94.04,0,9,5,2,35,1.0
CHEMBL7917,TYRPHOSTIN AG-1478,COc1cc2ncnc(Nc3cccc(Cl)c3)c2cc1OC,315.76,4.044,56.27,1,5,4,3,22,3.0
CHEMBL7927,FAUC 113,Clc1ccc(N2CCN(Cc3cnn4ccccc34)CC2)cc1,326.831,3.31,23.78,0,4,3,3,23,4.0
CHEMBL7939,CGP-53353,O=C1NC(=O)c2cc(Nc3ccc(F)cc3)c(Nc3ccc(F)cc3)cc21,365.339,4.336,70.23,3,4,4,3,27,0.0
CHEMBL7940,DEHYDROROTENONE,C=C(C)[C@H]1Cc2c(ccc3c(=O)c4c(oc23)COc2cc(OC)c(OC)cc2-4)O1,392.407,4.249,67.13,0,6,3,3,29,2.0
CHEMBL7941,ISOROTENONE,COc1cc2c(cc1OC)[C@@H]1C(=O)c3ccc4oc(C(C)C)cc4c3O[C@@H]1CO2,394.423,4.693,67.13,0,6,3,3,29,2.0
CHEMBL7942,MALONIC ACID,O=C(O)CC(=O)O,104.061,-0.454,74.6,2,2,2,0,7,1.0
CHEMBL7976,CHALCONE,O=C(/C=C/c1ccccc1)c1ccccc1,208.26,3.583,17.07,0,1,3,2,16,4.0
CHEMBL7983,PROPYL GALLATE,CCCOC(=O)c1cc(O)c(O)c(O)c1,212.201,1.37,86.99,3,5,3,1,15,1.0
CHEMBL8030,TOLIMIDONE,Cc1cccc(Oc2cnc(=O)[nH]c2)c1,202.213,1.871,54.98,1,3,2,2,15,3.0
CHEMBL8040,8-AMINOGUANINE,Nc1nc2[nH]c(N)nc2c(=O)[nH]1,166.144,-1.189,126.47,4,5,0,2,12,1.0
CHEMBL8085,LYSINE,NCCCC[C@H](N)C(=O)O,146.19,-0.473,89.34,3,3,5,0,10,1.0
CHEMBL8145,DAIDZEIN,O=c1c(-c2ccc(O)cc2)coc2cc(O)ccc12,254.241,2.871,70.67,2,4,1,3,19,2.0
CHEMBL8148,TIENOXOLOL,CCOC(=O)c1cc(NC(=O)c2cccs2)ccc1OCC(O)CNC(C)(C)C,420.531,3.305,96.89,3,7,9,2,29,1.0
CHEMBL8165,5-METHOXYTRYPTAMINE,COc1ccc2[nH]cc(CCN)c2c1,190.246,1.678,51.04,2,2,3,2,14,2.0
CHEMBL8179,WIN-57294,Cc1cc(-c2c(F)cc3c(=O)c(C(=O)O)cn(C4CC4)c3c2F)cc(C)n1,370.355,3.992,72.19,1,4,3,3,27,2.0
CHEMBL8184,CARTAZOLATE,CCCCNc1c(C(=O)OCC)cnc2c1cnn2CC,290.367,2.84,69.04,1,6,7,2,21,4.0
CHEMBL8211,N-ETHYLMALEIMIDE,CCN1C(=O)C=CC1=O,125.127,-0.069,37.38,0,2,1,0,9,3.0
CHEMBL8234,ENKEPHALIN,CC(C)C[C@H](NC(=O)[C@H](Cc1ccccc1)NC(=O)CNC(=O)CNC(=O)[C@@H](N)Cc1ccc(O)cc1)C(=O)O,555.632,-0.163,199.95,7,7,15,2,40,0.0
CHEMBL8260,BAICALEIN,O=c1cc(-c2ccccc2)oc2cc(O)c(O)c(O)c12,270.24,2.577,90.9,3,5,1,3,20,2.0
CHEMBL8273,SULOTROBAN,O=C(O)COc1ccc(CCNS(=O)(=O)c2ccccc2)cc1,335.381,1.671,92.7,2,4,8,2,23,1.0
CHEMBL8290,CLAVULANIC ACID (SODIUM),O=C([O-])[C@H]1/C(=C/CO)O[C@@H]2CC(=O)N21.[Na+],221.144,-5.426,89.9,1,5,2,0,14,2.0
CHEMBL8320,BENZOQUINONE,O=C1C=CC(=O)C=C1,108.096,0.251,34.14,0,2,0,0,8,3.0
CHEMBL8327,DEMETHYL-CANTHARIDIN,O=C1OC(=O)C2C3CCC(O3)C12,168.148,-0.137,52.6,0,4,0,0,12,3.0
CHEMBL8412,IPSAPIRONE,O=C1c2ccccc2S(=O)(=O)N1CCCCN1CCN(c2ncccn2)CC1,401.492,1.223,86.71,0,7,6,2,28,1.0
CHEMBL8425,NAFAZATROM,CC1=NN(CCOc2ccc3ccccc3c2)C(=O)C1,268.316,2.827,41.9,0,3,4,2,20,4.0
CHEMBL8443,NITIDINE CHLORIDE,COc1cc2c[n+](C)c3c4cc5c(cc4ccc3c2cc1OC)OCO5.[Cl-],383.831,0.721,40.8,0,4,2,4,26,2.0
CHEMBL8475,IOLOPRIDE,CCN1CCCC1CNC(=O)c1c(OC)ccc(I)c1O,404.248,2.22,61.8,2,4,5,1,21,2.0
CHEMBL8486,MDL-28170,CC(C)[C@H](N)C(=O)N[C@@H](Cc1ccccc1)C(=O)O,264.325,0.782,92.42,3,3,6,1,19,1.0
CHEMBL8494,L-696418,CC(C)C[C@H](NC(=O)[C@H](CCc1ccccc1)N[C@H](C)C(=O)O)C(=O)Nc1ccccc1,439.556,3.22,107.53,4,4,12,2,32,1.0
CHEMBL8514,BUTACLAMOL,CC(C)(C)[C@]1(O)CCN2C[C@H]3c4ccccc4CCc4cccc(c43)[C@@H]2C1,361.529,4.845,23.47,1,2,0,2,27,2.0
CHEMBL8597,ASCOMYCIN,CC[C@@H]1/C=C(\C)C[C@H](C)C[C@H](OC)[C@H]2O[C@@](O)(C(=O)C(=O)N3CCCC[C@H]3C(=O)O[C@H](/C(C)=C/[C@@H]3CC[C@@H](O)[C@H](OC)C3)[C@H](C)[C@@H](O)CC1=O)[C@H](C)C[C@@H]2OC,792.02,4.473,178.36,3,12,6,0,56,0.0
CHEMBL8600,DOM,COc1cc(CC(C)N)c(OC)cc1C,209.289,1.902,44.48,1,3,4,1,15,3.0
CHEMBL8618,NAN-190,COc1ccccc1N1CCN(CCCCN2C(=O)c3ccccc3C2=O)CC1,393.487,2.894,53.09,0,5,7,2,29,3.0
CHEMBL8659,OLEIC ACID,CCCCCCCC/C=C\CCCCCCCC(=O)O,282.468,6.109,37.3,1,1,15,0,20,3.0
CHEMBL8690,FR-236924,CCCCCC1CC1CC1CC1CCCCCCCC(=O)O,308.506,6.044,37.3,1,1,14,0,22,3.0
CHEMBL8706,CLORGILINE,C#CCN(C)CCCOc1ccc(Cl)cc1Cl,272.175,3.327,12.47,0,2,6,1,17,4.0
CHEMBL8739,LINOLENIC ACID,CC/C=C\C/C=C\C/C=C\CCCCCCCC(=O)O,278.436,5.661,37.3,1,1,13,0,20,3.0
CHEMBL8747,REV-5901,CCCCCC(O)c1cccc(OCc2ccc3ccccc3n2)c1,335.447,5.428,42.35,1,3,8,3,25,3.0
CHEMBL8759,EGLUMETAD,N[C@@]1(C(=O)O)CC[C@H]2[C@H](C(=O)O)[C@H]21,185.179,-0.491,100.62,3,3,2,0,13,1.0
CHEMBL8771,NEOPLANOCIN A,Nc1ncnc2c1ncn2[C@@H]1C=C(CO)[C@@H](O)[C@H]1O,263.257,-1.396,130.31,4,8,2,2,19,1.0
CHEMBL8809,RACLOPRIDE,CCN1CCC[C@H]1CNC(=O)c1c(O)c(Cl)cc(Cl)c1OC,347.242,2.922,61.8,2,4,5,1,22,3.0
CHEMBL8821,(S)-DISOPYRAMIDE,CC(C)N(CC[C@](C(N)=O)(c1ccccc1)c1ccccn1)C(C)C,339.483,3.362,59.22,1,3,8,2,25,4.0
CHEMBL8823,SB-209670,CCCOc1ccc2c(c1)[C@@H](c1ccc(OC)cc1OCC(=O)O)[C@H](C(=O)O)[C@H]2c1ccc2c(c1)OCO2,520.534,4.654,120.75,2,7,10,3,38,0.0
CHEMBL8839,LY-389795,N[C@@]1(C(=O)O)CS[C@H]2[C@H](C(=O)O)[C@H]21,203.219,-0.786,100.62,3,4,2,0,13,1.0
CHEMBL8846,PRIFELONE,CC(C)(C)c1cc(C(=O)c2cccs2)cc(C(C)(C)C)c1O,316.466,5.28,37.3,1,3,2,2,22,3.0
CHEMBL8933,L-764004,CC(C)C[C@H](NC(=O)[C@H](CCc1ccc(-c2ccc(F)cc2)cc1)C[C@H](CCCCN1Cc2ccccc2C1=O)C(=O)O)C(=O)Nc1ccccc1,705.871,8.128,115.81,3,4,18,4,52,0.0
CHEMBL8946,ETICLOPRIDE,CCc1cc(Cl)c(OC)c(C(=O)NC[C@@H]2CCCN2CC)c1O,340.851,2.831,61.8,2,4,6,1,23,3.0
CHEMBL8965,ROSARAMICIN,CC[C@H]1OC(=O)C[C@@H](O)[C@H](C)[C@@H](O[C@@H]2O[C@H](C)C[C@H](N(C)C)[C@H]2O)[C@@H](CC=O)C[C@@H](C)C(=O)/C=C/[C@]2(C)O[C@H]2[C@@H]1C,581.747,2.67,135.13,2,10,6,0,41,1.0
CHEMBL8978,L-754142,CCCc1cc(C(=O)O)ccc1OC(C(=O)NS(=O)(=O)c1ccc(C(C)C)cc1)c1ccc2c(c1)OCO2,539.606,4.815,128.23,2,7,10,3,38,0.0
CHEMBL8981,PD-156707,COc1ccc(C2(O)OC(=O)C(c3ccc4c(c3)OCO4)=C2Cc2cc(OC)c(OC)c(OC)c2)cc1,506.507,3.848,101.91,1,9,8,3,37,2.0
CHEMBL8996,ERIODICTYOL,O=C1C[C@@H](c2ccc(O)c(O)c2)Oc2cc(O)cc(O)c21,288.255,2.216,107.22,4,6,1,2,21,2.0
CHEMBL9019,ACRYLIC ACID METHYL ESTER,C=CC(=O)OC,86.09,0.345,26.3,0,2,1,0,6,3.0
CHEMBL9020,N-PHENYL-PHTHALIMIDE,O=C1c2ccccc2C(=O)N1c1ccccc1,223.231,2.487,37.38,0,2,1,2,17,4.0
CHEMBL9113,TOLUENE,Cc1ccccc1,92.141,1.995,0.0,0,0,0,1,7,3.0
CHEMBL9116,CARACEMIDE,CNC(=O)ON(C(C)=O)C(=O)NC,189.171,-0.555,87.74,2,4,0,0,13,1.0
CHEMBL9167,ANASTATIN A,O=C1C[C@@H](c2ccc(O)cc2)Oc2cc3oc4cc(O)c(O)cc4c3c(O)c21,378.336,4.115,120.36,4,7,1,4,28,0.0
CHEMBL9194,ATRASENTAN,CCCCN(CCCC)C(=O)CN1C[C@H](c2ccc3c(c2)OCO3)[C@@H](C(=O)O)[C@@H]1c1ccc(OC)cc1,510.631,4.694,88.54,1,6,12,2,37,1.0
CHEMBL9225,MESO-HEXESTROL,CC[C@H](c1ccc(O)cc1)[C@@H](CC)c1ccc(O)cc1,270.372,4.785,40.46,2,2,5,2,20,2.0
CHEMBL9249,(+)-EPITAXIFOLIN,O=C1c2c(O)cc(O)cc2O[C@@H](c2ccc(O)c(O)c2)[C@H]1O,304.254,1.186,127.45,5,7,1,2,22,1.0
CHEMBL9298,FADROZOLE,N#Cc1ccc(C2CCCc3cncn32)cc1,223.279,2.68,41.61,0,3,1,2,17,4.0
CHEMBL9306,LITHIUM CLAVULANATE,O=C([O-])[C@H]1/C(=C/CO)O[C@@H]2CC(=O)N21.[Li+],205.095,-5.426,89.9,1,5,2,0,14,2.0
CHEMBL9323,DIHYDROKAEMPFEROL,O=C1c2c(O)cc(O)cc2O[C@H](c2ccc(O)cc2)[C@H]1O,288.255,1.481,107.22,4,6,1,2,21,1.0
CHEMBL9324,TETRYLAMMONIUM,CC[N+](CC)(CC)CC,130.255,1.883,0.0,0,0,4,0,9,3.0
CHEMBL9337,RU-58841,CC1(C)C(=O)N(c2ccc(C#N)c(C(F)(F)F)c2)C(=O)N1CCCCO,369.343,2.897,84.64,1,4,5,1,26,2.0
CHEMBL9352,NARINGENIN,O=C1C[C@@H](c2ccc(O)cc2)Oc2cc(O)cc(O)c21,272.256,2.51,86.99,3,5,1,2,20,2.0
CHEMBL9355,"9BETA,10BETA-EPOXYVERRUCARIN A",CC1CCOC(=O)/C=C/C=C\C(=O)O[C@@H]2C[C@H]3O[C@@H]4[C@@H]5O[C@]5(C)CC[C@]4(COC(=O)C1O)[C@]2(C)C31CO1,518.559,1.382,133.42,1,10,0,0,37,1.0
CHEMBL9387,L-365260,Cc1cccc(NC(=O)N[C@@H]2N=C(c3ccccc3)c3ccccc3N(C)C2=O)c1,398.466,3.957,73.8,2,3,3,3,30,1.0
CHEMBL9412,BACHHARIN B1,CC1CC(=O)OC[C@]23C[C@@H](O)[C@H](C)C[C@H]2O[C@@H]2C[C@@H](OC(=O)/C=C\C=C\C(C(C)O)O[C@H](O)C1)[C@@]3(C)C21CO1,550.645,1.792,144.28,3,10,1,0,39,0.0
CHEMBL9416,ISOBUTYLSHIKONIN,CC(C)=CC[C@@H](OC(=O)C(C)C)C1=CC(=O)c2c(O)ccc(O)c2C1=O,358.39,3.327,100.9,2,6,5,1,26,2.0
CHEMBL9419,METACETAMOL,CC(=O)Nc1cccc(O)c1,151.165,1.351,49.33,2,2,1,1,11,2.0
CHEMBL9434,PHENYLPIPERAZINE,c1ccc(N2CCNCC2)cc1,162.236,1.096,15.27,1,2,1,1,12,3.0
CHEMBL9440,METESIND,CN(Cc1ccc(S(=O)(=O)N2CCOCC2)cc1)c1ccc2c3c(cccc13)C(N)=N2,436.537,2.848,88.23,1,6,5,3,31,2.0
CHEMBL9464,ANASTATIN B,O=C1C[C@@H](c2ccc(O)cc2)Oc2c1c(O)cc1oc3cc(O)c(O)cc3c21,378.336,4.115,120.36,4,7,1,4,28,0.0
CHEMBL9470,SHIKONIN,CC(C)=CC[C@@H](O)C1=CC(=O)c2c(O)ccc(O)c2C1=O,288.299,2.12,94.83,3,5,3,1,21,2.0
CHEMBL9484,CLOFILIUM,CCCCCCC[N+](CC)(CC)CCCCc1ccc(Cl)cc1,338.987,6.49,0.0,0,0,13,1,23,3.0
CHEMBL9506,DEVAZEPIDE,CN1C(=O)[C@@H](NC(=O)c2cc3ccccc3[nH]2)N=C(c2ccccc2)c2ccccc21,408.461,3.738,77.56,2,3,3,4,31,1.0
CHEMBL9509,SILIBININ,COc1cc(C2Oc3cc([C@H]4Oc5cc(O)cc(O)c5C(=O)[C@@H]4O)ccc3OC2CO)ccc1O,482.441,2.363,155.14,5,10,4,3,35,1.0
CHEMBL9514,NOCODAZOLE,COC(=O)Nc1nc2cc(C(=O)c3cccs3)ccc2[nH]1,301.327,3.034,84.08,2,5,3,3,21,2.0
CHEMBL9599,SC-55634,CCCCc1cn([C@H]2[C@H](C)CCC[C@@H]2C)c(=O)n1Cc1ccc(-c2ccccc2-c2nn[nH]n2)nc1,485.636,5.28,94.28,1,7,8,4,36,1.0
CHEMBL9623,MANNOSTATIN A,CS[C@@H]1[C@@H](N)[C@@H](O)[C@@H](O)[C@H]1O,179.241,-1.858,86.71,4,5,1,0,11,1.0
CHEMBL9642,SC-52892,CCCCc1cn(CCCC)c(=O)n1Cc1ccc(-c2ccccc2-c2nn[nH]n2)nc1,431.544,4.083,94.28,1,7,10,4,32,1.0
CHEMBL9712,BACHHARIN B2,CC1CC(=O)OC[C@]23C[C@@H](O)[C@H](C)C[C@H]2O[C@@H]2C[C@@H](OC(=O)/C=C\C=C\C(C(C)O)O[C@@H](O)C1)[C@@]3(C)C21CO1,550.645,1.792,144.28,3,10,1,0,39,0.0
CHEMBL9714,SC-51895,CCCCc1cn(CCCC)c(=O)n1Cc1ccc(-c2ccccc2-c2nn[nH]n2)cc1,430.556,4.688,81.39,1,6,10,4,32,1.0
CHEMBL9732,R-NICOTINE,CN1CCC[C@@H]1c1cccnc1,162.236,1.848,16.13,0,2,1,1,12,3.0
CHEMBL9757,ALPHA-8-HYDROXYVERRUCARIN A,CC1CCOC(=O)/C=C/C=C\C(=O)O[C@@H]2C[C@H]3O[C@@H]4C[C@@H](C)[C@@H](O)C[C@]4(COC(=O)C1O)[C@]2(C)C31CO1,520.575,1.221,141.12,2,10,0,0,37,0.0
CHEMBL9780,BETA-8-HYDROXYVERRUCARIN A,CC1CCOC(=O)/C=C/C=C\C(=O)O[C@@H]2C[C@H]3O[C@@H]4C[C@@H](C)[C@H](O)C[C@]4(COC(=O)C1O)[C@]2(C)C31CO1,520.575,1.221,141.12,2,10,0,0,37,0.0
CHEMBL9861,TIMOPRAZOLE,[O-][S+](Cc1ccccn1)c1nc2ccccc2[nH]1,257.318,2.266,64.63,1,3,3,3,18,4.0
CHEMBL9946,CP-154526,CCCCN(CC)c1nc(C)nc2c1c(C)cn2-c1c(C)cc(C)cc1C,364.537,5.589,33.95,0,4,6,3,27,2.0
CHEMBL9960,AZD-7624,CC[C@H](NC(=O)c1cc(-c2ccccc2)nc2ccccc12)c1ccccc1,366.464,5.783,41.99,1,2,5,4,28,2.0
CHEMBL9967,PIRENZEPINE,CN1CCN(CC(=O)N2c3ccccc3C(=O)Nc3cccnc32)CC1,351.41,1.559,68.78,1,5,2,2,26,3.0
CHEMBL10017,TERTIARY ALCOHOL PRIMARY SUCCINATEESTER,C[C@@H]1CC[C@H]2[C@@H](C)C(CC(O)(COC(=O)CCC(=O)O)CC3OC4O[C@]5(C)CC[C@H]6[C@H](C)CC[C@@H]([C@H]3C)C46OO5)OC3O[C@]4(C)CCC1C32OO4,722.869,5.407,157.67,2,12,9,0,51,0.0
CHEMBL10030,LY-117018,O=C(c1ccc(OCCN2CCCC2)cc1)c1c(-c2ccc(O)cc2)sc2cc(O)ccc12,459.567,5.685,70.0,2,6,7,4,33,0.0
CHEMBL10085,MAZAPERTINE,CC(C)Oc1ccccc1N1CCN(Cc2cccc(C(=O)N3CCCCC3)c2)CC1,421.585,4.422,36.02,0,4,6,2,31,2.0
CHEMBL10118,FAMOXADONE,C[C@@]1(c2ccc(Oc3ccccc3)cc2)OC(=O)N(Nc2ccccc2)C1=O,374.396,4.7,67.87,1,5,5,3,28,2.0
CHEMBL10188,TALNETANT,CC[C@H](NC(=O)c1c(O)c(-c2ccccc2)nc2ccccc12)c1ccccc1,382.463,5.489,62.22,2,3,5,4,29,1.0
CHEMBL10247,THIORPHAN,O=C(O)CNC(=O)C(CS)Cc1ccccc1,253.323,0.976,66.4,3,3,6,1,17,2.0
CHEMBL10272,BENZETIMIDE,O=C1CCC(c2ccccc2)(C2CCN(Cc3ccccc3)CC2)C(=O)N1,362.473,3.273,49.41,1,3,4,2,27,3.0
CHEMBL10284,SB-222200,CC[C@H](NC(=O)c1c(C)c(-c2ccccc2)nc2ccccc12)c1ccccc1,380.491,6.091,41.99,1,2,5,4,29,2.0
CHEMBL10316,IDAZOXAN,c1ccc2c(c1)OCC(C1=NCCN1)O2,204.229,0.828,42.85,1,4,1,1,15,3.0
CHEMBL10347,RAUWOLSCINE,COC(=O)[C@H]1[C@H]2C[C@H]3c4[nH]c5ccccc5c4CCN3C[C@H]2CC[C@@H]1O,354.45,2.647,65.56,2,4,1,2,26,3.0
CHEMBL10372,ZOPOLRESTAT,O=C(O)Cc1nn(Cc2nc3cc(C(F)(F)F)ccc3s2)c(=O)c2ccccc12,419.384,3.7,85.08,1,6,4,4,29,2.0
CHEMBL10413,ZENARESTAT,O=C(O)Cn1c(=O)n(Cc2ccc(Br)cc2F)c(=O)c2ccc(Cl)cc21,441.64,2.851,81.3,1,5,4,3,26,2.0
CHEMBL10445,CLOXACEPRIDE,CCN(CC)CCNC(=O)c1cc(Cl)c(NC(=O)COc2ccc(Cl)cc2)cc1OC,468.381,4.091,79.9,2,5,11,2,31,0.0
CHEMBL10634,BERMOPROFEN,Cc1ccc2c(c1)CC(=O)c1cc(C(C)C(=O)O)ccc1O2,296.322,3.714,63.6,1,3,2,2,22,4.0
CHEMBL10758,AZEPINDOLE,c1ccc2c(c1)cc1n2CCCNC1,186.258,2.135,16.96,1,2,0,2,14,4.0
CHEMBL10878,AGOMELATINE,COc1ccc2cccc(CCNC(C)=O)c2c1,243.306,2.527,38.33,1,2,4,2,18,4.0
CHEMBL10971,SCH-37370,CC(=O)N1CCC(=C2c3ccc(Cl)cc3CCc3cccnc32)CC1,352.865,4.278,33.2,0,2,0,2,25,3.0
CHEMBL11133,ISOAMINOPTERIN,CC(C)N(Cc1cnc2nc(N)nc(N)c2n1)c1ccc(C(=O)NC(CCC(=O)O)C(=O)O)cc1,482.501,1.047,210.54,5,10,10,3,35,0.0
CHEMBL11157,L-374087,Cc1nc(N)ccc1CNC(=O)Cn1c(C)ccc(NS(=O)(=O)Cc2ccccc2)c1=O,455.54,1.701,136.18,3,7,8,3,32,0.0
CHEMBL11250,SABADININE,CC1CCC2N(C1)CC1[C@](O)(C(O)C[C@@]3(O)C4CCC5C6(O)OC4(C[C@@]13O)C5(C)CCC6O)[C@]2(C)O,509.64,-0.526,154.08,7,9,0,0,36,0.0
CHEMBL11252,STALLIMYCIN,Cn1cc(NC(=O)c2cc(NC(=O)c3cc(NC=O)cn3C)cn2C)cc1C(=O)NCCC(=N)N,481.517,0.831,181.06,6,8,10,3,35,0.0
CHEMBL11268,ICI-89406,N#Cc1ccccc1OCC(O)CNCCNC(=O)Nc1ccccc1,354.41,1.709,106.41,4,5,9,2,26,1.0
CHEMBL11298,SERINE,N[C@@H](CO)C(=O)O,105.093,-1.609,83.55,3,3,2,0,7,1.0
CHEMBL11301,DESFERRITHIOCIN,C[C@]1(C(=O)O)CSC(c2ncccc2O)=N1,238.268,1.124,82.78,2,5,2,1,16,1.0
CHEMBL11350,ONO-1078,O=C(NC1=CC=CC2C(=O)C=C(c3nn[nH]n3)OC12)c1ccc(OCCCCc2ccccc2)cc1,483.528,3.41,119.09,2,7,9,3,36,1.0
CHEMBL11417,STREPTONIGRIN,COC1=C(N)C(=O)c2nc(-c3nc(C(=O)O)c(C)c(-c4ccc(OC)c(OC)c4O)c3N)ccc2C1=O,506.471,2.318,197.18,4,11,6,3,37,1.0
CHEMBL11471,L-NIO,CC(=N)NCCC[C@H](N)C(=O)O,173.216,-0.235,99.2,4,3,5,0,12,1.0
CHEMBL11531,OXYBERBERINE,COc1ccc2cc3n(c(=O)c2c1OC)CCc1cc2c(cc1-3)OCO2,351.358,2.971,58.92,0,6,2,3,26,4.0
CHEMBL11594,BMS-191095,CC1(C)Oc2ccc(C#N)cc2[C@H](N(Cc2ncc[nH]2)c2ccc(Cl)cc2)[C@H]1O,408.889,4.215,85.17,2,5,4,3,29,0.0
CHEMBL11608,TYRAMINE,NCCc1ccc(O)cc1,137.182,0.893,46.25,2,2,2,1,10,2.0
CHEMBL11662,OZAGREL,O=C(O)/C=C/c1ccc(Cn2ccnc2)cc1,228.251,2.029,55.12,1,3,4,2,17,4.0
CHEMBL11672,ROQUINIMEX,CN(C(=O)c1c(O)c2ccccc2n(C)c1=O)c1ccccc1,308.337,2.521,62.54,1,4,2,3,23,4.0
CHEMBL11684,(-)-CROMAKALIM,CC1(C)Oc2ccc(C#N)cc2[C@H](N2CCCC2=O)[C@H]1O,286.331,1.754,73.56,1,4,1,1,21,2.0
CHEMBL11706,BMS-248360,CCCCC1=NC2(CCCC2)C(=O)N1Cc1ccc(-c2ccccc2S(=O)(=O)Nc2onc(C)c2C)c(CN2CCC(C)(C)C2=O)c1,659.853,6.761,125.18,1,7,11,3,47,1.0
CHEMBL11722,HOMOSERINE,N[C@@H](CCO)C(=O)O,119.12,-1.219,83.55,3,3,3,0,8,1.0
CHEMBL11805,CAPROCTAMINE,COc1ccccc1CN(C)CCCCCC(=O)N(C)CCCCCCCCN(C)C(=O)CCCCCN(C)Cc1ccccc1OC,666.992,7.646,65.56,0,6,27,2,48,2.0
CHEMBL11811,ONO-1581,C/C(=C\c1ccc(Cc2cccnc2)cc1)C(=O)[O-].[Na+],275.283,-1.17,53.02,0,3,4,2,19,3.0
CHEMBL11848,DIHYDROBERBERINE,COc1ccc2c(c1OC)CN1CCc3cc4c(cc3C1=C2)OCO4,337.375,3.302,40.16,0,5,2,2,25,4.0
CHEMBL11860,ETHYLENE THIOUREA,S=C1NCCN1,102.162,-0.536,24.06,2,1,0,0,6,2.0
CHEMBL11978,NICOTINYL METHYLAMIDE,CNC(=O)c1cccnc1,136.154,0.441,41.99,1,2,1,1,10,3.0
CHEMBL12014,HARMAN,Cc1nccc2c1[nH]c1ccccc12,182.226,3.025,28.68,1,1,0,3,14,4.0
CHEMBL12062,RWJ-69736,CC(C)Oc1ccccc1N1CCN(CCCNC(=O)CN2CCCCC2=O)CC1,416.566,2.115,65.12,1,5,9,1,30,3.0
CHEMBL12089,BERBERINE CHLORIDE,COc1ccc2cc3[n+](cc2c1OC)CCc1cc2c(cc1-3)OCO2.[Cl-],371.82,0.1,40.8,0,4,2,3,25,2.0
CHEMBL12098,SCH-211803,Cc1cccc(C(=O)N2CCC(N3CCC(Cc4ccc(S(=O)(=O)c5cccc(Cl)c5)cc4)CC3)CC2)c1N,566.167,5.623,83.71,1,5,6,3,39,1.0
CHEMBL12131,CLOSANTEL,Cc1cc(C(C#N)c2ccc(Cl)cc2)c(Cl)cc1NC(=O)c1cc(I)cc(I)c1O,663.08,7.124,73.12,2,3,4,3,30,0.0
CHEMBL12158,VUF-8406,CSCC/N=C(\NC#N)NCCCc1c[nH]cn1,266.374,0.722,88.89,3,4,7,1,18,1.0
CHEMBL12160,BURIMAMIDE,C/N=C(\S)NCCCCc1c[nH]cn1,212.322,1.238,53.07,3,2,5,1,14,2.0
CHEMBL12198,ALANINE,CC(N)C(=O)O,89.094,-0.582,63.32,2,2,1,0,6,2.0
CHEMBL12208,HYMECROMONE,Cc1cc(=O)oc2cc(O)ccc12,176.171,1.807,50.44,1,3,0,2,13,3.0
CHEMBL12213,KETOTREXATE,CN1c2c([nH]c(N)nc2=O)NCC1CCNc1ccc(C(=O)N[C@@H](CCC(=O)O)C(=O)O)cc1,473.49,0.132,202.77,7,9,10,2,34,0.0
CHEMBL12245,VUF-8413,CC(C)Cc1ccc(CSCC/N=C(\N)NCCCc2c[nH]cn2)o1,363.531,2.972,92.23,3,4,11,2,25,1.0
CHEMBL12252,"5,7-DIHYDROXY-4-METHYLCOUMARIN",Cc1cc(=O)oc2cc(O)cc(O)c12,192.17,1.513,70.67,2,4,0,2,14,1.0
CHEMBL12259,UCM-5600,O=C1c2cccc3cccc(c23)N1CCCCCN1CCN(c2ccccc2)CC1,399.538,4.793,26.79,0,3,7,3,30,2.0
CHEMBL12261,METHYL PALMOXIRATE,CCCCCCCCCCCCCCC1(C(=O)OC)CO1,298.467,5.02,38.83,0,3,14,0,21,3.0
CHEMBL12264,SB-258719,Cc1cccc(S(=O)(=O)N(C)[C@H](C)CCN2CCC(C)CC2)c1,338.517,3.126,40.62,0,3,6,1,23,4.0
CHEMBL12314,MESULERGINE,CN1C[C@@H](NS(=O)(=O)N(C)C)C[C@@H]2c3cccc4c3c(cn4C)C[C@H]21,362.499,1.287,57.58,1,4,3,2,25,2.0
CHEMBL12315,ISOQUINOLINE,c1ccc2cnccc2c1,129.162,2.235,12.89,0,1,0,2,10,4.0
CHEMBL12318,CLODRONIC ACID,O=P(O)(O)C(Cl)(Cl)P(=O)(O)O,244.891,0.431,115.06,4,2,2,0,11,1.0
CHEMBL12344,DIMAPRIT,CN(C)CCCSC(=N)N,161.274,0.565,53.11,2,3,4,0,10,2.0
CHEMBL12394,PALMOXIRATE,CCCCCCCCCCCCCCC1(C(=O)O)CO1,284.44,4.931,49.83,1,2,14,0,20,3.0
CHEMBL12420,"N,N-DIMETHYLTRYPTAMINE",CN(C)CCc1c[nH]c2ccccc12,188.274,2.272,19.03,1,1,3,2,14,4.0
CHEMBL12514,SCOPADULCIC ACID B,C[C@]12CC[C@]3(C1)[C@H](CC2=O)C[C@@H](OC(=O)c1ccccc1)[C@H]1[C@](C)(C(=O)O)CCC[C@@]13C,438.564,5.279,80.67,1,4,3,1,32,1.0
CHEMBL12531,CLAMIKALANT,CNC(=S)NS(=O)(=O)c1cc(CCNC(=O)c2cc(Cl)ccc2OC)ccc1OC,471.988,2.112,105.76,3,6,8,2,30,1.0
CHEMBL12543,METHYLPYRROLIDONE,CN1CCCC1=O,99.133,0.239,20.31,0,1,0,0,7,3.0
CHEMBL12552,BIMAKALIM,CC1(C)C=C(n2ccccc2=O)c2cc(C#N)ccc2O1,278.311,2.78,55.02,0,4,1,2,21,4.0
CHEMBL12571,HYDROXYGUANIDINE SULPHATE,N/C(=N\O)N/N=C\OS(=O)(=O)O,198.16,-1.957,146.6,4,6,3,0,12,1.0
CHEMBL12587,MUSCARINE,C[C@@H]1O[C@H](C[N+](C)(C)C)C[C@H]1O,174.264,0.231,29.46,1,2,2,0,12,3.0
CHEMBL12594,E-5110,CON1CC/C(=C\c2cc(C(C)(C)C)c(O)c(C(C)(C)C)c2)C1=O,331.456,4.164,49.77,1,3,2,1,24,3.0
CHEMBL12603,RWJ-68157,CC(C)Oc1ccccc1N1CCN(CCNC(=O)CN2CCCCCC2=O)CC1,416.566,2.115,65.12,1,5,8,1,30,3.0
CHEMBL12608,IMPROMIDINE,Cc1[nH]cnc1CSCCNC(=N)NCCCc1c[nH]cn1,321.454,1.421,105.27,5,4,9,2,22,1.0
CHEMBL12610,BENZYDAMINE,CN(C)CCCOc1nn(Cc2ccccc2)c2ccccc12,309.413,3.415,30.29,0,4,7,3,23,4.0
CHEMBL12620,2-METHYLHISTAMINE,Cc1ncc(CCN)[nH]1,125.175,0.219,54.7,2,2,2,1,9,2.0
CHEMBL12624,SB-258741,Cc1cccc(S(=O)(=O)N2CCC[C@@H]2CCN2CCC(C)CC2)c1,350.528,3.27,40.62,0,3,5,1,24,4.0
CHEMBL12636,HYMECROMONE METHYL ETHER,COc1ccc2c(C)cc(=O)oc2c1,190.198,2.11,39.44,0,3,1,2,14,4.0
CHEMBL12713,SERTINDOLE,O=C1NCCN1CCN1CCC(c2cn(-c3ccc(F)cc3)c3ccc(Cl)cc23)CC1,440.95,4.628,40.51,1,3,5,3,31,2.0
CHEMBL12798,METHYL DEHYDROABIETATE,COC(=O)[C@]1(C)CCC[C@]2(C)c3ccc(C(C)C)cc3CC[C@@H]12,314.469,4.993,26.3,0,2,2,1,23,3.0
CHEMBL12799,POMIFERIN A,CC(C)c1ccc2c(c1)CC[C@H]1[C@](C)(CO)CCC[C@]21C,286.459,4.813,20.23,1,1,2,1,21,3.0
CHEMBL12806,GLICONDAMIDE,CNC(=O)NS(=O)(=O)c1ccc(CCNC(=O)c2cc(Cl)ccc2OC)cc1,425.894,1.939,113.6,3,5,7,2,28,0.0
CHEMBL12831,IMAZODAN,O=C1CCC(c2ccc(-n3ccnc3)cc2)=NN1,240.266,1.486,59.28,1,4,2,2,18,3.0
CHEMBL12850,DEHYDROABIETIC ACID,CC(C)c1ccc2c(c1)CC[C@H]1[C@](C)(C(=O)O)CCC[C@]21C,300.442,4.905,37.3,1,1,2,1,22,3.0
CHEMBL12856,INAMRINONE,Nc1cc(-c2ccncc2)c[nH]c1=O,187.202,1.019,71.77,2,3,1,2,14,1.0
CHEMBL12948,SEMUSTINE,CC1CCC(NC(=O)N(CCCl)N=O)CC1,247.726,2.497,61.77,1,3,4,0,16,4.0
CHEMBL12980,QUINUCLIDINYL BENZILATE,O=C(OC1CN2CCC1CC2)C(O)(c1ccccc1)c1ccccc1,337.419,2.56,49.77,1,4,4,2,25,4.0
CHEMBL12998,L-755507,CCCCCCNC(=O)Nc1ccc(S(=O)(=O)Nc2ccc(CCNC[C@H](O)COc3ccc(O)cc3)cc2)cc1,584.739,4.467,149.02,6,7,17,3,41,0.0
CHEMBL13039,RO-052904,O=C1CN=C(c2ccccc2)c2cc(C(F)(F)F)ccc2N1,304.271,3.495,41.46,1,2,1,2,22,4.0
CHEMBL13045,CHELERYTHRINE,COc1ccc2c(c[n+](C)c3c4cc5c(cc4ccc23)OCO5)c1OC,348.378,3.717,40.8,0,4,2,4,26,4.0
CHEMBL13073,VUF-8407,N=C(N)Nc1nc(CSCC/N=C(\N)NCCCc2c[nH]cn2)cs1,381.535,0.942,153.88,6,6,10,2,25,0.0
CHEMBL13095,RO-054520,CN1C(=O)CN=C(c2ccccc2F)c2ccccc21,268.291,2.64,32.67,0,2,1,2,20,4.0
CHEMBL13097,"BIOCHANIN A, DIMETHYL ETHER",COc1ccc(-c2coc3cc(OC)cc(OC)c3c2=O)cc1,312.321,3.486,57.9,0,5,4,3,23,4.0
CHEMBL13134,PALINAVIR,CC(C)[C@H](NC(=O)c1ccc2ccccc2n1)C(=O)N[C@@H](Cc1ccccc1)[C@H](O)CN1CC[C@@H](OCc2ccncc2)C[C@H]1C(=O)NC(C)(C)C,708.904,4.437,145.78,4,8,14,4,52,0.0
CHEMBL13178,PRAVADOLINE,COc1ccc(C(=O)c2c(C)n(CCN3CCOCC3)c3ccccc23)cc1,378.472,3.522,43.7,0,5,6,3,28,3.0
CHEMBL13209,NITRAZEPAM,O=C1CN=C(c2ccccc2)c2cc([N+](=O)[O-])ccc2N1,281.271,2.384,84.6,1,4,2,2,21,3.0
CHEMBL13239,DL-PENICILLAMINE,CC(C)(S)C(N)C(=O)O,149.215,0.107,63.32,3,3,2,0,9,2.0
CHEMBL13254,ORG-24447,CC[C@H](C(=O)Oc1c(OC)cc(C)cc1OC)N(CCOC)CCOC,369.458,2.291,66.46,0,7,12,1,26,3.0
CHEMBL13257,ISOXAZOLE,c1cnoc1,69.063,0.675,26.03,0,2,0,1,5,3.0
CHEMBL13260,YM-90K,O=c1[nH]c2cc(-n3ccnc3)c([N+](=O)[O-])cc2[nH]c1=O,273.208,0.31,126.68,2,6,2,3,20,1.0
CHEMBL13280,FLUNITRAZEPAM,CN1C(=O)CN=C(c2ccccc2F)c2cc([N+](=O)[O-])ccc21,313.288,2.548,75.81,0,4,2,2,23,3.0
CHEMBL13290,RO-053061,O=C1CN=C(c2ccccc2)c2cc(F)ccc2N1,254.264,2.615,41.46,1,2,1,2,19,4.0
CHEMBL13291,FLUDIAZEPAM,CN1C(=O)CN=C(c2ccccc2F)c2cc(Cl)ccc21,302.736,3.293,32.67,0,2,1,2,21,4.0
CHEMBL13311,CHROMONE,O=c1ccoc2ccccc12,146.145,1.793,30.21,0,2,0,2,11,3.0
CHEMBL13324,DAZOQUINAST,O=C(O)c1cn2c(cnc3ccccc32)n1,213.196,1.581,67.49,1,4,1,3,16,3.0
CHEMBL13341,NIMETAZEPAM,CN1C(=O)CN=C(c2ccccc2)c2cc([N+](=O)[O-])ccc21,295.298,2.409,75.81,0,4,2,2,22,3.0
CHEMBL13376,CLOMETACIN,COc1ccc2c(C(=O)c3ccc(Cl)cc3)c(C)n(CC(=O)O)c2c1,357.793,3.927,68.53,1,4,5,3,25,4.0
CHEMBL13378,"(R,S)-AMPA",Cc1onc(O)c1CC(N)C(=O)O,186.167,-0.357,109.58,3,5,3,1,13,1.0
CHEMBL13458,RO-052921,O=C1CN=C(c2ccccc2)c2ccccc2N1,236.274,2.476,41.46,1,2,1,2,18,4.0
CHEMBL13470,SNC-80,C=CCN1C[C@H](C)N([C@H](c2ccc(C(=O)N(CC)CC)cc2)c2cccc(OC)c2)C[C@H]1C,449.639,4.847,36.02,0,4,9,2,33,2.0
CHEMBL13473,"7,3',4'-Trimethoxyflavone",COc1ccc2c(=O)cc(-c3ccc(OC)c(OC)c3)oc2c1,312.321,3.486,57.9,0,5,4,3,23,4.0
CHEMBL13485,SU-11652,CCN(CC)CCNC(=O)c1c(C)[nH]c(/C=C2\C(=O)Nc3ccc(Cl)cc32)c1C,414.937,3.849,77.23,3,3,7,2,29,1.0
CHEMBL13529,CRYPTOPHYCIN 3,COc1ccc(C[C@H]2NC(=O)/C=C/C[C@@H]([C@H](C)/C=C/c3ccccc3)OC(=O)[C@H](CC(C)C)OC(=O)[C@H](C)CNC2=O)cc1Cl,639.189,5.307,120.03,2,7,8,2,45,0.0
CHEMBL13559,VUF-5296,N[C@@H]1C[C@H]1c1c[nH]cn1,123.159,0.224,54.7,2,2,1,1,9,2.0
CHEMBL13589,AMANOZINE,Nc1ncnc(Nc2ccccc2)n1,187.206,1.197,76.72,2,5,2,2,14,1.0
CHEMBL13600,L-692585,C[C@@H](O)CNC(C)(C)CC(=O)N[C@@H]1CCc2ccccc2N(Cc2ccc(-c3ccccc3-c3nn[nH]n3)cc2)C1=O,567.694,3.637,136.13,4,7,10,4,42,1.0
CHEMBL13603,BENZYL(OCTYL)AMINE HYDROCHLORIDE,CCCCCCCCNCc1ccccc1.Cl,255.833,4.559,12.03,1,1,9,1,16,3.0
CHEMBL13608,TOCERANIB,Cc1[nH]c(/C=C2\C(=O)Nc3ccc(F)cc32)c(C)c1C(=O)NCCN1CCCC1,396.466,3.089,77.23,3,3,5,2,29,1.0
CHEMBL13647,BMY-7378,COc1ccccc1N1CCN(CCN2C(=O)CC3(CCCC3)CC2=O)CC1,385.508,2.527,53.09,0,5,5,1,28,3.0
CHEMBL13662,CI-218872,Cc1nnc2ccc(-c3cccc(C(F)(F)F)c3)nn12,278.237,3.119,43.08,0,4,1,3,20,4.0
CHEMBL13696,FR-221647,NC(=O)c1cn(C(CO)CCc2ccccc2)cn1,259.309,1.148,81.14,2,4,6,2,19,1.0
CHEMBL13705,DIDEAZAACYCLOTETRAHYDROFOLIC ACID,Nc1nc(N)c(CCCCc2ccc(C(=O)N[C@@H](CCC(=O)O)C(=O)O)cc2)c(=O)[nH]1,431.449,0.548,201.49,6,7,11,2,31,0.0
CHEMBL13766,GUAIACOL,COc1ccccc1O,124.139,1.401,29.46,1,2,1,1,9,3.0
CHEMBL13779,CARBADOX,COC(=O)N/N=C/c1c[n+]([O-])c2ccccc2[n+]1[O-],262.225,-0.203,104.57,1,5,2,2,19,2.0
CHEMBL13782,TERT-BUTYLAMINE,CC(C)(C)N,73.139,0.744,26.02,1,1,0,0,5,3.0
CHEMBL13791,PHENYL BIGUANIDE,N=C(N)NC(=N)Nc1ccccc1,177.211,0.516,97.78,5,2,1,1,13,1.0
CHEMBL13795,VUF-5297,N[C@H]1C[C@@H]1c1c[nH]cn1,123.159,0.224,54.7,2,2,1,1,9,2.0
CHEMBL13817,IBUTAMOREN,CC(C)(N)C(=O)N[C@H](COCc1ccccc1)C(=O)N1CCC2(CC1)CN(S(C)(=O)=O)c1ccccc12,528.675,1.765,122.04,2,6,8,2,37,0.0
CHEMBL13828,OXATOMIDE,O=c1[nH]c2ccccc2n1CCCN1CCN(C(c2ccccc2)c2ccccc2)CC1,426.564,4.127,44.27,1,4,7,4,32,2.0
CHEMBL13829,MIXTURE OF MMC AND TA,CC1(C)O[C@@H]2CC3C4CCC5=CC(=O)C=C[C@]5(C)[C@@]4(F)[C@@H](O)C[C@]3(C)[C@]2(C(=O)CO)O1.CO[C@@]12[C@H](COC(N)=O)C3=C(C(=O)C(C)=C(N)C3=O)N1C[C@@H]1N[C@@H]12,768.836,0.768,239.95,5,14,5,,,0.0
CHEMBL13852,CIRAZOLINE,c1ccc(C2CC2)c(OCC2=NCCN2)c1,216.284,1.944,33.62,1,3,4,1,16,3.0
CHEMBL13856,A-123189,COc1ccccc1N1CCN(CCn2c(=O)[nH]c3scc(-c4cccc(C)c4)c3c2=O)CC1,476.602,3.558,70.57,1,7,6,4,34,2.0
CHEMBL13878,TEBUFELONE,C#CCCCC(=O)c1cc(C(C)(C)C)c(O)c(C(C)(C)C)c1,300.442,4.973,37.3,1,2,4,1,22,3.0
CHEMBL13881,PHENAMAZOLINE,c1ccc(NCC2=NCCN2)cc1,175.235,1.1,36.42,2,3,3,1,13,2.0
CHEMBL13883,VANILLIN,COc1cc(C=O)ccc1O,152.149,1.213,46.53,1,3,2,1,11,3.0
CHEMBL13888,3-NITRO-PHENOL,O=[N+]([O-])c1cccc(O)c1,139.11,1.3,63.37,1,3,1,1,10,3.0
CHEMBL13960,DICHLOROACETIC ACID,O=C(O)C(Cl)Cl,128.942,0.875,37.3,1,1,1,0,6,3.0
CHEMBL13968,BUTYLAMINE,CCCCN,73.139,0.745,26.02,1,1,2,0,5,3.0
CHEMBL14012,FENOXAZOLINE,CC(C)c1ccccc1OCC1=NCCN1,218.3,2.19,33.62,1,3,4,1,16,4.0
CHEMBL14021,PROPIONIC ACID,CCC(=O)O,74.079,0.481,37.3,1,1,1,0,5,3.0
CHEMBL14047,PHENYLGUANIDINE,N=C(N)Nc1ccccc1,135.17,0.992,61.9,3,1,1,1,10,2.0
CHEMBL14053,TRICHLOROACETIC ACID,O=C(O)C(Cl)(Cl)Cl,163.387,1.441,37.3,1,1,0,0,7,3.0
CHEMBL14060,PHENOL,Oc1ccccc1,94.113,1.392,20.23,1,1,0,1,7,3.0
CHEMBL14068,3-NITROANILINE,Nc1cccc([N+](=O)[O-])c1,138.126,1.177,69.16,1,3,1,1,10,3.0
CHEMBL14079,ACETIC ACID METHYL ESTER,COC(C)=O,74.079,0.179,26.3,0,2,0,0,5,3.0
CHEMBL14085,1-HEXANOL,CCCCCCO,102.177,1.559,20.23,1,1,4,0,7,3.0
CHEMBL14090,CHLOROACETIC ACID,O=C(O)CCl,94.497,0.31,37.3,1,1,1,0,5,3.0
CHEMBL14092,BIPHENYL,c1ccc(-c2ccccc2)cc1,154.212,3.354,0.0,0,0,1,2,12,4.0
CHEMBL14112,SB-210313,Fc1ccc(-c2ncn(CCCN3CCOCC3)c2-c2ccncc2)cc1,366.44,3.474,43.18,0,5,6,3,27,3.0
CHEMBL14126,BETANAPHTHOL,Oc1ccc2ccccc2c1,144.173,2.545,20.23,1,1,0,2,11,4.0
CHEMBL14130,P-NITROPHENOL,O=[N+]([O-])c1ccc(O)cc1,139.11,1.3,63.37,1,3,1,1,10,3.0
CHEMBL14152,ETHYL ACETATE,CCOC(C)=O,88.106,0.569,26.3,0,2,1,0,6,3.0
CHEMBL14153,PD-170292,Cc1ccccc1NC(=O)NCCCC[C@@H](CC(=O)O)NC(=O)[C@@](C)(Cc1c[nH]c2ccccc12)NC(=O)OC1C2CC3CC(C2)CC1C3,671.839,6.28,161.65,6,5,14,3,49,0.0
CHEMBL14173,ANTHRANILIC ACID,Nc1ccccc1C(=O)O,137.138,0.967,63.32,2,2,1,1,10,2.0
CHEMBL14184,HEXANOATE,CCCCCC(=O)O,116.16,1.651,37.3,1,1,4,0,8,3.0
CHEMBL14189,2-PHENYLIMIDAZOLE,c1ccc(-c2ncc[nH]2)cc1,144.177,2.077,28.68,1,1,1,2,11,4.0
CHEMBL14192,BENZYLIMIDAZOLE,c1ccc(Cn2ccnc2)cc1,158.204,1.931,17.82,0,2,2,2,12,3.0
CHEMBL14193,4-HYDROXYBENZALDEHYDE,O=Cc1ccc(O)cc1,122.123,1.205,37.3,1,2,1,1,9,3.0
CHEMBL14205,NITROPHENOLATE,O=[N+]([O-])c1ccccc1O,139.11,1.3,63.37,1,3,1,1,10,3.0
CHEMBL14210,PHENYZOLINE,c1ccc(CCC2=NCCN2)cc1,174.247,1.621,24.39,1,2,3,1,13,3.0
CHEMBL14227,BUTANOIC ACID,CCCC(=O)O,88.106,0.871,37.3,1,1,2,0,6,3.0
CHEMBL14245,BUTYL ALCOHOL,CCCCO,74.123,0.779,20.23,1,1,2,0,5,3.0
CHEMBL14249,ADENOSINE TRIPHOSPHATE,Nc1ncnc2c1ncn2[C@@H]1O[C@H](COP(=O)(O)OP(=O)(O)OP(=O)(O)O)[C@@H](O)[C@H]1O,507.182,-1.629,279.13,7,14,8,2,31,0.0
CHEMBL14253,ACETONE,CC(C)=O,58.08,0.595,17.07,0,1,0,0,4,3.0
CHEMBL14282,4-NITROANILINE,Nc1ccc([N+](=O)[O-])cc1,138.126,1.177,69.16,1,3,1,1,10,3.0
CHEMBL14346,"1,2,3,4-TETRAHYDROISOQUINOLINE",c1ccc2c(c1)CCNC2,133.194,1.332,12.03,1,1,0,1,10,3.0
CHEMBL14370,REBOXETINE,CCOc1ccccc1OC(c1ccccc1)C1CNCCO1,313.397,3.194,39.72,1,4,6,2,23,4.0
CHEMBL14376,ILOPERIDONE,COc1cc(C(C)=O)ccc1OCCCN1CCC(c2noc3cc(F)ccc23)CC1,426.488,4.827,64.8,0,6,8,3,31,2.0
CHEMBL14377,"2,2',4,4',5,5'-HEXACHLOROBIPHENYL",Clc1cc(Cl)c(-c2cc(Cl)c(Cl)cc2Cl)cc1Cl,360.882,7.274,0.0,0,0,1,2,18,2.0
CHEMBL14409,PROPYLAMINE,CCCN,59.112,0.355,26.02,1,1,1,0,4,3.0
CHEMBL14429,BETAPRODINE,CCC(=O)O[C@@]1(c2ccccc2)CCN(C)C[C@@H]1C,261.365,2.807,29.54,0,3,3,1,19,4.0
CHEMBL14449,ETHYLAMINE,CCN,45.085,-0.035,26.02,1,1,0,0,3,3.0
CHEMBL14460,SB-243213,Cc1cc2c(cc1C(F)(F)F)N(C(=O)Nc1ccc(Oc3cccnc3C)nc1)CC2,428.414,5.499,67.35,1,4,3,3,31,2.0
CHEMBL14474,QUINOLINE,c1ccc2ncccc2c1,129.162,2.235,12.89,0,1,0,2,10,4.0
CHEMBL14563,SB-242084,Cc1cc2c(cc1Cl)N(C(=O)Nc1ccc(Oc3cccnc3C)nc1)CC2,394.862,5.134,67.35,1,4,3,3,28,2.0
CHEMBL14568,1-PENTANOL,CCCCCO,88.15,1.169,20.23,1,1,3,0,6,3.0
CHEMBL14577,PRALIDOXIME IODIDE,C[n+]1ccccc1C=NO.[I-],264.066,-2.677,36.47,1,2,1,1,10,3.0
CHEMBL14619,SQ-67563,CCCCOc1c(C(=O)c2ccccc2)cnc2[nH]ncc12,295.342,3.368,67.87,1,4,6,3,22,4.0
CHEMBL14638,CIPROXIFAN,O=C(c1ccc(OCCCc2c[nH]cn2)cc1)C1CC1,270.332,3.014,54.98,1,3,7,2,20,4.0
CHEMBL14687,PROPANOL,CCCO,60.096,0.389,20.23,1,1,1,0,4,3.0
CHEMBL14688,METHYL ALCOHOL,CO,32.042,-0.392,20.23,1,1,0,0,2,3.0
CHEMBL14690,CLOBENPROPIT,N=C(NCc1ccc(Cl)cc1)SCCCc1c[nH]cn1,308.838,3.453,64.56,3,3,6,2,20,3.0
CHEMBL14762,SELICICLIB,CC[C@H](CO)Nc1nc(NCc2ccccc2)c2ncn(C(C)C)c2n1,354.458,3.202,87.89,3,7,8,3,26,2.0
CHEMBL14812,GT-2016,O=C(CCCCC1CCCCC1)N1CCC(c2c[nH]cn2)CC1,317.477,4.256,48.99,1,2,6,1,23,3.0
CHEMBL14823,SC-41390,CCCc1c(OCCCOc2ccc(C(C)=O)c(OC)c2CCC)ccc2c1OC(C(=O)O)CC2,484.589,5.429,91.29,1,6,13,2,35,1.0
CHEMBL14830,ADENOSINE DIPHOSPHATE,Nc1ncnc2c1ncn2[C@@H]1O[C@H](COP(=O)(O)OP(=O)(O)O)[C@@H](O)[C@H]1O,427.203,-1.746,232.6,6,12,6,2,27,0.0
CHEMBL14831,AVERMECTIN B1 MONOSACCHARIDE,COC1CC(O[C@@H]2/C(C)=C/C[C@@H]3C[C@@H](C[C@]4(C=C[C@H](C)[C@@H](C(C)C)O4)O3)OC(=O)[C@@H]3C=C(C)[C@@H](O)[C@H]4OC/C(=C\C=C\[C@@H]2C)[C@]43O)OC(C)C1O,714.893,4.452,142.37,3,11,4,0,51,0.0
CHEMBL14935,TEZAMPANEL ANHYDROUS,O=C(O)[C@@H]1C[C@H]2C[C@@H](CCc3nn[nH]n3)CC[C@H]2CN1,279.344,0.611,103.79,3,5,4,1,20,1.0
CHEMBL14955,DIHYDRORALOXIFENE,O=C(c1ccc(OCCN2CCCCC2)cc1)[C@H]1c2ccc(O)cc2S[C@@H]1c1ccc(O)cc1,475.61,5.776,70.0,2,6,7,3,34,0.0
CHEMBL15023,TRIFLUPERIDOL,O=C(CCCN1CCC(O)(c2cccc(C(F)(F)F)c2)CC1)c1ccc(F)cc1,409.423,4.791,40.54,1,3,6,2,29,2.0
CHEMBL15063,ATRAZINE,CCNc1nc(Cl)nc(NC(C)C)n1,215.688,1.777,62.73,2,5,4,1,14,2.0
CHEMBL15075,VERONGAMINE,COc1ccc(C/C(=N\O)C(=O)NCCc2c[nH]cn2)cc1Br,381.23,1.912,99.6,3,5,7,2,23,0.0
CHEMBL15093,PNU-91571,CN(C)C(=O)N1Cc2c(-c3noc(C4CC4)n3)ncn2-c2ccccc21,350.382,2.801,80.29,0,6,2,3,26,3.0
CHEMBL15137,MICHLER'S KETONE,CN(C)c1ccc(C(=O)c2ccc(N(C)C)cc2)cc1,268.36,3.05,23.55,0,3,4,2,20,4.0
CHEMBL15150,ARACHIDONAMIDE,CCCCC/C=C\C/C=C\C/C=C\C/C=C\CCCC(N)=O,303.49,5.617,43.09,1,1,14,0,22,3.0
CHEMBL15161,L-695499,CCC[C@H](CS[C@@H](CCc1ccccc1C(C)(C)O)c1cccc(/C=C/c2ccc3ccc(Cl)cc3n2)c1)C(=O)O,588.213,9.194,70.42,2,4,13,4,41,0.0
CHEMBL15177,MK-571,CN(C)C(=O)CCSC(SCCC(=O)O)c1cccc(/C=C/c2ccc3ccc(Cl)cc3n2)c1,515.1,6.477,70.5,1,5,11,3,34,1.0
CHEMBL15192,LAPACHONE,CC1(C)CCC2=C(O1)c1ccccc1C(=O)C2=O,242.274,2.752,43.37,0,3,0,1,18,4.0
CHEMBL15193,LAPACHOL,CC(C)=CCC1=C(O)C(=O)c2ccccc2C1=O,242.274,3.234,54.37,1,3,2,1,18,4.0
CHEMBL15245,YOHIMBINE,COC(=O)[C@@H]1[C@H]2C[C@H]3c4[nH]c5ccccc5c4CCN3C[C@@H]2CC[C@@H]1O,354.45,2.647,65.56,2,4,1,2,26,3.0
CHEMBL15365,BENZO[A]PHENAZINE,c1ccc2c(c1)ccc1nc3ccccc3nc12,230.27,3.936,25.78,0,2,0,4,18,4.0
CHEMBL15413,FLOMOXEF,CO[C@@]1(NC(=O)CSC(F)F)C(=O)N2C(C(=O)O)=C(CSc3nnnn3CCO)CO[C@@H]21,496.474,-1.291,169.0,3,12,11,1,32,0.0
CHEMBL15487,PIPERIDINE,C1CCNCC1,85.15,0.76,12.03,1,1,0,0,6,3.0
CHEMBL15511,ENROFLOXACIN,CCN1CCN(c2cc3c(cc2F)c(=O)c(C(=O)O)cn3C2CC2)CC1,359.401,2.316,65.78,1,5,4,2,26,4.0
CHEMBL15537,DIMETHOXYMETHANE,COCOC,76.095,0.237,18.46,0,2,2,0,5,3.0
CHEMBL15562,PYRIMIDINE,c1cncnc1,80.09,0.477,25.78,0,2,0,1,6,3.0
CHEMBL15571,"1,2,4-TRIAZOLE",c1nc[nH]n1,69.067,-0.195,41.57,1,2,0,1,5,3.0
CHEMBL15580,METHYLSULFANYLMETHANE,CSC,62.137,0.979,0.0,0,1,0,0,3,3.0
CHEMBL15585,BRL-20627,COc1cc(N)c(Cl)cc1C(=O)NC1CCN2C(C)CCCC2C1,351.878,3.066,67.59,2,4,3,1,24,3.0
CHEMBL15594,ARACHIDONIC ACID,CCCCC/C=C\C/C=C\C/C=C\C/C=C\CCCC(=O)O,304.474,6.217,37.3,1,1,14,0,22,3.0
CHEMBL15605,HYDROCHLORTHIAZIDE,c1cscn1,85.131,1.143,12.89,0,2,0,1,5,3.0
CHEMBL15611,OLEIC ACID ANILIDE,CCCCCCCC/C=C\CCCCCCCC(=O)Nc1ccccc1,357.582,7.663,29.1,1,1,16,1,26,3.0
CHEMBL15625,NITROETHANE,CC[N+](=O)[O-],75.067,0.283,43.14,0,2,1,0,5,3.0
CHEMBL15676,CARVONE,C=C(C)C1CC=C(C)C(=O)C1,150.221,2.488,17.07,0,1,1,0,11,4.0
CHEMBL15677,FENCLOFENAC,O=C(O)Cc1ccccc1Oc1ccc(Cl)cc1Cl,297.137,4.413,46.53,1,2,4,2,19,3.0
CHEMBL15719,PYRIDAZINE,c1ccnnc1,80.09,0.477,25.78,0,2,0,1,6,3.0
CHEMBL15721,NIFUROXIME,O=[N+]([O-])c1ccc(/C=N/O)o1,156.097,0.996,88.87,1,5,2,1,11,2.0
CHEMBL15722,3-METHYLPYRIDINE,Cc1cccnc1,93.129,1.39,12.89,0,1,0,1,7,3.0
CHEMBL15727,THIONIN ACETATE,CC(=O)[O-].Nc1ccc2nc3ccc(N)cc3[s+]c2c1,287.344,1.651,105.06,2,5,0,3,16,1.0
CHEMBL15750,NITROBENZENE,O=[N+]([O-])c1ccccc1,123.111,1.595,43.14,0,2,1,1,9,3.0
CHEMBL15766,LY-255283,CCc1cc(C(C)=O)c(O)cc1OCCCCCC(C)(C)c1nn[nH]n1,360.458,3.587,100.99,2,6,10,2,26,1.0
CHEMBL15770,SULINDAC,CC1=C(CC(=O)O)c2cc(F)ccc2/C1=C\c1ccc([S+](C)[O-])cc1,356.418,4.366,60.36,1,2,4,2,25,3.0
CHEMBL15771,DIMETHYLBARBITURATE,CC1(C)C(=O)NC(=O)NC1=O,156.141,-0.621,75.27,2,3,0,0,11,1.0
CHEMBL15780,PHENOXYCARB,CCOC(=O)NCCOc1ccc(Oc2ccccc2)cc1,301.342,3.604,56.79,1,4,7,2,22,4.0
CHEMBL15797,PYRAZINE,c1cnccn1,80.09,0.477,25.78,0,2,0,1,6,3.0
CHEMBL15819,BENZONITRILE,N#Cc1ccccc1,103.124,1.558,23.79,0,1,0,1,8,3.0
CHEMBL15841,ETHYLPARABEN,CCOC(=O)c1ccc(O)cc1,166.176,1.569,46.53,1,3,2,1,12,3.0
CHEMBL15844,INDOLE,c1ccc2[nH]ccc2c1,117.151,2.168,15.79,1,0,0,2,9,4.0
CHEMBL15848,ANANDAMIDE,CCCCC/C=C\C/C=C\C/C=C\C/C=C\CCCC(=O)NCCO,347.543,5.241,49.33,2,2,16,0,25,2.0
CHEMBL15849,BUTANONE,CCC(C)=O,72.107,0.985,17.07,0,1,1,0,5,3.0
CHEMBL15870,INDOPROFEN,CC(C(=O)O)c1ccc(N2Cc3ccccc3C2=O)cc1,281.311,3.035,57.61,1,2,3,2,21,4.0
CHEMBL15871,PROPIONITRILE,CCC#N,55.08,0.92,23.79,0,1,0,0,4,3.0
CHEMBL15888,4-CHLOROANILINE,Nc1ccc(Cl)cc1,127.574,1.922,26.02,1,1,0,1,8,3.0
CHEMBL15891,LINDANE,Cl[C@H]1[C@H](Cl)[C@@H](Cl)[C@@H](Cl)[C@H](Cl)[C@H]1Cl,290.832,3.644,0.0,0,0,0,0,12,4.0
CHEMBL15897,TRIFLUOROMETHYLBENZENE,FC(F)(F)c1ccccc1,146.111,2.705,0.0,0,0,0,1,10,4.0
CHEMBL15901,BENZIDINE,Nc1ccc(-c2ccc(N)cc2)cc1,184.242,2.518,52.04,2,2,1,2,14,3.0
CHEMBL15910,SOMAN,CC(OP(C)(=O)F)C(C)(C)C,182.175,3.23,26.3,0,2,2,0,11,4.0
CHEMBL15913,CYTOSINE,Nc1cc[nH]c(=O)n1,111.104,-0.648,71.77,2,3,0,1,8,1.0
CHEMBL15927,OLEAMIDE,CCCCCCCC/C=C\CCCCCCCC(N)=O,281.484,5.509,43.09,1,1,15,0,20,3.0
CHEMBL15928,GR-127935,COc1ccc(NC(=O)c2ccc(-c3ccc(-c4noc(C)n4)cc3C)cc2)cc1N1CCN(C)CC1,497.599,5.033,83.73,1,7,6,4,37,1.0
CHEMBL15939,HEXANE,CCCCCC,86.178,2.587,0.0,0,0,3,0,6,4.0
CHEMBL15967,PYRAZOLE,c1cn[nH]c1,68.079,0.41,28.68,1,1,0,1,5,3.0
CHEMBL15972,BENZALDEHYDE,O=Cc1ccccc1,106.124,1.499,17.07,0,1,1,1,8,3.0
CHEMBL15976,OXAMATE,NC(=O)C(=O)O,89.05,-1.444,80.39,2,2,0,0,6,1.0
CHEMBL15980,CYCLOHEXANE,C1CCCCC1,84.162,2.341,0.0,0,0,0,0,6,4.0
CHEMBL16024,DESMEDIPHAM,CCOC(=O)Nc1cccc(OC(=O)Nc2ccccc2)c1,300.314,3.866,76.66,2,4,4,2,22,2.0
CHEMBL16068,BROMOBENZENE,Brc1ccccc1,157.01,2.449,0.0,0,0,0,1,7,4.0
CHEMBL16070,FLUOROBENZENE,Fc1ccccc1,96.104,1.826,0.0,0,0,0,1,7,3.0
CHEMBL16073,PHENACETIN,CCOc1ccc(NC(C)=O)cc1,179.219,2.044,38.33,1,2,3,1,13,4.0
CHEMBL16080,TRICHLOROETHANE,CC(Cl)(Cl)Cl,133.405,2.377,0.0,0,0,0,0,5,4.0
CHEMBL16081,ACETAMIDE,CC(N)=O,59.068,-0.508,43.09,1,1,0,0,4,3.0
CHEMBL16101,DECYL GALLATE,CCCCCCCCCCOC(=O)c1cc(O)c(O)c(O)c1,310.39,4.101,86.99,3,5,10,1,22,1.0
CHEMBL16102,PENTANE,CCCCC,72.151,2.197,0.0,0,0,2,0,5,4.0
CHEMBL16117,PHILANTHOTOXIN 343,CCCC(=O)N[C@@H](Cc1ccc(O)cc1)C(=O)NCCCNCCCCNCCCN,435.613,1.034,128.51,6,6,18,1,31,0.0
CHEMBL16121,DODECYL GALLATE,CCCCCCCCCCCCOC(=O)c1cc(O)c(O)c(O)c1,338.444,4.881,86.99,3,5,12,1,24,1.0
CHEMBL16134,TIOXAMAST,CCOC(=O)C(=O)Nc1nc(-c2ccc(OC)cc2)cs1,306.343,2.32,77.52,1,6,4,2,21,3.0
CHEMBL16171,WOGONIN,COc1c(O)cc(O)c2c(=O)cc(-c3ccccc3)oc12,284.267,2.88,79.9,2,5,2,3,21,2.0
CHEMBL16174,NONYL GALLATE,CCCCCCCCCOC(=O)c1cc(O)c(O)c(O)c1,296.363,3.711,86.99,3,5,9,1,21,2.0
CHEMBL16192,CP-96345,COc1ccccc1CN[C@H]1C2CCN(CC2)[C@H]1C(c1ccccc1)c1ccccc1,412.577,5.08,24.5,1,3,7,3,31,2.0
CHEMBL16200,CHLOROBENZENE,Clc1ccccc1,112.559,2.34,0.0,0,0,0,1,7,4.0
CHEMBL16224,UNDECYL GALLATE,CCCCCCCCCCCOC(=O)c1cc(O)c(O)c(O)c1,324.417,4.491,86.99,3,5,11,1,23,1.0
CHEMBL16225,PYRROLE,c1cc[nH]c1,67.091,1.015,15.79,1,0,0,1,5,3.0
CHEMBL16236,FLUORENE,c1ccc2c(c1)Cc1ccccc1-2,166.223,3.258,0.0,0,0,0,2,13,4.0
CHEMBL16264,ETHER,CCOCC,74.123,1.043,9.23,0,1,2,0,5,3.0
CHEMBL16293,NAPHTHALENE,c1ccc2ccccc2c1,128.174,2.84,0.0,0,0,0,2,10,4.0
CHEMBL16300,BENZOHYDROXAMATE,O=C(NO)c1ccccc1,137.138,0.806,49.33,2,2,1,1,10,2.0
CHEMBL16312,4'-METHOXYFLAVONE,COc1ccc(-c2cc(=O)c3ccccc3o2)cc1,252.269,3.469,39.44,0,3,2,3,19,4.0
CHEMBL16332,ZOFENOPRILAT,C[C@H](CS)C(=O)N1C[C@@H](Sc2ccccc2)C[C@H]1C(=O)O,325.455,2.399,57.61,2,4,5,1,21,3.0
CHEMBL16347,HEXAMETHYLBENZENE,Cc1c(C)c(C)c(C)c(C)c1C,162.276,3.537,0.0,0,0,0,1,12,4.0
CHEMBL16370,"1,2-DICHLOROETHANE",ClCCCl,98.96,1.464,0.0,0,0,1,0,4,3.0
CHEMBL16396,CYCLOHEXENE,C1=CCCCC1,82.146,2.117,0.0,0,0,0,0,6,4.0
CHEMBL16410,PNU-99194A,CCCN(CCC)C1Cc2cc(OC)c(OC)cc2C1,277.408,3.293,21.7,0,3,7,1,20,4.0
CHEMBL16435,METHYL BENZOATE,COC(=O)c1ccccc1,136.15,1.473,26.3,0,2,1,1,10,3.0
CHEMBL16442,"4,7-DIMETHOXYFLAVONE",COc1ccc(-c2cc(=O)c3ccc(OC)cc3o2)cc1,282.295,3.477,48.67,0,4,3,3,21,4.0
CHEMBL16476,PRONETALOL,CC(C)NCC(O)c1ccc2ccccc2c1,229.323,2.871,32.26,2,2,4,2,17,3.0
CHEMBL16498,SJG-136,C=C1C[C@H]2C=Nc3cc(OCCCOc4cc5c(cc4OC)C(=O)N4CC(=C)C[C@H]4C=N5)c(OC)cc3C(=O)N2C1,556.619,4.525,102.26,0,8,8,2,41,1.0
CHEMBL16502,TERT-BUTANOL,CC(C)(C)O,74.123,0.777,20.23,1,1,0,0,5,3.0
CHEMBL16503,SALCAPROZIC ACID,O=C(O)CCCCCCCNC(=O)c1ccccc1O,279.336,2.547,86.63,3,3,9,1,20,2.0
CHEMBL16520,RO-319790,CNC(=O)[C@@H](NC(=O)[C@@H](CC(=O)NO)CC(C)C)C(C)(C)C,315.414,0.821,107.53,4,4,7,0,22,1.0
CHEMBL16596,QUIFLAPON,CC(C)(C)Sc1c(CC(C)(C)C(=O)O)n(Cc2ccc(Cl)cc2)c2ccc(OCc3ccc4ccccc4n3)cc12,587.185,9.014,64.35,1,5,9,5,41,2.0
CHEMBL16645,p-CRESOL,Cc1ccc(O)cc1,108.14,1.701,20.23,1,1,0,1,8,3.0
CHEMBL16687,CGS-15943,Nc1nc2ccc(Cl)cc2c2nc(-c3ccco3)nn12,285.694,2.773,82.24,1,6,1,4,20,3.0
CHEMBL16699,ELLIPTINIUM,Cc1c2cc[n+](C)cc2c(C)c2c1[nH]c1ccc(O)cc12,277.347,3.621,39.9,2,1,0,4,21,3.0
CHEMBL16727,ABT-719,Cc1c(N2CC[C@H](N)C2)c(F)cn2c(=O)c(C(=O)O)cc(C3CC3)c12,345.374,1.86,88.04,2,5,3,2,25,1.0
CHEMBL16782,7-METHOXYFLAVONE,COc1ccc2c(=O)cc(-c3ccccc3)oc2c1,252.269,3.469,39.44,0,3,2,3,19,4.0
CHEMBL16807,5-HYDROXYFLAVONE,O=c1cc(-c2ccccc2)oc2cccc(O)c12,238.242,3.166,50.44,1,3,1,3,18,4.0
CHEMBL16829,DEOXYMETHASONE,C[C@@H]1CC2C3CCC4=CC(=O)C=CC4(C)[C@@]3(F)C(O)CC2(C)C1C(=O)CO,376.468,2.781,74.6,2,4,2,0,27,1.0
CHEMBL16900,L-768673,O=C(Cc1ccc(C(F)(F)F)cc1C(F)(F)F)N[C@@H]1N=C(c2ccccc2)c2ccccc2N(CC(F)(F)F)C1=O,587.442,6.156,61.77,1,3,5,3,41,2.0
CHEMBL16901,HONOKIOL,C=CCc1ccc(O)c(-c2ccc(O)c(CC=C)c2)c1,266.34,4.222,40.46,2,2,5,2,20,2.0
CHEMBL16947,WR-190433,O=C(/C=C/c1ccccn1)c1ccccc1,209.248,2.978,29.96,0,2,3,2,16,4.0
CHEMBL16958,STAUROSPORINONE,O=C1NCc2c1c1c3ccccc3[nH]c1c1[nH]c3ccccc3c21,311.344,4.199,60.68,3,1,0,5,24,2.0
CHEMBL17001,METHYLCAFFEATE,COC(=O)/C=C/c1ccc(O)c(O)c1,194.186,1.284,66.76,2,4,2,1,14,2.0
CHEMBL17037,FR-235656,O=C(Nc1ccccc1)C1CCN(C(=O)Cn2c(=O)sc3ccc(Cl)cc32)CC1,429.929,3.594,71.41,1,5,4,3,29,2.0
CHEMBL17045,OTENZEPAD,CCN(CC)CC1CCCCN1CC(=O)N1c2ccccc2C(=O)Nc2cccnc21,421.545,3.508,68.78,1,5,6,2,31,3.0
CHEMBL17096,PALASONIN,C[C@]12C(=O)OC(=O)[C@H]1C1CC[C@H]2O1,182.175,0.253,52.6,0,4,0,0,13,3.0
CHEMBL17121,SCH-63390,Nc1nc2c(cnn2CCCc2ccccc2)c2nc(-c3ccco3)nn12,359.393,2.949,100.06,1,8,5,5,27,3.0
CHEMBL17125,PELRINONE,Cc1nc(=O)c(C#N)c(NCc2cccnc2)[nH]1,241.254,0.957,94.46,2,5,3,2,18,1.0
CHEMBL17127,SCH-58261,Nc1nc2c(cnn2CCc2ccccc2)c2nc(-c3ccco3)nn12,345.366,2.559,100.06,1,8,4,5,26,3.0
CHEMBL17157,TERFENADINE,CC(C)(C)c1ccc(C(O)CCCN2CCC(C(O)(c3ccccc3)c3ccccc3)CC2)cc1,471.685,6.446,43.7,2,3,8,3,35,1.0
CHEMBL17205,CYCLOVALONE,COc1cc(/C=C2\CCC/C(=C\c3ccc(O)c(OC)c3)C2=O)ccc1O,366.413,4.335,75.99,2,5,4,2,27,0.0
CHEMBL17289,CHS-828,N#CN=C(NCCCCCCOc1ccc(Cl)cc1)Nc1ccncc1,371.872,4.213,82.33,2,4,9,2,26,0.0
CHEMBL17290,DISCORHABDIN,Cn1cc2c3c1C(=O)C1=C(C3=NCC2)C2(C=C(Br)C(=O)C(Br)=C2)CCN1,477.156,2.941,63.46,1,5,0,1,26,3.0
CHEMBL17291,CAFFEOYL ALDEHYDE,O=C/C=C/c1ccc(O)c(O)c1,164.16,1.31,57.53,2,3,2,1,12,2.0
CHEMBL17313,CARAFIBAN,CCOC(=O)C[C@H](NC(=O)CN1C(=O)N[C@@](C)(c2ccc(C(=N)N)cc2)C1=O)c1ccccc1,465.51,1.548,154.68,4,6,9,2,34,0.0
CHEMBL17331,PD-169316,O=[N+]([O-])c1ccc(-c2nc(-c3ccc(F)cc3)c(-c3ccncc3)[nH]2)cc1,360.348,4.853,84.71,1,4,4,4,27,1.0
CHEMBL17344,RITOLUKAST,O=S(=O)(Nc1cccc(OCc2ccc3ccccc3n2)c1)C(F)(F)F,382.363,4.075,68.29,1,4,5,3,26,2.0
CHEMBL17347,ETHYL CAFFEATE,CCOC(=O)/C=C/c1ccc(O)c(O)c1,208.213,1.674,66.76,2,4,3,1,15,2.0
CHEMBL17350,TRAXOPRODIL,C[C@@H]([C@@H](O)c1ccc(O)cc1)N1CCC(O)(c2ccccc2)CC1,327.424,2.798,63.93,3,4,4,2,24,3.0
CHEMBL17377,FOSTRIECIN,C[C@@](O)(/C=C/[C@H]1CC=CC(=O)O1)[C@@H](C[C@@H](O)/C=C\C=C/C=C/CO)OP(=O)(O)O,430.39,1.055,153.75,5,7,11,0,29,0.0
CHEMBL17423,VESNARINONE,COc1ccc(C(=O)N2CCN(c3ccc4c(c3)CCC(=O)N4)CC2)cc1OC,395.459,2.551,71.11,1,5,4,2,29,2.0
CHEMBL17564,METHANE,C,16.043,0.636,0.0,0,0,0,0,1,3.0
CHEMBL17594,QUINIZARIN,O=C1c2ccccc2C(=O)c2c(O)ccc(O)c21,240.214,1.873,74.6,2,4,0,2,18,1.0
CHEMBL17645,CGP-71683A,Nc1nc(NC[C@H]2CC[C@H](CNS(=O)(=O)c3cccc4ccccc34)CC2)nc2ccccc12,475.618,4.562,110.0,3,6,7,4,34,0.0
CHEMBL17669,ENGLITAZONE,O=C1NC(=O)C(Cc2ccc3c(c2)CC[C@H](Cc2ccccc2)O3)S1,353.443,3.517,55.4,1,4,4,2,25,4.0
CHEMBL17738,MICROCYSTIN-LA,C=C1C(=O)N[C@H](C)C(=O)N[C@@H](CC(C)C)C(=O)C[C@@H](C(=O)O)[C@H](C)C(=O)N[C@@H](C)C(=O)N[C@@H](/C=C/C(C)=C/[C@H](C)[C@H](Cc2ccccc2)OC)[C@H](C)C(=O)N[C@@H](C(=O)O)CCC(=O)N1C,909.091,2.675,266.71,7,10,11,1,65,1.0
CHEMBL17805,BRL-48482,CN(CCOc1ccc(CC2SC(=O)NC2=O)cc1)c1nc2ccccc2o1,397.456,3.237,84.67,1,7,7,3,28,2.0
CHEMBL17860,LOFEXIDINE,CC(Oc1c(Cl)cccc1Cl)C1=NCCN1,259.136,2.762,33.62,1,3,3,1,16,4.0
CHEMBL17879,MARALIXIBAT CHLORIDE,CCCCC1(CCCC)CS(=O)(=O)c2ccc(N(C)C)cc2[C@@H](c2ccc(OCc3ccc(C[N+]45CCN(CC4)CC5)cc3)cc2)[C@H]1O.[Cl-],710.425,3.629,70.08,1,6,13,3,48,2.0
CHEMBL17888,CLOFENTEZINE,Clc1ccccc1-c1nnc(-c2ccccc2Cl)nn1,303.152,3.907,51.56,0,4,2,3,20,4.0
CHEMBL17935,PLATELET ACTIVATING FACTOR,CCCCCCCCCCCCCCCCOCC(COP(=O)([O-])OCC[N+](C)(C)C)OC(C)=O,523.692,5.624,94.12,0,7,25,0,35,1.0
CHEMBL17940,MONOISONITROSOACETONE,CC(=O)/C=N/O,87.078,0.035,49.66,1,3,1,0,6,3.0
CHEMBL17962,HISTIDINE,N[C@@H](Cc1c[nH]cn1)C(=O)O,155.157,-0.636,92.0,3,3,3,1,11,1.0
CHEMBL17976,RESINIFERATOXIN,C=C(C)[C@]12C[C@@H](C)[C@@]34O[C@](Cc5ccccc5)(O[C@@H]1[C@@H]3C=C(COC(=O)Cc1ccc(O)c(OC)c1)C[C@]1(O)C(=O)C(C)=C[C@@H]41)O2,628.718,4.745,120.75,2,9,8,2,46,0.0
CHEMBL18028,5-OXO-ETE,CCCCC/C=C\C/C=C\C/C=C\C=C\C(=O)CCCC(=O)O,318.457,5.396,54.37,1,2,14,0,23,3.0
CHEMBL18041,ZACOPRIDE,COc1cc(N)c(Cl)cc1C(=O)NC1CN2CCC1CC2,309.797,1.755,67.59,2,4,3,1,21,2.0
CHEMBL18098,SPIZOFURONE,CC(=O)c1ccc2c(c1)C(=O)C1(CC1)O2,202.209,1.997,43.37,0,3,1,1,15,3.0
CHEMBL18101,(R/R)BEFLOXATONE,COC[C@@H]1CN(c2ccc(OCC[C@H](O)C(F)(F)F)cc2)C(=O)O1,349.305,2.35,68.23,1,5,7,1,24,4.0
CHEMBL18104,HEPTANAL,CCCCCCC=O,114.188,2.156,17.07,0,1,5,0,8,4.0
CHEMBL18116,TOLOXATONE,Cc1cccc(N2CC(CO)OC2=O)c1,207.229,1.313,49.77,1,3,2,1,15,3.0
CHEMBL18132,SR-2640,O=C(O)c1ccccc1Nc1cccc(OCc2ccc3ccccc3n2)c1,370.408,5.256,71.45,2,4,6,4,28,0.0
CHEMBL18197,MIPITROBAN,CC(C)(CC(=O)O)Cc1nc2cc(Cl)cnc2n1Cc1ccc(Cl)cc1,392.286,4.83,68.01,1,4,6,3,26,2.0
CHEMBL18301,ROXIFIBAN,CCCCOC(=O)N[C@@H](CNC(=O)C[C@H]1CC(c2ccc(C(=N)N)cc2)=NO1)C(=O)OC,447.492,1.038,165.19,4,8,11,1,32,0.0
CHEMBL18331,PIRENPERONE,Cc1nc2ccccn2c(=O)c1CCN1CCC(C(=O)c2ccc(F)cc2)CC1,393.462,3.279,54.68,0,5,5,3,29,3.0
CHEMBL18407,OCTANAL,CCCCCCCC=O,128.215,2.546,17.07,0,1,6,0,9,4.0
CHEMBL18442,PLERIXAFOR,c1cc(CN2CCCNCCNCCCNCC2)ccc1CN1CCCNCCNCCCNCC1,502.796,0.416,78.66,6,8,4,1,36,0.0
CHEMBL18475,CYCLOBUTANE CARBALDEHYDE,O=CC1CCC1,84.118,0.985,17.07,0,1,1,0,6,3.0
CHEMBL18486,CYCLONONANECARBALDEHYDE,O=CC1CCCCCCCC1,154.253,2.936,17.07,0,1,1,0,11,4.0
CHEMBL18504,ESUPRONE,CCS(=O)(=O)Oc1ccc2c(C)c(C)c(=O)oc2c1,282.317,2.138,73.58,0,5,3,2,19,3.0
CHEMBL18518,RG-12525,c1ccc(Cc2nn[nH]n2)c(COc2ccc(OCc3ccc4ccccc4n3)cc2)c1,423.476,4.497,85.81,1,6,8,5,32,1.0
CHEMBL18531,FENPRINAST,CC1(C)CN2C(=O)c3[nH]cnc3N(Cc3ccc(Cl)cc3)C2=N1,329.791,2.674,64.59,1,4,2,2,23,4.0
CHEMBL18602,PENTANAL,CCCCC=O,86.134,1.376,17.07,0,1,3,0,6,3.0
CHEMBL18607,CYCLOHEPTANONE,O=C1CCCCCC1,112.172,1.91,17.07,0,1,0,0,8,3.0
CHEMBL18620,CYCLOPENTANONE,O=C1CCCC1,84.118,1.13,17.07,0,1,0,0,6,3.0
CHEMBL18647,TIFLAMIZOLE,O=S(=O)(c1nc(-c2ccc(F)cc2)c(-c2ccc(F)cc2)[nH]1)C(F)(F)C(F)F,420.334,4.654,62.82,1,3,5,3,28,2.0
CHEMBL18661,IMMEPIP,c1nc(CC2CCNCC2)c[nH]1,165.24,0.952,40.71,2,2,2,1,12,2.0
CHEMBL18679,WR-242511,CCCCCCOc1c(OC)cc(NC(C)CCCN)c2nccc(C)c12,373.541,5.05,69.4,2,5,12,2,27,1.0
CHEMBL18701,RO-201724,CCCCOc1cc(CC2CNC(=O)N2)ccc1OC,278.352,2.098,59.59,2,3,7,1,20,3.0
CHEMBL18734,SKF-107260,CN1C(=O)c2ccccc2SSc2ccccc2NC(=O)[C@H](CC(=O)O)NC(=O)CNC(=O)[C@@H]1CCCN=C(N)N,601.711,1.008,209.31,6,8,6,2,41,0.0
CHEMBL18737,CYCLOOCTANONE,O=C1CCCCCCC1,126.199,2.3,17.07,0,1,0,0,9,4.0
CHEMBL18772,QUIPAZINE,c1ccc2nc(N3CCNCC3)ccc2c1,213.284,1.644,28.16,1,3,1,2,16,3.0
CHEMBL18785,RU-24969,COc1ccc2[nH]cc(C3=CCNCC3)c2c1,228.295,2.553,37.05,2,2,2,2,17,3.0
CHEMBL18786,CINANSERIN,CN(C)CCCSc1ccccc1NC(=O)/C=C/c1ccccc1,340.492,4.382,32.34,1,3,8,2,24,3.0
CHEMBL18794,BIS(ETHYL)SPERMINE,CCNCCCNCCCCNCCCNCC,258.454,0.945,48.12,4,4,15,0,18,2.0
CHEMBL18797,SULINDAC SULFIDE,CSc1ccc(/C=C2/C(C)=C(CC(=O)O)c3cc(F)ccc32)cc1,340.419,5.35,37.3,1,2,4,2,24,3.0
CHEMBL18824,L-NOREPINEPHRINE,NC[C@@H](O)c1ccc(O)c(O)c1,169.18,0.09,86.71,4,4,2,1,12,1.0
CHEMBL18850,CYCLOHEXANONE,O=C1CCCCC1,98.145,1.52,17.07,0,1,0,0,7,3.0
CHEMBL18861,ZD-6169,C[C@](O)(C(=O)Nc1ccc(C(=O)c2ccccc2)cc1)C(F)(F)F,337.297,3.169,66.4,2,3,4,2,24,3.0
CHEMBL18901,EFAPROXIRAL,Cc1cc(C)cc(NC(=O)Cc2ccc(OC(C)(C)C(=O)O)cc2)c1,341.407,3.727,75.63,2,3,6,2,25,2.0
CHEMBL18902,A-87380,CC(C)(C)OC(=O)N1C[C@@H](N)[C@@H](C(=O)O)C1,230.264,0.265,92.86,2,4,1,0,16,1.0
CHEMBL18940,LY-231898,O=C(O)c1ccccc1Cn1nnc(-c2cccc(CSc3ccc4ccccc4n3)c2)n1,453.527,4.927,93.79,1,7,7,5,33,1.0
CHEMBL18972,GLEMANSERIN,OC(c1ccccc1)C1CCN(CCc2ccccc2)CC1,295.426,3.675,23.47,1,2,5,2,22,4.0
CHEMBL18981,THIOCOLCHICINE,COc1cc2c(c(OC)c1OC)-c1ccc(SC)c(=O)cc1[C@@H](NC(C)=O)CC2,415.511,3.585,73.86,1,6,5,2,29,2.0
CHEMBL18986,DIACETAMIDE,CC(=O)NC(C)=O,101.105,-0.331,46.17,1,2,0,0,7,3.0
CHEMBL19004,ATIBEPRONE,Cc1c(C)c2ccc(OCc3nnc(C(C)C)s3)cc2oc1=O,330.409,3.964,65.22,0,6,4,3,23,4.0
CHEMBL19010,IODOPROXYFAN,Ic1ccc(COCCCc2c[nH]cn2)cc1,342.18,3.164,37.91,1,2,6,2,17,4.0
CHEMBL19019,NALTREXONE,O=C1CC[C@@]2(O)[C@H]3Cc4ccc(O)c5c4[C@@]2(CCN3CC2CC2)[C@H]1O5,341.407,1.525,70.0,2,5,2,1,25,1.0
CHEMBL19032,PENTAMETHYLQUERCETIN,COc1cc(OC)c2c(=O)c(OC)c(-c3ccc(OC)c(OC)c3)oc2c1,372.373,3.503,76.36,0,7,6,3,27,2.0
CHEMBL19060,BENEXTRAMINE,COc1ccccc1CNCCCCCCNCCSSCCNCCCCCCNCc1ccccc1OC,590.944,6.265,66.58,4,8,27,2,40,1.0
CHEMBL19074,PENTAACETYLQUERCETIN,CC(=O)Oc1cc(OC(C)=O)c2c(=O)c(OC(C)=O)c(-c3ccc(OC(C)=O)c(OC(C)=O)c3)oc2c1,512.423,3.087,161.71,0,12,6,3,37,2.0
CHEMBL19080,L-375378,Cc1nc(N)ccc1CNC(=O)Cn1c(C)cnc(NCCc2ccccc2)c1=O,406.49,1.808,114.93,3,7,8,3,30,0.0
CHEMBL19163,LUOTONIN A,O=c1c2ccccc2nc2n1Cc1cc3ccccc3nc1-2,285.306,2.973,47.78,0,4,0,4,22,4.0
CHEMBL19173,PROXYFAN,c1ccc(COCCCc2c[nH]cn2)cc1,216.284,2.559,37.91,1,2,6,2,16,4.0
CHEMBL19215,METERGOLINE,CN1C[C@H](CNC(=O)OCc2ccccc2)C[C@@H]2c3cccc4c3c(cn4C)C[C@H]21,403.526,4.065,46.5,1,4,4,3,30,2.0
CHEMBL19224,PAPAVERINE,COc1ccc(Cc2nccc3cc(OC)c(OC)cc23)cc1OC,339.391,3.86,49.81,0,5,6,3,25,4.0
CHEMBL19236,MOXONIDINE,COc1nc(C)nc(Cl)c1NC1=NCCN1,241.682,0.818,71.43,2,6,2,1,16,1.0
CHEMBL19299,LOXOPROFEN,CC(C(=O)O)c1ccc(CC2CCCC2=O)cc1,246.306,2.786,54.37,1,2,4,1,18,4.0
CHEMBL19309,A-192558,CCN(C(=O)N1C[C@@H](C(=O)O)[C@@H](N)[C@@H]1CNC(=O)C(F)(F)F)C(C)C,368.356,0.228,115.97,3,4,5,0,25,0.0
CHEMBL19344,HIGENAMINE,Oc1ccc(CC2NCCc3cc(O)c(O)cc32)cc1,271.316,2.233,72.72,4,4,2,2,20,2.0
CHEMBL19393,LEVAMFETAMINE,C[C@@H](N)Cc1ccccc1,135.21,1.576,26.02,1,1,2,1,10,3.0
CHEMBL19439,IMETIT,N=C(N)SCCc1c[nH]cn1,170.241,0.579,78.55,3,3,3,1,11,1.0
CHEMBL19449,IBUDILAST,CC(C)C(=O)c1c(C(C)C)nn2ccccc12,230.311,3.296,34.37,0,3,3,2,17,4.0
CHEMBL19476,L-765314,COc1cc2nc(N3CCN(C(=O)OCc4ccccc4)[C@H](C(=O)NC(C)(C)C)C3)nc(N)c2cc1OC,522.606,2.971,132.14,2,9,6,3,38,1.0
CHEMBL19490,ZOMEPIRAC,Cc1cc(CC(=O)O)n(C)c1C(=O)c1ccc(Cl)cc1,291.734,2.845,59.3,1,3,4,2,20,4.0
CHEMBL19599,CVS-2139,N=C(N)NCCC[C@@H](NC(=O)Cn1cccc(NS(=O)(=O)Cc2ccccc2F)c1=O)C(=O)O,496.521,-0.238,196.47,6,7,12,2,34,0.0
CHEMBL19604,9-BENZYL-6-(FURAN-2-YL)-9H-PURINE,c1ccc(Cn2cnc3c(-c4ccco4)ncnc32)cc1,276.299,3.135,56.74,0,5,3,4,21,4.0
CHEMBL19611,ILOMASTAT,CNC(=O)[C@H](Cc1c[nH]c2ccccc12)NC(=O)[C@@H](CC(=O)NO)CC(C)C,388.468,1.499,123.32,5,4,9,2,28,0.0
CHEMBL19612,SPERMIDINE,NCCCCNCCCN,145.25,-0.336,64.07,3,3,7,0,10,2.0
CHEMBL19633,DIAVERIDINE,COc1ccc(Cc2cnc(N)nc2N)cc1OC,260.297,1.249,96.28,2,6,4,2,19,1.0
CHEMBL19677,A-286982,CC(=O)N1CCN(C(=O)/C=C/c2ccc(Sc3ccccc3C(C)C)c([N+](=O)[O-])c2)CC1,453.564,4.573,83.76,0,5,6,2,32,1.0
CHEMBL19687,STALLIMYCIN HYDROCHLORIDE,Cl.Cn1cc(NC(=O)c2cc(NC(=O)c3cc(NC=O)cn3C)cn2C)cc1C(=O)NCCC(=N)N,517.978,1.253,181.06,6,8,10,3,35,0.0
CHEMBL19732,CGS-8216,O=C1C2C=Nc3ccccc3C2=NN1c1ccccc1,261.284,2.77,45.03,0,3,1,2,20,4.0
CHEMBL19742,TRANS-CPPA,O=C(O)C[C@H]1CCN[C@@H]1C(=O)O,173.168,-0.476,86.63,3,3,3,0,12,1.0
CHEMBL19845,UK-12130,COC1CCN(S(=O)(=O)c2ccc(S(N)(=O)=O)c(Cl)c2)CC1,368.864,0.787,106.77,1,5,4,1,22,1.0
CHEMBL19892,FANAPANEL,O=c1[nH]c2cc(C(F)(F)F)c(N3CCOCC3)cc2n(CP(=O)(O)O)c1=O,409.257,0.68,124.86,3,6,3,2,27,0.0
CHEMBL19902,DX-9065A,CC(=N)N1CC[C@H](Oc2ccc([C@H](Cc3ccc4ccc(C(=N)N)cc4c3)C(=O)O)cc2)C1,444.535,3.985,123.49,4,4,7,3,33,1.0
CHEMBL19980,BREFELDIN A,C[C@H]1CCC/C=C/[C@@H]2C[C@H](O)C[C@H]2[C@H](O)/C=C/C(=O)O1,280.364,1.962,66.76,2,4,0,0,20,2.0
CHEMBL19982,NALTREXONE SEMICARBAZONE,NC(=O)N/N=C1/CC[C@@]2(O)C3Cc4ccc(O)c5c4C2(CCN3CC2CC2)[C@H]1O5,398.463,0.981,120.41,4,6,3,1,29,0.0
CHEMBL19984,DEOXYGRISEOLIC ACID,Nc1ncnc2c1ncn2[C@@H]1OC2=C[C@](CC(=O)O)(C(=O)O)O[C@H]2[C@H]1O,363.286,-1.121,182.91,4,10,4,2,26,0.0
CHEMBL20038,PHLOROISOBUTYROPHENONE,CC(C)C(=O)c1c(O)cc(O)cc1O,196.202,1.642,77.76,3,4,2,1,14,1.0
CHEMBL20042,CGS-9896,O=C1C2C=Nc3ccccc3C2=NN1c1ccc(Cl)cc1,295.729,3.423,45.03,0,3,1,2,21,4.0
CHEMBL20210,RUPINTRIVIR,CCOC(=O)/C=C/[C@H](C[C@@H]1CCNC1=O)NC(=O)[C@@H](CC(=O)[C@@H](NC(=O)c1cc(C)on1)C(C)C)Cc1ccc(F)cc1,598.672,2.825,156.7,3,8,15,2,43,1.0
CHEMBL20226,DELTORPHIN II,CC(C)[C@H](NC(=O)[C@H](CCC(=O)O)NC(=O)[C@H](Cc1ccccc1)NC(=O)[C@@H](C)NC(=O)[C@@H](N)Cc1ccc(O)cc1)C(=O)N[C@H](C(=O)NCC(N)=O)C(C)C,782.896,-1.273,301.24,10,10,22,2,56,0.0
CHEMBL20240,YM-60828,CC(=N)N1CCC(Oc2ccc(N(Cc3ccc4ccc(C(=N)N)cc4c3)S(=O)(=O)CC(=O)O)cc2)CC1,537.642,3.385,160.87,4,6,9,3,38,1.0
CHEMBL20403,ZD-2138,COC1(c2cc(F)cc(OCc3ccc4c(ccc(=O)n4C)c3)c2)CCOCC1,397.446,3.909,49.69,0,5,5,3,29,3.0
CHEMBL20461,PHENETHYLBORONIC ACID,OB(O)CCc1ccccc1,149.986,0.702,40.46,2,2,3,,,2.0
CHEMBL20489,OMPENACLID,N=C(N)NCCC(=O)O,131.135,-1.056,99.2,4,2,3,0,9,1.0
CHEMBL20512,KNI-1046,Cc1cccc(C)c1OCC(=O)N[C@@H](Cc1ccccc1)[C@H](OC(=O)CCC(=O)NCCC(=O)OCC1OC(n2cc(C)c(=O)[nH]c2=O)CC1N=[N+]=[N-])C(=O)N1CSC(C)(C)[C@H]1C(=O)NC(C)(C)C,976.123,3.571,282.29,4,15,20,3,69,1.0
CHEMBL20562,ZAPA,N=C(N)S/C=C\C(=O)O,146.171,0.211,87.17,3,3,2,0,9,1.0
CHEMBL20634,SUDOXICAM,CN1C(C(=O)Nc2nccs2)=C(O)c2ccccc2S1(=O)=O,337.382,1.642,99.6,2,6,2,2,22,1.0
CHEMBL20679,ECLANAMINE,CCC(=O)N(c1ccc(Cl)c(Cl)c1)C1CCCC1N(C)C,329.271,4.219,23.55,0,2,4,1,21,3.0
CHEMBL20684,ABT-751,COc1ccc(S(=O)(=O)Nc2cccnc2Nc2ccc(O)cc2)cc1,371.418,3.34,100.55,3,6,6,3,26,1.0
CHEMBL20730,VESAMICOL,O[C@@H]1CCCC[C@H]1N1CCC(c2ccccc2)CC1,259.393,3.17,23.47,1,2,2,1,19,4.0
CHEMBL20734,NEMONAPRIDE,CNc1cc(OC)c(C(=O)NC2CCN(Cc3ccccc3)C2C)cc1Cl,387.911,3.783,53.6,2,4,6,2,27,2.0
CHEMBL20767,4-GUANIDINO-BENZOIC ACID,N=C(N)Nc1ccc(C(=O)O)cc1,179.179,0.69,99.2,4,2,2,1,13,1.0
CHEMBL20775,DELTORPHIN A,CSCC[C@H](NC(=O)[C@H](CC(C)C)NC(=O)[C@H](Cc1c[nH]cn1)NC(=O)[C@H](Cc1ccccc1)NC(=O)[C@@H](CCSC)NC(=O)[C@@H](N)Cc1ccc(O)cc1)C(=O)N[C@@H](CC(=O)O)C(N)=O,955.174,-0.108,329.92,11,13,29,3,66,0.0
CHEMBL20803,RACEMORPHAN,CN1CCC23CCCCC2C1Cc1ccc(O)cc13,257.377,3.08,23.47,1,2,0,1,19,4.0
CHEMBL20835,ACECLIDINE,CC(=O)OC1CN2CCC1CC2,169.224,0.644,29.54,0,3,1,0,12,3.0
CHEMBL20883,TEGAFUR,O=c1[nH]c(=O)n(C2CCCO2)cc1F,200.169,-0.015,64.09,1,4,1,1,14,3.0
CHEMBL20913,KNI-1038,Cc1cccc(C)c1OCC(=O)N[C@@H](Cc1ccccc1)[C@H](OC(=O)CCC(=O)NCC(=O)OCC1OC(n2cc(C)c(=O)[nH]c2=O)CC1N=[N+]=[N-])C(=O)N1CSC(C)(C)[C@H]1C(=O)NC(C)(C)C,962.096,3.181,282.29,4,15,19,3,68,1.0
CHEMBL20936,BENZAMIDINE,N=C(N)c1ccccc1,120.155,0.971,49.87,2,1,1,1,9,2.0
CHEMBL21076,GLYCOSYLATED PEI,CCN(CCNC)CCNC[C@H](O)[C@@H](O)[C@H](O[C@@H]1O[C@H](CO)C(O)[C@H](O)[C@H]1O)[C@H](O)CO,471.548,-5.623,207.6,10,13,16,0,32,0.0
CHEMBL21131,SC-39070,CCCc1c(OCCCOc2ccc3c(c2CCC)OC(C)(CCC(=O)O)CC3=O)ccc(C(C)=O)c1O,526.626,5.936,119.36,2,7,14,2,38,0.0
CHEMBL21145,DMP-323,O=C1N(Cc2ccc(CO)cc2)[C@H](Cc2ccccc2)[C@H](O)[C@@H](O)[C@@H](Cc2ccccc2)N1Cc1ccc(CO)cc1,566.698,4.053,104.47,4,5,10,4,42,0.0
CHEMBL21231,DIMETHYL ESTER,COC(=O)CN(CCN(CC(=O)OC)Cc1ccccc1OC(C)=O)Cc1ccccc1OC(C)=O,500.548,2.187,111.68,0,10,13,2,36,2.0
CHEMBL21241,GW7647,CC(C)(Sc1ccc(CCN(CCCCC2CCCCC2)C(=O)NC2CCCCC2)cc1)C(=O)O,502.765,7.279,69.64,2,3,12,1,35,1.0
CHEMBL21247,L-649923,CCCc1c(OCCCSc2ccc([C@@H](O)[C@H](C)CC(=O)O)cc2)ccc(C(C)=O)c1O,460.592,5.253,104.06,3,6,13,2,32,0.0
CHEMBL21333,PRANLUKAST,O=C(Nc1cccc2c(=O)cc(-c3nnn[nH]3)oc12)c1ccc(OCCCCc2ccccc2)cc1,481.512,4.627,123.0,2,7,9,5,36,0.0
CHEMBL21396,SKIMMIANINE,COc1ccc2c(OC)c3ccoc3nc2c1OC,259.261,3.007,53.72,0,5,3,3,19,4.0
CHEMBL21485,PHENYLBORONIC ACID,OB(O)c1ccccc1,121.932,-0.634,40.46,2,2,1,,,2.0
CHEMBL21536,XANOMELINE,CCCCCCOc1nsnc1C1=CCCN(C)C1,281.425,3.216,38.25,0,5,7,1,19,4.0
CHEMBL21619,2-AMINOPYRIDINE,Nc1ccccn1,94.117,0.664,38.91,1,2,0,1,7,3.0
CHEMBL21708,4-METHYLBENZOIC ACID,Cc1ccc(C(=O)O)cc1,136.15,1.693,37.3,1,1,1,1,10,3.0
CHEMBL21731,MAPROTILINE,CNCCCC12CCC(c3ccccc31)c1ccccc12,277.411,4.211,12.03,1,1,4,2,21,3.0
CHEMBL21745,TECTOQUINONE,Cc1ccc2c(c1)C(=O)c1ccccc1C2=O,222.243,2.77,34.14,0,2,0,2,17,4.0
CHEMBL21799,ETOPRINE,CCc1nc(N)nc(N)c1-c1ccc(Cl)c(Cl)c1,283.162,3.177,77.82,2,4,2,2,18,2.0
CHEMBL21869,DIBROMSALAN,O=C(Nc1ccc(Br)cc1)c1cc(Br)ccc1O,371.028,4.17,49.33,2,2,2,2,18,1.0
CHEMBL21887,LY-203647,CCCc1c(OCCCCc2nnn(CCCCc3nnn[nH]3)n2)ccc(C(C)=O)c1O,442.524,2.472,144.59,2,10,14,3,32,1.0
CHEMBL21932,p-ANISIC ACID,COc1ccc(C(=O)O)cc1,152.149,1.393,46.53,1,2,2,1,11,3.0
CHEMBL21983,CGP-35949,CCCc1c(OCCCOc2cc(NC(=O)c3nn[nH]n3)c(C)cc2Cl)ccc(C(C)=O)c1O,487.944,4.122,139.32,3,8,11,3,34,0.0
CHEMBL22016,ABLUKAST,CCCc1c(OCCCCCOc2cc3c(cc2C(C)=O)CCC(C(=O)O)O3)ccc(C(C)=O)c1O,498.572,5.156,119.36,2,7,13,2,36,0.0
CHEMBL22033,ICI-198615,COc1cc(C(=O)NS(=O)(=O)c2ccccc2)ccc1Cn1ncc2ccc(NC(=O)OC3CCCC3)cc21,548.621,4.703,128.62,2,8,8,4,39,0.0
CHEMBL22055,SUFUGOLIX,CONC(=O)Nc1ccc(-c2sc3c(c2CN(C)Cc2ccccc2)c(=O)n(-c2ccccc2)c(=O)n3Cc2c(F)cccc2F)cc1,667.738,6.522,97.6,2,8,10,6,48,0.0
CHEMBL22077,HYCANTHONE,CCN(CC)CCNc1ccc(CO)c2sc3ccccc3c(=O)c12,356.491,3.661,52.57,2,5,7,3,25,3.0
CHEMBL22097,LORMETAZEPAM,CN1C(=O)C(O)N=C(c2ccccc2Cl)c2cc(Cl)ccc21,335.19,3.126,52.9,1,3,1,2,22,4.0
CHEMBL22108,DIMETHINDENE,CC(C1=C(CCN(C)C)Cc2ccccc21)c1ccccn1,292.426,4.147,16.13,0,2,5,2,22,3.0
CHEMBL22150,CHLORCYCLIZINE,CN1CCN(C(c2ccccc2)c2ccc(Cl)cc2)CC1,300.833,3.677,6.48,0,2,3,2,21,4.0
CHEMBL22194,L-709210,FC(F)(F)c1cc(CO[C@H]2C3CCN(CC3)[C@H]2C(c2ccccc2)c2ccccc2)cc(C(F)(F)F)c1,519.529,7.536,12.47,0,2,6,3,37,2.0
CHEMBL22207,RACEMETHORPHAN,COc1ccc2c(c1)C13CCCCC1C(C2)N(C)CC3,271.404,3.383,12.47,0,2,1,1,20,4.0
CHEMBL22208,AVAROL MONOACETATE,CC(=O)O.CC1=CCCC2[C@](C)(Cc3cc(O)ccc3O)[C@@H](C)CC[C@]12C,374.521,5.53,77.76,3,3,2,1,23,0.0
CHEMBL22242,REMOXIPRIDE,CCN1CCC[C@H]1CNC(=O)c1c(OC)ccc(Br)c1OC,371.275,2.68,50.8,1,4,6,1,22,3.0
CHEMBL22317,L-766892,O=C1N(CCCC2CCCC2)CCN1c1ccc(S(=O)(=O)Nc2ccc(CCNC[C@H](O)c3cccnc3)cc2)cc1,591.778,4.961,114.87,3,6,14,3,42,0.0
CHEMBL22336,DOXANTRAZOLE,O=C1c2ccccc2S(=O)(=O)c2cc(-c3nn[nH]n3)ccc21,312.31,1.244,105.67,1,6,1,3,22,2.0
CHEMBL22369,AROTINOID,CCOC(=O)c1ccc(/C=C(\C)c2ccc3c(c2)C(C)(C)CCC3(C)C)cc1,376.54,6.773,26.3,0,2,4,2,28,2.0
CHEMBL22373,CL-976,CCCCCCCCCCC(C)(C)C(=O)Nc1c(OC)cc(OC)cc1OC,393.568,6.208,56.79,1,4,14,1,28,2.0
CHEMBL22376,FURANTHIOFURIN,NC(=O)c1coc([C@@H]2S[C@H](CO)[C@H](O)C2O)c1,259.283,-0.751,116.92,4,6,3,1,17,1.0
CHEMBL22386,L-764646,CCCCCCn1ccn(-c2ccc(S(=O)(=O)Nc3ccc(CCNC[C@H](O)c4cccnc4)cc3)cc2)c1=O,563.724,4.281,118.25,3,8,15,4,40,0.0
CHEMBL22498,PHENIPRAZINE,CC(Cc1ccccc1)NN,150.225,1.081,38.05,2,2,3,1,11,2.0
CHEMBL22533,DICTAMNINE,COc1c2ccccc2nc2occc12,199.209,2.99,35.26,0,3,1,3,15,4.0
CHEMBL22542,IMITRODAST,O=C(O)C1=Cc2sc(Cn3ccnc3)cc2CC1,260.318,2.407,55.12,1,4,3,2,18,4.0
CHEMBL22776,POBILUKAST,O=C(O)CCS[C@H](c1ccccc1CCCCCCCCc1ccccc1)[C@@H](O)C(=O)O,458.62,5.507,94.83,3,4,16,2,32,0.0
CHEMBL22830,PYRROLIDINE,C1CCNC1,71.123,0.37,12.03,1,1,0,0,5,3.0
CHEMBL22870,L-732138,CC(=O)N[C@@H](Cc1c[nH]c2ccccc12)C(=O)OCc1cc(C(F)(F)F)cc(C(F)(F)F)c1,472.385,4.996,71.19,2,3,6,3,33,0.0
CHEMBL22916,AMELTOLIDE,Cc1cccc(C)c1NC(=O)c1ccc(N)cc1,240.306,3.138,55.12,2,2,2,2,18,3.0
CHEMBL23013,PROPAMIDINE,N=C(N)c1ccc(OCCCOc2ccc(C(=N)N)cc2)cc1,312.373,2.103,118.2,4,4,8,2,23,2.0
CHEMBL23055,DIAPORTHEIN A,C=C[C@]1(C)C=C2C(O)[C@]3(O)OC[C@@]4(CCCC(C)(C)[C@@]43O)[C@@]2(O)[C@H](O)C1,366.454,0.622,110.38,5,6,1,0,26,0.0
CHEMBL23115,CLOFENAMIC ACID,O=C(O)c1ccccc1Nc1cccc(Cl)c1Cl,282.126,4.435,49.33,2,2,3,2,18,2.0
CHEMBL23129,L-708568,CC(=O)N[C@@H](Cc1c[nH]c2ccccc12)C(=O)OCc1cc(C)cc(C)c1,364.445,3.575,71.19,2,3,6,3,27,1.0
CHEMBL23194,SPERMINE,NCCCNCCCCNCCCN,202.346,-0.357,76.1,4,4,11,0,14,1.0
CHEMBL23236,BETULIN,C=C(C)[C@@H]1CC[C@]2(CO)CC[C@]3(C)[C@H](CC[C@@H]4[C@@]5(C)CC[C@H](O)C(C)(C)[C@@H]5CC[C@]43C)[C@@H]12,442.728,6.997,40.46,2,2,2,0,32,1.0
CHEMBL23254,PURVALANOL B,CC(C)[C@H](CO)Nc1nc(Nc2ccc(C(=O)O)c(Cl)c2)c2ncn(C(C)C)c2n1,432.912,3.931,125.19,4,8,8,3,30,1.0
CHEMBL23261,DARUSENTAN,COc1cc(OC)nc(O[C@H](C(=O)O)C(OC)(c2ccccc2)c2ccccc2)n1,410.426,2.916,100.0,1,7,9,3,30,2.0
CHEMBL23293,SALIRASIB,CC(C)=CCC/C(C)=C/CC/C(C)=C/CSc1ccccc1C(=O)O,358.547,6.896,37.3,1,2,10,1,25,3.0
CHEMBL23307,METHANESULFONIC ACID DODECYL ESTER,CCCCCCCCCCCCOS(C)(=O)=O,264.431,3.884,43.37,0,3,12,0,17,4.0
CHEMBL23319,KYNURAMINE,NCCC(=O)c1ccccc1N,164.208,0.8,69.11,2,3,3,1,12,2.0
CHEMBL23327,PURVALANOLA,CC(C)[C@H](CO)Nc1nc(Nc2cccc(Cl)c2)c2ncn(C(C)C)c2n1,388.903,4.233,87.89,3,7,7,3,27,0.0
CHEMBL23330,TRETAZICAR,NC(=O)c1cc(N2CC2)c([N+](=O)[O-])cc1[N+](=O)[O-],252.186,0.422,132.38,1,6,4,1,18,2.0
CHEMBL23388,TETRAHYDROHOMOFOLATE,Nc1nc(O)c2c(n1)NC[C@H](CCNc1ccc(C(=O)NC(CCC(=O)O)C(=O)O)cc1)N2,459.463,0.52,211.82,8,10,10,2,33,0.0
CHEMBL23393,SODIUM LAURYL SULFATE,CCCCCCCCCCCCOS(=O)(=O)[O-].[Na+],288.385,0.388,66.43,0,4,12,,,3.0
CHEMBL23455,VELNACRINE MALEATE,Nc1c2c(nc3ccccc13)CCCC2O.O=C(O)/C=C\C(=O)O,330.34,1.898,133.74,4,5,2,2,16,1.0
CHEMBL23472,ICI-204448,CN(C(=O)Cc1ccc(Cl)c(Cl)c1)C(CN1CCCC1)c1cccc(OCC(=O)O)c1,465.377,4.295,70.08,1,4,9,2,31,1.0
CHEMBL23507,5-FLUOROINDOLE-2-CARBOXYLIC ACID,O=C(O)c1cc2cc(F)ccc2[nH]1,179.15,2.005,53.09,2,1,1,2,13,3.0
CHEMBL23526,THIOPHENTHIOFURIN,NC(=O)c1csc([C@@H]2S[C@H](CO)[C@H](O)C2O)c1,275.351,-0.282,103.78,4,6,3,1,17,1.0
CHEMBL23541,SCH-48461,COc1ccc([C@@H]2[C@@H](CCCc3ccccc3)C(=O)N2c2ccc(OC)cc2)cc1,401.506,5.431,38.77,0,3,8,3,30,2.0
CHEMBL23550,LOBUCAVIR,Nc1nc(=O)c2ncn([C@@H]3C[C@H](CO)[C@H]3CO)c2[nH]1,265.273,-1.136,130.05,4,7,3,2,19,1.0
CHEMBL23588,FLUFENAMIC ACID,O=C(O)c1ccccc1Nc1cccc(C(F)(F)F)c1,281.233,4.147,49.33,2,2,3,2,20,2.0
CHEMBL23600,DEHYDROTHYRSIFEROL,C=C(CC[C@H](O)[C@@]1(C)CC[C@H](C(C)(C)O)O1)[C@H]1CC[C@H]2O[C@@H]([C@]3(C)CC[C@@H](Br)C(C)(C)O3)CC[C@]2(C)O1,587.636,5.989,77.38,2,6,7,0,37,0.0
CHEMBL23731,AMIDATE,CCOC(=O)c1cncn1C(C)c1ccccc1,244.294,2.669,44.12,0,4,4,2,18,4.0
CHEMBL23771,TIXANOX,C[S+]([O-])c1ccc2oc3ccc(C(=O)O)cc3c(=O)c2c1,302.307,2.382,90.57,1,4,2,3,21,3.0
CHEMBL23811,QUAZOLAST,COC(=O)c1nc2cc(Cl)c3cccnc3c2o1,262.652,2.816,65.22,0,5,1,3,18,4.0
CHEMBL23812,AZIETOMIDATE,CC(c1ccccc1)n1cncc1C(=O)OCCC1(C)N=N1,298.346,3.221,68.84,0,6,6,2,22,4.0
CHEMBL23832,FENAMIC ACID ,O=C(O)c1ccccc1Nc1ccccc1,213.236,3.128,49.33,2,2,3,2,16,3.0
CHEMBL23838,PARAOXON,CCOP(=O)(OCC)Oc1ccc([N+](=O)[O-])cc1,275.197,3.155,87.9,0,6,7,1,18,3.0
CHEMBL23903,7-CHLOROETHYLTHEOPHYLLINE,Cn1c(=O)c2c(ncn2CCCl)n(C)c1=O,242.666,-0.328,61.82,0,6,2,2,16,3.0
CHEMBL23906,5-CHLOROINDOLE-2-CARBOXYLIC ACID,O=C(O)c1cc2cc(Cl)ccc2[nH]1,195.605,2.52,53.09,2,1,1,2,13,3.0
CHEMBL23957,OXOTREMORINE METHIODIDE,C[N+](C)(C)CC#CCN1CCCC1=O.[I-],322.19,-2.678,20.31,0,1,2,0,14,3.0
CHEMBL23977,DIDEAZAFOLATE,Nc1nc(O)c2cc(CNc3ccc(C(=O)NC(CCC(=O)O)C(=O)O)cc3)ccc2n1,439.428,1.577,187.76,6,8,9,3,32,0.0
CHEMBL24022,MYRISTYL ALCOHOL,CCCCCCCCCCCCCCO,214.393,4.68,20.23,1,1,12,0,15,3.0
CHEMBL24038,RAGAGLITAZAR,CCO[C@@H](Cc1ccc(OCCN2c3ccccc3Oc3ccccc32)cc1)C(=O)O,419.477,5.042,68.23,1,5,9,3,31,2.0
CHEMBL24057,FURAMIDINE,N=C(N)c1ccc(-c2ccc(-c3ccc(C(=N)N)cc3)o2)cc1,304.353,3.182,112.88,4,3,4,3,23,2.0
CHEMBL24072,PRENYLAMINE,CC(Cc1ccccc1)NCCC(c1ccccc1)c1ccccc1,329.487,5.429,12.03,1,1,8,3,25,3.0
CHEMBL24077,(R)-SKF-38393,Oc1cc2c(cc1O)[C@@H](c1ccccc1)CNCC2,255.317,2.375,52.49,3,3,1,2,19,3.0
CHEMBL24078,ELLIPTINIUM ACETATE,CC(=O)[O-].Cc1c2cc[n+](C)cc2c(C)c2c1[nH]c1ccc(O)cc12,336.391,2.377,80.03,2,3,0,4,21,2.0
CHEMBL24132,IODOANTIPYRINE,Cc1c(I)c(=O)n(-c2ccccc2)n1C,314.126,2.089,26.93,0,3,1,2,15,4.0
CHEMBL24147,RESORCINOL,Oc1cccc(O)c1,110.112,1.098,40.46,2,2,0,1,8,2.0
CHEMBL24171,BERGAPTEN,COc1c2ccoc2cc2oc(=O)ccc12,216.192,2.548,52.58,0,4,1,3,16,4.0
CHEMBL24223,CI-907,CCOC(=O)C(CCc1ccccc1)NC(C)C(=O)N1C(C(=O)O)CC2CCCCC21,430.545,2.773,95.94,2,5,9,1,31,1.0
CHEMBL24231,p-NITROPHENYLPHOSPHATE,O=[N+]([O-])c1ccc(OP(=O)(O)O)cc1,219.089,1.066,109.9,2,4,3,1,14,1.0
CHEMBL24259,PHENYLSULFAMATE,NS(=O)(=O)Oc1ccccc1,173.193,0.269,69.39,1,3,2,1,11,3.0
CHEMBL24261,OCTYL SULFAMATE,CCCCCCCCOS(N)(=O)=O,209.311,1.567,69.39,1,3,8,0,13,3.0
CHEMBL24329,TELOXANTRONE,CNCCNc1ccc2c3c(nn2CCNCCO)-c2c(O)ccc(O)c2C(=O)c13,411.462,0.872,131.67,6,9,9,3,30,0.0
CHEMBL24332,METHANESULFONIC ACID NONYL ESTER,CCCCCCCCCOS(C)(=O)=O,222.35,2.713,43.37,0,3,9,0,14,4.0
CHEMBL24343,SULFAMIC ACID NONYL ESTER,CCCCCCCCCOS(N)(=O)=O,223.338,1.957,69.39,1,3,9,0,14,3.0
CHEMBL24441,BETAHISTINE,CNCCc1ccccn1,136.198,0.843,24.92,1,2,3,1,10,3.0
CHEMBL24447,PHENETHYLCARBAMOYLPHOSPHONIC ACID,O=C(NCCc1ccccc1)P(=O)(O)O,229.172,1.116,86.63,3,2,4,1,15,1.0
CHEMBL24510,FUSARIC ACID,CCCCc1ccc(C(=O)O)nc1,179.219,2.122,50.19,1,2,4,1,13,4.0
CHEMBL24530,LALANOSINE,NC(CN(O)N=O)C(=O)O,149.106,-1.229,116.22,3,5,4,0,10,1.0
CHEMBL24563,NONANOL,CCCCCCCCCO,144.258,2.729,20.23,1,1,7,0,10,4.0
CHEMBL24609,MONOCTANOIN COMPONENT C,CCCCCCCC(=O)OCC(CO)OC(=O)CCCCCCC,344.492,4.155,72.83,1,5,16,0,24,2.0
CHEMBL24640,CETOSTEARYL ALCOHOL,CCCCCCCCCCCCCCCCCCO,270.501,6.24,20.23,1,1,16,0,19,3.0
CHEMBL24646,PIMOBENDAN,COc1ccc(-c2nc3cc(C4=NNC(=O)CC4C)ccc3[nH]2)cc1,334.379,3.099,79.37,2,4,3,3,25,2.0
CHEMBL24686,TERRITREM B,COc1cc(-c2cc3c(c(=O)o2)C[C@]2(O)[C@@]4(C)C(=O)C=CC(C)(C)[C@]4(O)CC[C@@]2(C)O3)cc(OC)c1OC,526.582,3.454,124.66,2,9,4,2,38,1.0
CHEMBL24720,ALPHA HYDROXY BENZYLPHOSPHONATE,O=P(O)(O)C(O)c1ccccc1,188.119,0.855,77.76,3,2,2,1,12,1.0
CHEMBL24722,DODECANOL,CCCCCCCCCCCCO,186.339,3.9,20.23,1,1,10,0,13,4.0
CHEMBL24775,"DIBENZO[A,J]ANTHRACENE",c1ccc2c(c1)ccc1cc3ccc4ccccc4c3cc12,278.354,6.299,0.0,0,0,0,5,22,3.0
CHEMBL24778,SILODOSIN,C[C@H](Cc1cc2c(c(C(N)=O)c1)N(CCCO)CC2)NCCOc1ccccc1OCC(F)(F)F,495.542,3.071,97.05,3,6,13,2,35,1.0
CHEMBL24828,VANDETANIB,COc1cc2/c(=N/c3ccc(Br)cc3F)nc[nH]c2cc1OCC1CCN(C)CC1,475.362,4.426,62.74,1,5,5,3,30,2.0
CHEMBL24832,TRIDECAN-1-OL,CCCCCCCCCCCCCO,200.366,4.29,20.23,1,1,11,0,14,3.0
CHEMBL24924,FLUINDIONE,O=C1c2ccccc2C(=O)C1c1ccc(F)cc1,240.233,2.989,34.14,0,2,1,2,18,4.0
CHEMBL24938,LORGLUMIDE,CCCCCN(CCCCC)C(=O)C(CCC(=O)O)NC(=O)c1ccc(Cl)c(Cl)c1,459.414,5.166,86.71,2,3,14,1,30,0.0
CHEMBL24944,TRIBROMSALAN,O=C(Nc1ccc(Br)cc1)c1cc(Br)cc(Br)c1O,449.924,4.932,49.33,2,2,2,2,19,1.0
CHEMBL24955,BEXLOSTERIDE,CN1C(=O)CC[C@@H]2c3ccc(Cl)cc3CC[C@H]21,249.741,2.991,20.31,0,1,0,1,17,4.0
CHEMBL25028,METHANESULFONYLMETHANE,CS(C)(=O)=O,94.135,-0.339,34.14,0,2,0,0,5,3.0
CHEMBL25080,DL-PHENYLALANINE,NC(Cc1ccccc1)C(=O)O,165.192,0.641,63.32,2,2,3,1,12,2.0
CHEMBL25105,HEXAMIDINE,N=C(N)c1ccc(OCCCCCCOc2ccc(C(=N)N)cc2)cc1,354.454,3.273,118.2,4,4,11,2,26,2.0
CHEMBL25141,PHENTYDRONE,O=C1C2=C(CCCC2)c2ccccc21,184.238,3.211,17.07,0,1,0,1,14,4.0
CHEMBL25146,AMFENAC,Nc1c(CC(=O)O)cccc1C(=O)c1ccccc1,255.273,2.127,80.39,2,3,4,2,19,2.0
CHEMBL25202,TAMIBAROTENE,CC1(C)CCC(C)(C)c2cc(NC(=O)c3ccc(C(=O)O)cc3)ccc21,351.446,4.986,66.4,2,2,3,2,26,2.0
CHEMBL25236,BP-897,COc1ccccc1N1CCN(CCCCNC(=O)c2ccc3ccccc3c2)CC1,417.553,4.181,44.81,1,4,8,3,31,2.0
CHEMBL25263,MIRIDESAP,O=C(O)[C@H]1CCCN1C(=O)CCCCC(=O)N1CCC[C@@H]1C(=O)O,340.376,0.698,115.22,2,4,7,0,24,1.0
CHEMBL25306,LINALOOL,C=CC(C)(O)CCC=C(C)C,154.253,2.67,20.23,1,1,4,0,11,4.0
CHEMBL25308,FARNESOL,CC(C)=CCC/C(C)=C/CC/C(C)=C/CO,222.372,4.398,20.23,1,1,7,0,16,3.0
CHEMBL25317,XESTOSPONGIN D,O[C@@]12CCCCCC[C@H]3CCN4CCC[C@H](CCCCCC[C@H]5CCN(CCC1)[C@@H]2O5)[C@H]4O3,462.719,5.45,45.17,1,5,0,0,33,2.0
CHEMBL25336,BISANTRENE,C(=N/NC1=NCCN1)\c1c2ccccc2c(/C=N/NC2=NCCN2)c2ccccc12,398.474,1.758,97.56,4,8,4,3,30,0.0
CHEMBL25363,DECANOL,CCCCCCCCCCO,158.285,3.119,20.23,1,1,8,0,11,4.0
CHEMBL25422,AZAROLE,C1=CC(=Nn2cccc2)C=CC1=Nn1cccc1,236.278,2.524,34.58,0,4,2,2,18,4.0
CHEMBL25424,NEROLIDOL,C=CC(C)(O)CC/C=C(\C)CCC=C(C)C,222.372,4.396,20.23,1,1,7,0,16,3.0
CHEMBL25438,PD-156707 SODIUM,COc1ccc(C(=O)/C(Cc2cc(OC)c(OC)c(OC)c2)=C(\C(=O)[O-])c2ccc3c(c2)OCO3)cc1.[Na+],528.489,0.083,112.58,0,9,10,3,37,1.0
CHEMBL25650,SYLVATICIN,CCCCCCCCCC[C@@H](O)[C@@H]1CC[C@H]([C@H](O)CC[C@H](O)[C@@H]2CC[C@@H](CCCCCCC[C@@H](O)CC3=C[C@H](C)OC3=O)O2)O1,638.927,6.829,125.68,4,8,25,0,45,0.0
CHEMBL25719,GERANIOL,CC(C)=CCC/C(C)=C/CO,154.253,2.671,20.23,1,1,4,0,11,4.0
CHEMBL25826,PARATOULENE PHOSPHATE,CC(=O)N[C@@H](Cc1ccc(OP(=O)(O)O)cc1)C(=O)N[C@H]1CCCCN(Cc2ccc(-c3ccccc3)cc2)C1=O,579.59,3.57,145.27,4,5,10,3,41,1.0
CHEMBL25843,REMACEMIDE,CC(Cc1ccccc1)(NC(=O)CN)c1ccccc1,268.36,2.219,55.12,2,2,5,2,20,3.0
CHEMBL25856,DIHYDREXIDINE,Oc1cc2c(cc1O)[C@H]1c3ccccc3CN[C@@H]1CC2,267.328,2.648,52.49,3,3,0,2,20,3.0
CHEMBL25892,FRESELESTAT,CC(C)C(NC(=O)Cn1c(-c2ccccc2)ncc(N)c1=O)C(=O)c1nnc(C(C)(C)C)o1,452.515,2.197,146.0,2,9,7,3,33,1.0
CHEMBL25894,ZINGERONE,COc1cc(CCC(C)=O)ccc1O,194.23,1.922,46.53,1,3,4,1,14,3.0
CHEMBL25931,ADIBENDAN,CC1(C)C(=O)Nc2cc3[nH]c(-c4ccncc4)nc3cc21,278.315,2.855,70.67,2,3,1,3,21,2.0
CHEMBL25948,SHOGAOL,CCCCC/C=C/C(=O)CCc1ccc(O)c(OC)c1,276.376,4.039,46.53,1,3,9,1,20,3.0
CHEMBL26115,DIMETHYL 4-NITROPHENYL PHOSPHATE,COP(=O)(OC)Oc1ccc([N+](=O)[O-])cc1,247.143,2.375,87.9,0,6,5,1,16,3.0
CHEMBL26128,PHENYL DIHYDROGEN PHOSPHATE,O=P(O)(O)Oc1ccccc1,174.092,1.158,66.76,2,2,2,1,11,2.0
CHEMBL26215,OCTANOL,CCCCCCCCO,130.231,2.339,20.23,1,1,6,0,9,4.0
CHEMBL26241,KRM-7777,CCn1sc(=O)n(Cc2ccccc2)c1=O,236.296,1.14,44.0,0,5,3,2,16,3.0
CHEMBL26260,BETA-NAPHTHOFLAVONE,O=c1cc(-c2ccccc2)oc2ccc3ccccc3c12,272.303,4.613,30.21,0,2,1,4,21,3.0
CHEMBL26291,NITRACRINE,CN(C)CCCNc1c2ccccc2nc2cccc([N+](=O)[O-])c12,324.384,3.66,71.3,1,5,6,3,24,3.0
CHEMBL26319,ARILDONE,CCC(=O)C(CCCCCCOc1ccc(OC)cc1Cl)C(=O)CC,368.901,5.252,52.6,0,4,13,1,25,2.0
CHEMBL26323,DECUSSATIN,COc1cc(O)c2c(=O)c3c(OC)c(OC)ccc3oc2c1,302.282,2.678,78.13,1,6,3,3,22,3.0
CHEMBL26424,TESMILIFENE,CCN(CC)CCOc1ccc(Cc2ccccc2)cc1,283.415,3.998,12.47,0,2,8,2,21,4.0
CHEMBL26479,DIOXADROL,c1ccc(C2(c3ccccc3)OCC(C3CCCCN3)O2)cc1,309.409,3.445,30.49,1,3,3,2,23,4.0
CHEMBL26501,RO-320432,CN(C)C[C@H]1CCn2c(c(C3=C(c4cn(C)c5ccccc45)C(=O)NC3=O)c3ccccc32)C1,452.558,3.824,59.27,1,5,4,4,34,3.0
CHEMBL26505,APROFENE,CCN(CC)CCOC(=O)C(C)(c1ccccc1)c1ccccc1,325.452,3.878,29.54,0,3,8,2,24,4.0
CHEMBL26575,DELTORPHIN,CC(C)[C@H](NC(=O)[C@H](CCC(=O)O)NC(=O)[C@H](Cc1ccccc1)NC(=O)[C@@H](C)NC(=O)[C@@H](N)Cc1ccc(O)cc1)C(=O)N[C@H](C(=O)NCC(=O)O)C(C)C,783.88,-0.674,295.45,10,10,22,2,56,0.0
CHEMBL26630,SULFATROXAZOLE,Cc1onc(NS(=O)(=O)c2ccc(N)cc2)c1C,267.31,1.674,98.22,2,5,3,2,18,1.0
CHEMBL26687,MESCALINE,COc1cc(CCN)cc(OC)c1OC,211.261,1.214,53.71,1,4,5,1,15,3.0
CHEMBL26791,CHANGROLIN,Oc1c(CN2CCCC2)cc(Nc2ncnc3ccccc23)cc1CN1CCCC1,403.53,4.271,64.52,2,6,6,3,30,1.0
CHEMBL26820,(E)-ISBOGREL,O=C(O)CCCC/C=C(\c1ccccc1)c1cccnc1,281.355,4.158,50.19,1,2,7,2,21,3.0
CHEMBL26915,SC-560,COc1ccc(-n2nc(C(F)(F)F)cc2-c2ccc(Cl)cc2)cc1,352.743,5.22,27.05,0,3,3,3,24,3.0
CHEMBL26984,BUQUINERAN,CCCCNC(=O)NC1CCN(c2ncnc3cc(OC)c(OC)cc23)CC1,387.484,2.715,88.61,2,6,7,2,28,1.0
CHEMBL27015,PYRUVALDEHYDE BIS(THIOSEMICARBAZONE)(PTS),CC(/C=N/N=C(/N)S)=N\N=C(\N)S,218.311,-0.163,101.48,4,4,3,0,13,1.0
CHEMBL27077,ISAMOLTAN,CC(C)NCC(O)COc1ccccc1-n1cccc1,274.364,2.215,46.42,2,4,7,2,20,3.0
CHEMBL27096,SULFOARECOLINE,COC(=O)C1=CCC[S+](C)C1,173.257,0.738,26.3,0,2,1,0,11,3.0
CHEMBL27114,SPIROMUSTINE,O=C1NC2(CCCCC2)C(=O)N1CCN(CCCl)CCCl,336.263,2.021,52.65,1,3,7,0,21,4.0
CHEMBL27129,SINITRODIL,O=C1c2ccccc2OCN1CCO[N+](=O)[O-],238.199,0.687,81.91,0,5,4,1,17,2.0
CHEMBL27193,DILEVALOL,C[C@H](CCc1ccccc1)NC[C@H](O)c1ccc(O)c(C(N)=O)c1,328.412,2.135,95.58,4,4,8,2,24,2.0
CHEMBL27194,CHOLRPHENETHAZINE,CN(C)CCN1c2ccccc2Sc2ccc(Cl)cc21,304.846,4.504,6.48,0,3,3,2,20,3.0
CHEMBL27246,CINNAMIC ACID,O=C(O)/C=C/c1ccccc1,148.161,1.784,37.3,1,1,2,1,11,3.0
CHEMBL27266,INDOLACTUM,CC(C)[C@H]1C(=O)N[C@H](CO)Cc2c[nH]c3cccc(c23)N1C,301.39,1.662,68.36,3,3,2,2,22,2.0
CHEMBL27289,CROCONAZOLE,C=C(c1ccccc1OCc1cccc(Cl)c1)n1ccnc1,310.784,4.635,27.05,0,3,5,3,22,3.0
CHEMBL27308,SNAP (S-NITROSO-N-ACETYLPENICILLAMINE),CC(=O)NC(C(=O)O)C(C)(C)SN=O,220.25,0.769,95.83,2,5,5,0,14,1.0
CHEMBL27507,ZAMIFENACIN,c1ccc(C(O[C@@H]2CCCN(CCc3ccc4c(c3)OCO4)C2)c2ccccc2)cc1,415.533,5.228,30.93,0,4,7,3,31,2.0
CHEMBL27577,SALICYLAMIDE,NC(=O)c1ccccc1O,137.138,0.491,63.32,2,2,1,1,10,2.0
CHEMBL27601,BENZENESULFONAMIDE,NS(=O)(=O)c1ccccc1,157.194,0.334,60.16,1,2,1,1,10,3.0
CHEMBL27673,METHOCTRAMINE,COc1ccccc1CNCCCCCCNCCCCCCCCNCCCCCCNCc1ccccc1OC,582.918,7.224,66.58,4,6,29,2,42,1.0
CHEMBL27759,ENTINOSTAT,Nc1ccccc1NC(=O)c1ccc(CNC(=O)OCc2cccnc2)cc1,376.416,3.343,106.34,3,5,6,3,28,1.0
CHEMBL27769,STANOLONE,C[C@]12CCC(=O)C[C@@H]1CC[C@@H]1[C@@H]2CC[C@]2(C)[C@@H](O)CC[C@@H]12,290.447,3.959,37.3,1,2,0,0,21,4.0
CHEMBL27810,CELIPROLOL,CCN(CC)C(=O)Nc1ccc(OCC(O)CNC(C)(C)C)c(C(C)=O)c1,379.501,2.891,90.9,3,5,9,1,27,1.0
CHEMBL27846,(R)ZACOPRIDE,COc1cc(N)c(Cl)cc1C(=O)N[C@H]1CN2CCC1CC2,309.797,1.755,67.59,2,4,3,1,21,2.0
CHEMBL27926,NAPITANE,c1ccc(C2CCN(CC3CCCc4c3ccc3c4OCO3)C2)cc1,335.447,4.325,21.7,0,3,3,2,25,3.0
CHEMBL27979,"A-349,821",C[C@H]1CC[C@H](C)N1CCCOc1ccc(-c2ccc(C(=O)N3CCOCC3)cc2)cc1,422.569,4.468,42.01,0,4,7,2,31,2.0
CHEMBL27999,TIAZURIL,Cc1cc(-n2ncc(=O)[nH]c2=O)cc(C)c1Sc1ccc(Cl)cc1,359.838,3.342,67.75,1,5,3,3,24,4.0
CHEMBL28079,ZAPRINAST,CCCOc1ccccc1-c1nc2[nH]nnc2c(=O)[nH]1,271.28,1.497,96.55,2,5,4,3,20,1.0
CHEMBL28196,ISBOGREL,O=C(O)CCCC/C=C(/c1ccccc1)c1cccnc1,281.355,4.158,50.19,1,2,7,2,21,3.0
CHEMBL28198,LOFENTANIL,CCC(=O)N(c1ccccc1)[C@@]1(C(=O)OC)CCN(CCc2ccccc2)C[C@H]1C,408.542,3.926,49.85,0,4,7,2,30,3.0
CHEMBL28211,NAFOXIDINE,COc1ccc2c(c1)CCC(c1ccccc1)=C2c1ccc(OCCN2CCCC2)cc1,425.572,6.075,21.7,0,3,7,3,32,2.0
CHEMBL28218,BROMPERIDOL,O=C(CCCN1CCC(O)(c2ccc(Br)cc2)CC1)c1ccc(F)cc1,420.322,4.535,40.54,1,3,6,2,26,2.0
CHEMBL28250,"2,3,4,4'-TETRAMETHOXYBIPHENYL",COc1ccc(-c2ccc(OC)c(OC)c2OC)cc1,274.316,3.388,36.92,0,4,5,2,20,4.0
CHEMBL28318,PROPYPHENAZONE,Cc1c(C(C)C)c(=O)n(-c2ccccc2)n1C,230.311,2.608,26.93,0,3,2,2,17,4.0
CHEMBL28319,QUESTIOMYCIN B,Nc1ccccc1O,109.128,0.974,46.25,2,2,0,1,8,2.0
CHEMBL28333,MEDAZEPAM,CN1CCN=C(c2ccccc2)c2cc(Cl)ccc21,270.763,3.627,15.6,0,2,1,2,19,4.0
CHEMBL28338,A-86929,CCCc1cc2c(s1)CN[C@@H]1CCc3cc(O)c(O)cc3[C@@H]21,315.438,3.662,52.49,3,4,2,2,22,3.0
CHEMBL28457,ALKANNIN,CC(C)=CC[C@H](O)C1=CC(=O)c2c(O)ccc(O)c2C1=O,288.299,2.12,94.83,3,5,3,1,21,2.0
CHEMBL28509,EDELFOSINE,CCCCCCCCCCCCCCCCCCOCC(COP(=O)([O-])OCC[N+](C)(C)C)OC,523.736,6.487,77.05,0,6,27,0,35,1.0
CHEMBL28517,E927A,NC(=O)/N=N/C(N)=O,116.08,-0.404,110.9,2,2,0,0,8,1.0
CHEMBL28527,MAVACOXIB,NS(=O)(=O)c1ccc(-n2nc(C(F)(F)F)cc2-c2ccc(F)cc2)cc1,385.342,3.345,77.98,1,4,3,3,26,2.0
CHEMBL28564,ELIPRODIL,OC(CN1CCC(Cc2ccc(F)cc2)CC1)c1ccc(Cl)cc1,347.861,4.467,23.47,1,2,5,2,24,3.0
CHEMBL28626,MORIN,O=c1c(O)c(-c2ccc(O)cc2O)oc2cc(O)cc(O)c12,302.238,1.988,131.36,5,7,1,3,22,1.0
CHEMBL28636,DERACOXIB,COc1ccc(-c2cc(C(F)F)nn2-c2ccc(S(N)(=O)=O)cc2)cc1F,397.378,3.272,87.21,1,5,5,3,27,2.0
CHEMBL28650,AMASTATIN,CC(C)C[C@@H](N)[C@H](O)C(=O)N[C@H](C(=O)N[C@H](C(=O)N[C@@H](CC(=O)O)C(=O)O)C(C)C)C(C)C,474.555,-0.954,208.15,7,7,14,0,33,0.0
CHEMBL28743,NORSPERMIDINE,NCCCNCCCN,131.223,-0.726,64.07,3,3,6,0,9,2.0
CHEMBL28854,SIPATRIGINE,CN1CCN(c2ncc(-c3cc(Cl)cc(Cl)c3Cl)c(N)n2)CC1,372.687,3.438,58.28,1,5,2,2,23,3.0
CHEMBL28898,BULLATACINONE,CCCCCCCCCC[C@H](O)[C@H]1CC[C@H]([C@H]2CC[C@H]([C@H](O)CCCCCCCCCC[C@@H]3CC(CC(C)=O)C(=O)O3)O2)O1,622.928,8.146,102.29,2,7,25,0,44,0.0
CHEMBL28930,ILMOFOSINE,CCCCCCCCCCCCCCCCSCC(COC)COP(=O)([O-])OCC[N+](C)(C)C,525.777,6.671,67.82,0,6,26,0,34,2.0
CHEMBL28971,FENARIMOL,OC(c1ccc(Cl)cc1)(c1cncnc1)c1ccccc1Cl,331.202,4.068,46.01,1,3,3,3,22,3.0
CHEMBL28979,VAMICAMIDE,CC(CC(C(N)=O)(c1ccccc1)c1ccccn1)N(C)C,297.402,2.193,59.22,1,3,6,2,22,4.0
CHEMBL29188,LOMERIZINE,COc1ccc(CN2CCN(C(c3ccc(F)cc3)c3ccc(F)cc3)CC2)c(OC)c1OC,468.544,4.898,34.17,0,5,8,3,34,2.0
CHEMBL29292,UBENIMEX,CC(C)C[C@H](NC(=O)[C@@H](O)[C@H](N)Cc1ccccc1)C(=O)O,308.378,0.533,112.65,4,4,8,1,22,1.0
CHEMBL29392,DIAMINOOCTANE,NCCCCCCCCN,144.262,1.244,52.04,2,2,7,0,10,2.0
CHEMBL29404,ENECADIN,Cc1nc(OCCCCCN2CCCCC2)cc(-c2ccc(F)cc2)n1,357.473,4.626,38.25,0,4,8,2,26,3.0
CHEMBL29411,THYMOL,Cc1ccc(C(C)C)c(O)c1,150.221,2.824,20.23,1,1,1,1,11,4.0
CHEMBL29489,BUTYL CAFFEATE,CCCCOC(=O)/C=C/c1ccc(O)c(O)c1,236.267,2.454,66.76,2,4,5,1,17,3.0
CHEMBL29609,PLECONARIL,Cc1cc(CCCOc2c(C)cc(-c3noc(C(F)(F)F)n3)cc2C)on1,381.354,4.68,74.18,0,6,6,3,27,1.0
CHEMBL29660,CHICORIC ACID,O=C(/C=C/c1ccc(O)c(O)c1)O[C@H](C(=O)O)[C@H](OC(=O)/C=C/c1ccc(O)c(O)c1)C(=O)O,474.374,1.228,208.12,6,10,9,2,34,0.0
CHEMBL29677,BISTRATAMIDE A,CC(C)[C@@H]1NC(=O)C2CSC(=N2)[C@H](Cc2ccccc2)NC(=O)C2CSC(=N2)[C@@H](C)NC(=O)[C@H]2N=C1O[C@@H]2C,570.741,1.587,133.61,3,9,3,1,39,0.0
CHEMBL29711,APHIDICOLIN,C[C@@]1(CO)[C@H](O)CC[C@@]2(C)[C@H]1CC[C@H]1C[C@@H]3C[C@@]12CC[C@]3(O)CO,338.488,2.086,80.92,4,4,2,0,24,2.0
CHEMBL29741,IRAMPANEL,CN(C)CCOc1ccccc1-c1nc(-c2ccccc2)no1,309.369,3.344,51.39,0,5,6,3,23,4.0
CHEMBL29757,D-ASPARTATE,N[C@H](CC(=O)O)C(=O)O,133.103,-1.127,100.62,3,3,3,0,9,1.0
CHEMBL29798,BEMARINONE,COc1ccc2[nH]c(=O)nc(C)c2c1OC,220.228,1.249,64.21,1,4,2,2,16,3.0
CHEMBL29811,CGP-37849,C/C(=C\C(N)C(=O)O)CP(=O)(O)O,209.138,-0.478,120.85,4,3,4,0,13,1.0
CHEMBL29835,BESIPIRDINE,CCCN(c1ccncc1)n1ccc2ccccc21,251.333,3.716,21.06,0,3,4,3,19,4.0
CHEMBL29860,CATENARIN,Cc1cc(O)c2c(c1O)C(=O)c1cc(O)cc(O)c1C2=O,286.239,1.593,115.06,4,6,0,2,21,1.0
CHEMBL29880,CHOLCHICIDE,COc1cc2c(c(OC)c1OC)-c1cccc(=O)cc1[C@@H](NC(C)=O)CC2,369.417,2.863,73.86,1,5,4,2,27,2.0
CHEMBL29898,QUINALIZARIN,O=C1c2ccc(O)c(O)c2C(=O)c2c(O)ccc(O)c21,272.212,1.284,115.06,4,6,0,2,20,1.0
CHEMBL29919,ELPETRIGINE,Nc1cnc(-c2cc(Cl)cc(Cl)c2Cl)c(N)n1,289.553,3.268,77.82,2,4,1,2,17,2.0
CHEMBL30008,FLUNARIZINE,Fc1ccc(C(c2ccc(F)cc2)N2CCN(C/C=C/c3ccccc3)CC2)cc1,404.504,5.385,6.48,0,2,6,3,30,2.0
CHEMBL30044,DIBROMPROPAMIDINE,N=C(N)c1ccc(OCCCOc2ccc(C(=N)N)cc2Br)c(Br)c1,470.165,3.628,118.2,4,4,8,2,25,1.0
CHEMBL30054,DPOC-4088,O=C(Cn1c(Cl)cnc(NCC(F)(F)c2ccccn2)c1=O)NCc1ncccc1F,452.824,2.346,101.8,2,7,8,3,31,1.0
CHEMBL30116,PIPEMIDIC ACID,CCn1cc(C(=O)O)c(=O)c2cnc(N3CCNCC3)nc21,303.322,-0.081,100.35,2,7,3,2,22,1.0
CHEMBL30176,ISOCHOLCHIFOLINE,COc1cc2c(c(OC)c1OC)-c1ccc(=O)c(OC)cc1[C@@H](NC(=O)CO)CC2,415.442,1.844,103.32,2,7,6,2,30,0.0
CHEMBL30219,METHOHEXITAL SODIUM,C=CCC1(C(C)C#CCC)C(=O)N=C([O-])N(C)C1=O.[Na+],284.291,-2.683,72.8,0,3,3,0,19,2.0
CHEMBL30285,IBOTENIC ACID,N[C@H](C(=O)O)c1cc(O)no1,158.113,-0.535,109.58,3,5,2,1,11,1.0
CHEMBL30327,"2,3,7,8-TETRACHLORODIBENZO-P-DIOXIN",Clc1cc2c(cc1Cl)Oc1cc(Cl)c(Cl)cc1O2,321.974,6.198,18.46,0,2,0,2,18,3.0
CHEMBL30344,AMIFLAMINE,Cc1cc(N(C)C)ccc1CC(C)N,192.306,1.951,29.26,1,2,3,1,14,3.0
CHEMBL30400,OXILOFRINE,CNC(C)C(O)c1ccc(O)cc1,181.235,1.033,52.49,3,3,3,1,13,2.0
CHEMBL30432,GW282974X,CN(C)c1cc2c(Nc3ccc4c(cnn4Cc4ccccc4)c3)ncnc2cn1,395.47,4.232,71.76,1,7,5,5,30,1.0
CHEMBL30707,COUMESTROL,O=c1oc2cc(O)ccc2c2oc3cc(O)ccc3c12,268.224,3.104,83.81,2,5,0,4,20,2.0
CHEMBL30746,SOTERENOL,CC(C)NCC(O)c1ccc(O)c(NS(C)(=O)=O)c1,288.369,0.795,98.66,4,5,6,1,19,1.0
CHEMBL30773,CYCLOOCTENE,C1=C\CCCCCC/1,110.2,2.897,0.0,0,0,0,0,8,4.0
CHEMBL30816,DICHLOROISOPROTERENOL,CC(C)NCC(O)c1ccc(Cl)c(Cl)c1,248.153,3.025,32.26,2,2,4,1,15,3.0
CHEMBL30940,METHYLCYCLOPENTANE,CC1CCCC1,84.162,2.197,0.0,0,0,0,0,6,4.0
CHEMBL30959,DODECANE,CCCCCCCCCCCC,170.34,4.927,0.0,0,0,9,0,12,3.0
CHEMBL31088,DEOXIEPINEPHRINE,CNCCc1ccc(O)c(O)c1,167.208,0.86,52.49,3,3,3,1,12,2.0
CHEMBL31159,ETHYLNOREPINEPHRINE,CCC(N)C(O)c1ccc(O)c(O)c1,197.234,0.868,86.71,4,4,3,1,14,1.0
CHEMBL31184,BENZO[DEF]CHRYSENE,c1ccc2c(c1)cc1ccc3cccc4ccc2c1c34,252.316,5.737,0.0,0,0,0,5,20,3.0
CHEMBL31215,S-FADROZOLE,N#Cc1ccc([C@@H]2CCCc3cncn32)cc1,223.279,2.68,41.61,0,3,1,2,17,4.0
CHEMBL31354,"WAY-100,635",COc1ccccc1N1CCN(CCN(C(=O)C2CCCCC2)c2ccccn2)CC1,422.573,3.826,48.91,0,5,7,2,31,3.0
CHEMBL31400,ELINAFIDE,O=C1c2cccc3cccc(c23)C(=O)N1CCNCCCNCCN1C(=O)c2cccc3cccc(c23)C1=O,520.589,3.455,98.82,2,6,10,4,39,1.0
CHEMBL31410,CORYNANTHEINE,COC(=O)[C@H]1[C@H]2C[C@H]3c4[nH]c5ccccc5c4CCN3C[C@@H]2CC[C@@H]1O,354.45,2.647,65.56,2,4,1,2,26,3.0
CHEMBL31422,MALTOL,Cc1occc(=O)c1O,126.111,0.654,50.44,1,3,0,1,9,3.0
CHEMBL31460,CETABEN SODIUM,CCCCCCCCCCCCCCCCNc1ccc(C(=O)[O-])cc1.[Na+],383.552,2.947,52.16,1,3,17,1,26,3.0
CHEMBL31523,PHENYL BUTYL BORINIC ACID,CCCCB(O)c1ccccc1,162.041,1.678,20.23,1,1,4,,,3.0
CHEMBL31561,P-XYLENE,Cc1ccc(C)cc1,106.168,2.303,0.0,0,0,0,1,8,4.0
CHEMBL31574,FISETIN,O=c1c(O)c(-c2ccc(O)c(O)c2)oc2cc(O)ccc12,286.239,2.282,111.13,4,6,1,3,21,2.0
CHEMBL31601,REMIKIREN,CC(C)(C)S(=O)(=O)C[C@@H](Cc1ccccc1)C(=O)N[C@@H](Cc1c[nH]cn1)C(=O)N[C@@H](CC1CCCCC1)[C@@H](O)[C@@H](O)C1CC1,630.852,3.096,161.48,5,7,15,2,44,1.0
CHEMBL31634,BRIVUDINE,O=c1[nH]c(=O)n([C@H]2C[C@H](O)[C@@H](CO)O2)cc1/C=C/Br,333.138,-0.457,104.55,3,6,3,1,19,1.0
CHEMBL31836,PIPEROXAN,c1ccc2c(c1)OCC(CN1CCCCC1)O2,233.311,2.312,21.7,0,3,2,1,17,4.0
CHEMBL31871,HEPT,Cc1c(Sc2ccccc2)n(COCCO)c(=O)[nH]c1=O,308.359,0.963,84.32,2,6,6,2,21,1.0
CHEMBL31882,DEZAGUANINE,Nc1cc2[nH]cnc2c(=O)[nH]1,150.141,-0.167,87.56,3,3,0,2,11,1.0
CHEMBL31891,BRODIMOPRIM,COc1cc(Cc2cnc(N)nc2N)cc(OC)c1Br,339.193,2.011,96.28,2,6,4,2,20,2.0
CHEMBL31907,CETABEN,CCCCCCCCCCCCCCCCNc1ccc(C(=O)O)cc1,361.57,7.278,49.33,2,2,17,1,26,1.0
CHEMBL31929,4'-DEMETHYLEPIPODOPHYLLOTOXIN,COc1cc([C@@H]2c3cc4c(cc3[C@@H](O)[C@H]3COC(=O)[C@H]23)OCO4)cc(OC)c1O,400.383,2.106,103.68,2,8,3,2,29,1.0
CHEMBL31962,BUTYL BORONIC ACID,CCCCB(O)O,101.942,0.259,40.46,2,2,3,,,2.0
CHEMBL31965,CANERTINIB,C=CC(=O)Nc1cc2c(Nc3ccc(F)c(Cl)c3)ncnc2cc1OCCCN1CCOCC1,485.947,4.392,88.61,2,7,9,3,34,0.0
CHEMBL31970,TRIFLURALIN,CCCN(CCC)c1c([N+](=O)[O-])cc(C(F)(F)F)cc1[N+](=O)[O-],335.282,4.148,89.52,0,5,7,1,23,2.0
CHEMBL32010,CYCLOHEXANOL,OC1CCCCC1,100.161,1.311,20.23,1,1,0,0,7,3.0
CHEMBL32039,TETROXOPRIM,COCCOc1c(OC)cc(Cc2cnc(N)nc2N)cc1OC,334.376,1.274,114.74,2,8,8,2,24,1.0
CHEMBL32102,HOMOHYPOTAURINE,NCCCS(=O)O,123.177,-0.443,63.32,2,2,3,0,7,2.0
CHEMBL32147,2'-HYDROXYCHALCONE,O=C(/C=C/c1ccccc1)c1ccccc1O,224.259,3.288,37.3,1,2,3,2,17,4.0
CHEMBL32174,N-(3-HYDROXYPROPYL)PALMITAMIDE,CCCCCCCCCCCCCCCC(=O)NCCCO,313.526,4.966,49.33,2,2,17,0,22,2.0
CHEMBL32227,ZINDOXIFENE,CCn1c(-c2ccc(OC(C)=O)cc2)c(C)c2cc(OC(C)=O)ccc21,351.402,4.487,57.53,0,5,4,3,26,3.0
CHEMBL32319,HEXADECANOIC ACID BUTYLAMIDE,CCCCCCCCCCCCCCCC(=O)NCCCC,311.554,6.384,29.1,1,1,17,0,22,3.0
CHEMBL32339,"4,2',4',6'-TETRAMETHOXYCHALCONE",COc1ccc(/C=C/C(=O)c2c(OC)cc(OC)cc2OC)cc1,328.364,3.617,53.99,0,5,7,2,24,4.0
CHEMBL32350,PIRLINDOLE,Cc1ccc2c(c1)c1c3n2CCNC3CCC1,226.323,2.93,16.96,1,2,0,2,17,4.0
CHEMBL32442,CDP840,COc1ccc([C@H](Cc2ccncc2)c2ccccc2)cc1OC1CCCC1,373.496,5.786,31.35,0,3,7,3,28,2.0
CHEMBL32479,BROTIZOLAM,Cc1nnc2n1-c1sc(Br)cc1C(c1ccccc1Cl)=NC2,393.697,4.404,43.07,0,5,1,3,22,2.0
CHEMBL32503,GABAZINE,COc1ccc(-c2ccc(=N)n(CCCC(=O)O)n2)cc1,287.319,1.903,88.2,2,5,6,2,21,1.0
CHEMBL32510,CLOFILIUM PHOSPHATE,CCCCCCC[N+](CC)(CC)CCCCc1ccc(Cl)cc1.O=P([O-])(O)O,435.973,4.929,80.59,2,2,13,1,23,0.0
CHEMBL32570,DEOXYLAPACHOL,CC(C)=CCC1=CC(=O)c2ccccc2C1=O,226.275,3.348,34.14,0,2,2,1,17,4.0
CHEMBL32573,TRAMAZOLINE,c1cc2c(c(NC3=NCCN3)c1)CCCC2,215.3,1.937,36.42,2,3,1,1,16,2.0
CHEMBL32605,PALMITAMIDE,CCCCCCCCCCCCCCCC(N)=O,255.446,4.953,43.09,1,1,14,0,18,3.0
CHEMBL32650,HEXADECANOIC ACID ALLYLAMIDE,C=CCNC(=O)CCCCCCCCCCCCCCC,295.511,5.77,29.1,1,1,16,0,21,3.0
CHEMBL32749,FERULATE,COc1cc(/C=C/C(=O)O)ccc1O,194.186,1.499,66.76,2,3,3,1,14,2.0
CHEMBL32778,TRIMEDOXIME,O/N=C/c1cc[n+](CCC[n+]2ccc(/C=N/O)cc2)cc1,286.335,0.968,72.94,2,4,6,2,21,1.0
CHEMBL32800,FENOTEROL,CC(Cc1ccc(O)cc1)NCC(O)c1cc(O)cc(O)c1,303.358,2.058,92.95,5,5,6,2,22,2.0
CHEMBL32827,HEXADECANOIC ACID ISOPROPYLAMIDE,CCCCCCCCCCCCCCCC(=O)NC(C)C,297.527,5.992,29.1,1,1,15,0,21,3.0
CHEMBL32838,FUMAGILLIN,CO[C@@H]1[C@H](OC(=O)/C=C/C=C/C=C/C=C/C(=O)O)CC[C@]2(CO2)[C@H]1[C@@]1(C)O[C@@H]1CC=C(C)C,458.551,3.915,97.89,1,6,10,0,33,2.0
CHEMBL32880,"3',4'-DIMETHOXYCHALCONE",COc1ccc(C(=O)/C=C/c2ccccc2)cc1OC,268.312,3.6,35.53,0,3,5,2,20,4.0
CHEMBL32886,N-ETHYLPALMITAMIDE,CCCCCCCCCCCCCCCC(=O)NCC,283.5,5.604,29.1,1,1,15,0,20,3.0
CHEMBL32911,CARZELESIN,CCN(CC)c1ccc2cc(C(=O)Nc3ccc4[nH]c(C(=O)N5C[C@@H](CCl)c6c5cc(OC(=O)Nc5ccccc5)c5[nH]cc(C)c65)cc4c3)oc2c1,729.237,9.396,135.7,4,6,9,7,53,0.0
CHEMBL32991,BROMOPHENE,Oc1c(Br)cc(Br)cc1-c1cc(Br)cc(Br)c1O,501.794,5.815,40.46,2,2,1,2,18,1.0
CHEMBL32994,AMSILAROTENE,C[Si](C)(C)c1cc(C(=O)Nc2ccc(C(=O)O)cc2)cc([Si](C)(C)C)c1,385.612,3.728,66.4,2,2,5,,,2.0
CHEMBL33086,t-4-AMINOCROTONIC ACID (TACA),NC/C=C/C(=O)O,101.105,-0.414,63.32,2,2,2,0,7,2.0
CHEMBL33103,ACETYLSEROTONIN,CC(=O)NCCc1c[nH]c2ccc(O)cc12,218.256,1.552,65.12,3,2,3,2,16,2.0
CHEMBL33171,NB-ACETYLTRYPTAMINE,CC(=O)NCCc1c[nH]c2ccccc12,202.257,1.847,44.89,2,1,3,2,15,2.0
CHEMBL33211,ISOXEPAC,O=C(O)Cc1ccc2c(c1)C(=O)c1ccccc1CO2,268.268,2.437,63.6,1,3,2,2,20,4.0
CHEMBL33256,CHRYSOSPLENOL B,COc1cc(-c2oc3cc(OC)c(OC)c(O)c3c(=O)c2OC)ccc1O,374.345,2.906,107.59,2,8,5,3,27,1.0
CHEMBL33562,PIPERENONE,C=CCC1=C[C@]2(OC)[C@H](C)[C@@H](c3ccc(OC)c(OC)c3)O[C@]2(OC)CC1=O,388.46,3.614,63.22,0,6,7,1,28,3.0
CHEMBL33720,OXEDRINE,CNCC(O)c1ccc(O)cc1,167.208,0.645,52.49,3,3,3,1,12,2.0
CHEMBL33777,HEXADECANOIC ACID DIETHYLAMIDE,CCCCCCCCCCCCCCCC(=O)N(CC)CC,311.554,6.336,20.31,0,1,16,0,22,3.0
CHEMBL33778,ANACARDIC ACID,CCCCCCCCCCCCCCCc1cccc(O)c1C(=O)O,348.527,6.724,57.53,2,2,15,1,25,2.0
CHEMBL33845,DICHLOROPHEN,Oc1ccc(Cl)cc1Cc1cc(Cl)ccc1O,269.127,3.995,40.46,2,2,2,2,17,3.0
CHEMBL33864,"LIPOIC ACID, ALPHA",O=C(O)CCCCC1CCSS1,206.332,2.785,37.3,1,3,5,0,12,4.0
CHEMBL33958,CLOFURAC,O=C1Cc2cc(Cl)c(C3CCCCC3)cc2O1,250.725,3.849,26.3,0,2,1,1,17,4.0
CHEMBL33986,BUTORPHANOL,Oc1ccc2c(c1)[C@@]13CCCC[C@@]1(O)[C@@H](C2)N(CC1CCC1)CC3,327.468,3.366,43.7,2,3,2,1,24,3.0
CHEMBL34047,HEXADECANOIC ACID DIMETHYLAMIDE,CCCCCCCCCCCCCCCC(=O)N(C)C,283.5,5.556,20.31,0,1,14,0,20,3.0
CHEMBL34112,ACETIC ACID PENTADECYLCARBAMOYLMETHYL ESTER,CCCCCCCCCCCCCCCNC(=O)COC(C)=O,327.509,4.757,55.4,1,3,16,0,23,3.0
CHEMBL34124,OLODANRIGAN,COc1ccc2c(c1OCc1ccccc1)C[C@@H](C(=O)O)N(C(=O)C(c1ccccc1)c1ccccc1)C2,507.586,5.444,76.07,1,4,8,4,38,1.0
CHEMBL34139,GENACONAZOLE,C[C@H]([C@](O)(Cn1cncn1)c1ccc(F)cc1F)S(C)(=O)=O,331.344,0.877,85.08,1,6,5,2,22,2.0
CHEMBL34166,BERLEX COMPOUND,N#CC(CCCN1CCC(O)(c2ccc(Cl)cc2)CC1)(c1ccccc1)c1ccccc1,445.006,5.913,47.26,1,3,7,3,32,2.0
CHEMBL34234,IBROLIPIM,CCOP(=O)(Cc1ccc(C(=O)Nc2ccc(Br)cc2C#N)cc1)OCC,451.257,5.339,88.42,1,5,8,2,27,1.0
CHEMBL34241,ROTTLERIN,CC(=O)c1c(O)c(C)c(O)c(Cc2c(O)c3c(c(C(=O)/C=C/c4ccccc4)c2O)OC(C)(C)C=C3)c1O,516.546,5.397,144.52,5,8,6,3,38,0.0
CHEMBL34246,IPROZILAMINE,CSc1c(Cl)nc(NC(C)C)nc1N1CCN(C)CC1,315.874,2.424,44.29,1,6,4,1,20,4.0
CHEMBL34259,METHOTREXATE,CN(Cc1cnc2nc(N)nc(N)c2n1)c1ccc(C(=O)N[C@@H](CCC(=O)O)C(=O)O)cc1,454.447,0.268,210.54,5,10,9,3,33,0.0
CHEMBL34316,CALYCOPTERONE,COC1=C(OC)[C@@]2(OC)c3c(O)c(OC)c4c(c3O[C@@]23O[C@@H](c2ccccc2)CC=C3C1=O)[C@@H](OC)C[C@H](c1ccccc1)O4,614.647,5.718,111.14,1,10,7,3,45,1.0
CHEMBL34398,4'-METHOXYCHALCONE,COc1ccc(C(=O)/C=C/c2ccccc2)cc1,238.286,3.591,26.3,0,2,4,2,18,4.0
CHEMBL34404,HEXADECANOIC ACID CYCLOPROPYLAMIDE,CCCCCCCCCCCCCCCC(=O)NC1CC1,295.511,5.746,29.1,1,1,15,0,21,3.0
CHEMBL34412,LOMETREXOL,Nc1nc2c(c(=O)[nH]1)C[C@@H](CCc1ccc(C(=O)N[C@@H](CCC(=O)O)C(=O)O)cc1)CN2,443.46,0.617,187.5,6,7,9,2,32,0.0
CHEMBL34431,CILOSTAMIDE,CN(C(=O)CCCOc1ccc2[nH]c(=O)ccc2c1)C1CCCCC1,342.439,3.478,62.4,1,3,6,2,25,4.0
CHEMBL34474,DICLOFOP-METHYL,COC(=O)C(C)Oc1ccc(Oc2ccc(Cl)cc2Cl)cc1,341.19,4.726,44.76,0,4,5,2,22,3.0
CHEMBL34722,THIAMIPRINE,Cn1cnc([N+](=O)[O-])c1Sc1nc(N)nc2[nH]cnc12,292.284,0.728,141.44,2,9,3,3,20,1.0
CHEMBL34748,SAPPHYRIN,CCc1c(CC)c2cc3nc(cc4[nH]c(c(C)c4CC)c4[nH]c(cc5nc(cc1[nH]2)C(CCC(=O)N(CCO)CCO)=C5C)c(CC)c4C)C(C)=C3CCC(=O)N(CCO)CCO,862.129,7.273,194.69,7,8,18,4,63,0.0
CHEMBL34819,L-690330,CC(Oc1ccc(O)cc1)(P(=O)(O)O)P(=O)(O)O,298.124,0.8,144.52,5,4,4,1,18,1.0
CHEMBL34833,CETYLPYRIDINIUM CHLORIDE,CCCCCCCCCCCCCCCC[n+]1ccccc1.[Cl-],339.995,3.459,3.88,0,0,15,1,22,4.0
CHEMBL34913,TILMACOXIB,Cc1nc(C2CCCCC2)c(-c2ccc(S(N)(=O)=O)c(F)c2)o1,338.404,3.484,86.19,1,4,3,2,23,3.0
CHEMBL35033,EMIVIRINE,CCOCn1c(Cc2ccccc2)c(C(C)C)c(=O)[nH]c1=O,302.374,2.245,64.09,1,4,6,2,22,4.0
CHEMBL35057,TIOSPIRONE,O=C1CC2(CCCC2)CC(=O)N1CCCCN1CCN(c2nsc3ccccc23)CC1,440.613,3.908,56.75,0,6,6,2,31,3.0
CHEMBL35084,CANDOXATRIL,COCCOC[C@H](CC1(C(=O)N[C@H]2CC[C@@H](C(=O)O)CC2)CCCC1)C(=O)Oc1ccc2c(c1)CCC2,515.647,4.07,111.16,2,6,12,1,37,0.0
CHEMBL35228,PYRONARIDINE,COc1ccc2nc3cc(Cl)ccc3c(Nc3cc(CN4CCCC4)c(O)c(CN4CCCC4)c3)c2n1,518.061,6.086,73.75,2,7,7,4,37,0.0
CHEMBL35241,DIMINAZENE,N=C(N)c1ccc(/N=N/Nc2ccc(C(=N)N)cc2)cc1,281.323,2.366,136.49,5,4,5,2,21,2.0
CHEMBL35280,ISOPROTHIOLANE,CC(C)OC(=O)C(C(=O)OC(C)C)=C1SCCS1,290.406,2.581,52.6,0,6,4,0,18,4.0
CHEMBL35286,HEXADECANOIC ACID PROPYLAMIDE,CCCCCCCCCCCCCCCC(=O)NCCC,297.527,5.994,29.1,1,1,16,0,21,3.0
CHEMBL35306,NIKKOMYCIN,C[C@@H]([C@H](N)C(=O)N[C@H](C(=O)O)[C@H]1O[C@@H](n2ccc(=O)[nH]c2=O)[C@H](O)[C@@H]1O)[C@H](O)c1ccc(O)cn1,495.445,-3.477,250.32,8,12,8,2,35,0.0
CHEMBL35337,AMFONELIC ACID,CCn1cc(C(=O)O)c(=O)c2ccc(Cc3ccccc3)nc21,308.337,2.705,72.19,1,4,4,3,23,3.0
CHEMBL35351,SCHIZOSTATIN Z,CC(C)=CCC/C(C)=C/CC/C(C)=C/CC/C(=C/C(=O)O)C(=O)O,334.456,5.281,74.6,2,2,11,0,24,1.0
CHEMBL35493,ADOZELESIN,Cc1c[nH]c2c1[C@@]13C[C@@H]1CN(C(=O)c1cc4cc(NC(=O)c5cc6ccccc6o5)ccc4[nH]1)C3=CC2=O,502.53,5.297,111.2,3,4,3,5,38,0.0
CHEMBL35505,DIHYDRALAZINE,N/N=c1\[nH][nH]/c(=N\N)c2ccccc12,190.21,-0.955,108.34,4,4,0,2,14,1.0
CHEMBL35576,CYCLOPHELLITOL,OC[C@@H]1[C@@H](O)[C@H](O)[C@@H](O)[C@@H]2O[C@H]12,176.168,-2.541,93.45,4,5,1,0,12,1.0
CHEMBL35732,FUSIDIENOL,COC(=O)C1=CC(CO)=COc2oc3cccc(O)c3c(=O)c21,316.265,1.324,106.2,2,7,2,2,23,1.0
CHEMBL35736,SELENAZOLE,c1c[se]cn1,132.024,0.139,12.89,0,1,0,,,3.0
CHEMBL35769,DOLASTATIN 15,COC1=CC(=O)N(C(=O)[C@@H](OC(=O)[C@@H]2CCCN2C(=O)[C@@H]2CCCN2C(=O)[C@H](C(C)C)N(C)C(=O)[C@@H](NC(=O)[C@H](C(C)C)N(C)C)C(C)C)C(C)C)[C@H]1Cc1ccccc1,837.072,3.257,166.18,1,10,17,1,60,2.0
CHEMBL35802,PENTAQUINE,COc1cc(NCCCCCNC(C)C)c2ncccc2c1,301.434,3.824,46.18,2,4,9,2,22,3.0
CHEMBL35838,[LEU5]ENKEPHALIN,CC(C)C[C@H](NC(=O)[C@H](Cc1ccccc1)NC(=O)CNC(=O)CNC(=O)[C@@H](N)Cc1ccc(O)cc1)C(N)=O,554.648,-0.762,205.74,7,7,15,2,40,0.0
CHEMBL35865,3-BENZYL-8-PHENYL-3-AZA-BICYCLO[3.2.1]OCTANE (STEREOISOMERIC MIX),c1ccc(CN2CC3CCC(C2)C3c2ccccc2)cc1,277.411,4.312,3.24,0,1,3,2,21,3.0
CHEMBL35952,MITOMYCIN H,C=C1C2=C(C(=O)C(C)=C(OC)C2=O)N2C[C@H]3[C@H](N3C)[C@]12O,288.303,-0.431,69.85,1,6,1,0,21,3.0
CHEMBL36015,PIBROZELESIN,COC(=O)c1c(C)[nH]c2c(OC(=O)N3CCN(C)CC3)cc3c(c12)[C@H](CBr)CN3C(=O)c1cc2cc(OC)c(OC)c(OC)c2[nH]1,698.571,4.655,138.66,2,9,7,4,46,0.0
CHEMBL36016,DIAZIQUONE,CCOC(=O)NC1=C(N2CC2)C(=O)C(NC(=O)OCC)=C(N2CC2)C1=O,364.358,-0.315,116.82,2,8,6,0,26,0.0
CHEMBL36028,FUREGRELATE SODIUM,O=C([O-])c1cc2cc(Cc3cccnc3)ccc2o1.[Na+],275.239,-1.214,66.16,0,4,3,3,19,3.0
CHEMBL36148,(S)-VERAPAMIL,COc1ccc(CCN(C)CCC[C@@](C#N)(c2ccc(OC)c(OC)c2)C(C)C)cc1OC,454.611,5.093,63.95,0,6,13,2,33,2.0
CHEMBL36255,COMBRETASTATIN A-1,COc1ccc(/C=C\c2cc(OC)c(OC)c(OC)c2)c(O)c1O,332.352,3.303,77.38,2,6,6,2,24,2.0
CHEMBL36285,HEXADECANOIC ACID METHYLAMIDE,CCCCCCCCCCCCCCCC(=O)NC,269.473,5.214,29.1,1,1,14,0,19,3.0
CHEMBL36327,EPICATECHIN GALLATE,O=C(O[C@@H]1Cc2c(O)cc(O)cc2O[C@@H]1c1ccc(O)c(O)c1)c1cc(O)c(O)c(O)c1,442.376,2.528,177.14,7,10,3,3,32,1.0
CHEMBL36342,OCTENIDINE HYDROCHLORIDE,CCCCCCCCN=c1ccn(CCCCCCCCCCn2ccc(=NCCCCCCCC)cc2)cc1.Cl.Cl,623.842,10.477,34.58,0,4,25,2,40,2.0
CHEMBL36414,MITOMYCIN Z,C=C1C2=C(C(=O)C(C)=C(N)C2=O)N2C[C@H]3[C@H](N3C)[C@]12O,273.292,-1.118,86.64,2,6,0,0,20,1.0
CHEMBL36455,E-COMBRETASTATIN A-4,COc1ccc(/C=C/c2cc(OC)c(OC)c(OC)c2)cc1O,316.353,3.597,57.15,1,5,6,2,23,4.0
CHEMBL36496,NORNUCIFERINE,COc1cc2c3c(c1OC)-c1ccccc1CC3NCC2,281.355,3.114,30.49,1,3,2,2,21,4.0
CHEMBL36503,CERONAPRIL,NCCCC[C@H](OP(=O)(O)CCCCc1ccccc1)C(=O)N1CCC[C@H]1C(=O)O,440.477,2.785,130.16,3,5,13,1,30,1.0
CHEMBL36506,NOVOBIOCIN,CO[C@@H]1[C@@H](OC(N)=O)[C@@H](O)[C@H](Oc2ccc3c(O)c(NC(=O)c4ccc(O)c(CC=C(C)C)c4)c(=O)oc3c2C)OC1(C)C,612.632,3.627,200.01,5,11,8,3,44,1.0
CHEMBL36565,LORZAFONE ANHYDROUS,CN(C(=O)CNC(=O)CN)c1ccc(Cl)cc1C(=O)c1ccccc1Cl,394.258,2.262,92.5,2,4,6,2,26,1.0
CHEMBL36584,METOCHALCONE,COc1ccc(/C=C/C(=O)c2ccc(OC)cc2OC)cc1,298.338,3.609,44.76,0,4,6,2,22,4.0
CHEMBL36591,ALAPROCLATE,CC(N)C(=O)OC(C)(C)Cc1ccc(Cl)cc1,255.745,2.552,52.32,1,3,4,1,17,4.0
CHEMBL36633,OXIRACETAM,NC(=O)CN1CC(O)CC1=O,158.157,-1.935,83.63,2,3,2,0,11,1.0
CHEMBL36648,LONAPALENE,COc1c(OC)c(OC(C)=O)c2cc(Cl)ccc2c1OC(C)=O,338.743,3.361,71.06,0,6,4,2,23,3.0
CHEMBL36654,ROEMERINE,CN1CCc2cc3c(c4c2C1Cc1ccccc1-4)OCO3,279.339,3.167,21.7,0,3,0,2,21,4.0
CHEMBL36668,TRYPROSTATIN B,CC(C)=CCc1[nH]c2ccccc2c1C[C@@H]1NC(=O)[C@@H]2CCCN2C1=O,351.45,2.709,65.2,2,2,4,2,26,3.0
CHEMBL36715,PIRACETAM,NC(=O)CN1CCCC1=O,142.158,-0.906,63.4,1,2,2,0,10,3.0
CHEMBL36994,ANIRACETAM,COc1ccc(C(=O)N2CCCC2=O)cc1,219.24,1.458,46.61,0,3,2,1,16,3.0
CHEMBL37019,(R)-PROXYPHYLLINE,C[C@@H](O)Cn1cnc2c1c(=O)n(C)c(=O)n2C,238.247,-1.186,82.05,1,7,2,2,17,2.0
CHEMBL37130,FLUOROTAMOXIFEN,CC/C(=C(/c1ccc(OCCN(C)C)cc1)c1cccc(F)c1)c1ccccc1,389.514,6.135,12.47,0,2,8,3,29,2.0
CHEMBL37161,FENBENDAZOLE,COC(=O)Nc1nc2cc(Sc3ccccc3)ccc2[nH]1,299.355,3.892,67.01,2,4,3,3,21,3.0
CHEMBL37387,BROPIRIMINE,Nc1nc(=O)c(Br)c(-c2ccccc2)[nH]1,266.098,1.782,71.77,2,3,1,2,15,1.0
CHEMBL37390,PROXYPHYLLINE,CC(O)Cn1cnc2c1c(=O)n(C)c(=O)n2C,238.247,-1.186,82.05,1,7,2,2,17,2.0
CHEMBL37537,PROTOCATECHUIC ACID,O=C(O)c1ccc(O)c(O)c1,154.121,0.796,77.76,3,3,1,1,11,1.0
CHEMBL37624,LOVIRIDE,CC(=O)c1ccc(C)cc1NC(C(N)=O)c1c(Cl)cccc1Cl,351.233,4.143,72.19,2,3,5,2,23,1.0
CHEMBL37676,APC-100,Cc1c(C)c2c(c(C)c1O)CCC(C)(C)O2,220.312,3.421,29.46,1,2,0,1,16,4.0
CHEMBL37681,SPARFOSATE,O=C(O)CC(NC(=O)CP(=O)(O)O)C(=O)O,255.119,-1.792,161.23,5,4,6,0,16,1.0
CHEMBL37683,ESAFLOXACIN,CCn1cc(C(=O)O)c(=O)c2cc(F)c(N3CCC(N)C3)nc21,320.324,0.791,101.45,2,6,3,2,23,1.0
CHEMBL37731,IODACYCLUR,O=c1[nH]c(=O)n(COC(CO)CO)cc1I,342.089,-1.531,104.55,3,6,5,1,16,1.0
CHEMBL37736,LIRIODENINE,O=C1c2ccccc2-c2c3c(cc4ccnc1c24)OCO3,275.263,3.175,48.42,0,4,0,3,21,4.0
CHEMBL37744,ZIMELDINE,CN(C)C/C=C(/c1ccc(Br)cc1)c1cccnc1,317.23,3.837,16.13,0,2,4,2,19,4.0
CHEMBL37754,HYDROPRENE,CCOC(=O)/C=C(C)/C=C/CC(C)CCCC(C)C,266.425,4.905,26.3,0,2,9,0,19,3.0
CHEMBL37853,CLOPROSTENOL,O=C(O)CCC/C=C\C[C@@H]1[C@@H](/C=C/[C@@H](O)COc2cccc(Cl)c2)[C@H](O)C[C@@H]1O,424.921,3.195,107.22,4,5,11,1,29,1.0
CHEMBL37858,SARAFLOXACIN,O=C(O)c1cn(-c2ccc(F)cc2)c2cc(N3CCNCC3)c(F)cc2c1=O,385.37,2.377,74.57,2,5,3,3,28,1.0
CHEMBL37868,AMINOTAMOXIFEN,CC/C(=C(/c1ccc(OCCN(C)C)cc1)c1cccc(N)c1)c1ccccc1,386.539,5.578,38.49,1,3,8,3,29,2.0
CHEMBL37932,FENOXAPROP-ETHYL,CCOC(=O)C(C)Oc1ccc(Oc2nc3ccc(Cl)cc3o2)cc1,361.781,4.604,70.79,0,6,6,3,25,1.0
CHEMBL37935,COLURACETAM,Cc1oc2nc3c(c(NC(=O)CN4CCCC4=O)c2c1C)CCCC3,341.411,2.884,75.44,1,4,3,2,25,3.0
CHEMBL37971,NANTERINONE,Cc1cn(-c2cc(C)c3[nH]c(=O)ccc3c2)c(C)n1,253.305,2.639,50.68,1,3,1,3,19,4.0
CHEMBL38120,TAMETRALINE,CN[C@@H]1CC[C@@H](c2ccccc2)c2ccccc21,237.346,3.873,12.03,1,1,2,2,18,4.0
CHEMBL38224,INDOLIDAN,CC1(C)C(=O)Nc2ccc(C3=NNC(=O)CC3)cc21,257.293,1.53,70.56,2,3,1,1,19,1.0
CHEMBL38226,KINOPRENE,C#CCOC(=O)/C=C(C)/C=C/CC(C)CCCC(C)C,276.42,4.518,26.3,0,2,9,0,20,3.0
CHEMBL38244,SCINTIDREN,C[Se]C[C@@H]1CC2C(CCC3(C)C(C(C)CCCC(C)C)CCC23)C2=C1CC(O)CC2,479.651,7.539,20.23,1,1,7,,,2.0
CHEMBL38354,ETHYLPHOSPHORAMIDIC ACID,CCNP(=O)(O)O,125.064,-0.311,69.56,3,1,2,0,7,2.0
CHEMBL38380,FASUDIL,O=S(=O)(c1cccc2cnccc12)N1CCCNCC1,291.376,1.219,62.3,1,4,2,2,20,3.0
CHEMBL38434,BREQUINAR,Cc1c(-c2ccc(-c3ccccc3F)cc2)nc2ccc(F)cc2c1C(=O)O,375.374,5.854,50.19,1,2,3,4,28,2.0
CHEMBL38458,LEDOXANTRONE,CCN(CC)CCn1nc2c3c(c(NCCN)ccc31)Sc1cc(O)ccc1-2,397.548,3.586,79.34,3,7,8,3,28,1.0
CHEMBL38464,DEHYDROSILYLBIN,COc1cc(C2Oc3cc(-c4oc5cc(O)cc(O)c5c(=O)c4O)ccc3OC2CO)ccc1O,480.425,3.164,159.05,5,10,4,4,35,1.0
CHEMBL38576,"ICI-199,441",CN(C(=O)Cc1ccc(Cl)c(Cl)c1)[C@H](CN1CCCC1)c1ccccc1,391.342,4.831,23.55,0,2,6,2,26,2.0
CHEMBL38594,BATANOPRIDE,CCN(CC)CCNC(=O)c1cc(Cl)c(N)cc1OC(C)C(C)=O,355.866,2.35,84.66,2,5,9,1,24,2.0
CHEMBL38688,DIPHENYLAMINE,c1ccc(Nc2ccccc2)cc1,169.227,3.43,12.03,1,1,2,2,13,4.0
CHEMBL38700,ELVUCITABINE,Nc1nc(=O)n([C@@H]2C=C[C@H](CO)O2)cc1F,227.195,-0.59,90.37,2,6,2,1,16,1.0
CHEMBL38714,PROCYANIDIN B2,Oc1cc(O)c2c(c1)O[C@H](c1ccc(O)c(O)c1)[C@H](O)[C@H]2c1c(O)cc(O)c2c1O[C@H](c1ccc(O)c(O)c1)[C@H](O)C2,578.526,2.995,220.76,10,12,3,4,42,1.0
CHEMBL38737,THIOACETAMIDE,CC(=N)S,75.136,0.913,23.85,2,1,0,0,4,2.0
CHEMBL38824,DAPITANT,COc1ccccc1[C@H](C)C(=O)N1C[C@@H]2[C@H](C1)C(c1ccccc1)(c1ccccc1)CC[C@@]2(O)c1ccccc1OC,561.722,6.55,59.0,1,4,7,4,42,2.0
CHEMBL38827,LUMEFANTRINE,CCCCN(CCCC)CC(O)c1cc(Cl)cc2c1-c1ccc(Cl)cc1/C2=C/c1ccc(Cl)cc1,528.951,9.152,23.47,1,2,10,3,35,2.0
CHEMBL38874,DAMGO,C[C@@H](NC(=O)[C@@H](N)Cc1ccc(O)cc1)C(=O)NCC(=O)N(C)[C@@H](Cc1ccccc1)C(=O)NCCO,513.595,-0.939,174.09,6,7,13,2,37,0.0
CHEMBL38934,DIPHENYLETHER,c1ccc(Oc2ccccc2)cc1,170.211,3.479,9.23,0,1,2,2,13,4.0
CHEMBL38938,DIMETRIDAZOLE,Cc1ncc([N+](=O)[O-])n1C,141.13,0.637,60.96,0,4,1,1,10,3.0
CHEMBL38943,GW501516,Cc1cc(SCc2sc(-c3ccc(C(F)(F)F)cc3)nc2C)ccc1OCC(=O)O,453.507,6.201,59.42,1,5,7,3,30,2.0
CHEMBL38992,ETISULERGINE,CCN(CC)S(=O)(=O)N[C@H]1C[C@@H]2c3cccc4[nH]cc(c34)C[C@H]2N(C)C1,376.526,2.057,68.44,2,3,5,2,26,2.0
CHEMBL39071,ISOGUVACINE,O=C(O)C1=CCNCC1,127.143,-0.009,49.33,2,2,1,0,9,2.0
CHEMBL39317,L-694247,CS(=O)(=O)Nc1ccc(Cc2noc(-c3ccc4[nH]cc(CCN)c4c3)n2)cc1,411.487,2.681,126.9,3,6,7,4,29,1.0
CHEMBL39346,DEMETHOXYFUMITREMORGIN C,CC(C)=C[C@H]1c2[nH]c3ccccc3c2C[C@H]2C(=O)N3CCC[C@H]3C(=O)N21,349.434,2.933,56.41,1,2,1,2,26,4.0
CHEMBL39373,ANTHRAMYCIN,Cc1ccc2c(c1O)NC(O)C1CC(/C=C/C(N)=O)=CN1C2=O,315.329,0.584,115.89,4,5,2,1,23,1.0
CHEMBL39444,QUINOXALINE,c1ccc2nccnc2c1,130.15,1.63,25.78,0,2,0,2,10,3.0
CHEMBL39469,BENZENE SELENOIC ACID,O=[Se](O)c1ccccc1,189.072,-0.195,37.3,1,1,1,,,3.0
CHEMBL39516,FOSTEDIL,CCOP(=O)(Cc1ccc(-c2nc3ccccc3s2)cc1)OCC,361.403,5.729,48.42,0,5,7,3,24,2.0
CHEMBL39541,DOLASTATIN-10,CC[C@H](C)[C@@H]([C@@H](CC(=O)N1CCC[C@H]1[C@H](OC)[C@@H](C)C(=O)N[C@@H](Cc1ccccc1)c1nccs1)OC)N(C)C(=O)[C@@H](NC(=O)[C@H](C(C)C)N(C)C)C(C)C,785.109,5.19,133.41,2,9,21,2,55,0.0
CHEMBL39560,ACEPROMAZINE,CC(=O)c1ccc2c(c1)N(CCCN(C)C)c1ccccc1S2,326.465,4.444,23.55,0,4,5,2,23,3.0
CHEMBL39569,WEBERINE METHIODIDE,COc1c2c(c(OC)c(OC)c1OC)C[N+](C)(C)CC2.[I-],409.264,-1.142,36.92,0,4,4,1,20,2.0
CHEMBL39664,SELFOTEL,O=C(O)[C@@H]1C[C@H](CP(=O)(O)O)CCN1,223.165,-0.383,106.86,4,3,3,0,14,1.0
CHEMBL39677,ACRIDINE,c1ccc2nc3ccccc3cc2c1,179.222,3.388,12.89,0,1,0,3,14,4.0
CHEMBL39705,ACETOPROXIFAN,CC(=O)c1ccc(COCCCc2c[nH]cn2)cc1,258.321,2.762,54.98,1,3,7,2,19,4.0
CHEMBL39736,BUFORMIN,CCCCNC(=N)NC(=N)N,157.221,-0.206,97.78,5,2,3,0,11,1.0
CHEMBL39763,TRITON X,CC(C)(C)CC(C)(C)c1ccc(OCCO)cc1,250.382,3.772,29.46,1,2,5,1,18,4.0
CHEMBL39861,PELRETIN,CC1=C(/C=C/C(C)=C/C=C/c2ccc(C(=O)O)cc2)C(C)(C)CCC1,336.475,6.427,37.3,1,1,5,1,25,3.0
CHEMBL39879,DIPYRIDYL,c1ccc(-c2ccccn2)nc1,156.188,2.144,25.78,0,2,1,2,12,4.0
CHEMBL39900,SPIPETHIANE,c1ccc(CN2CCC3(CCc4ccccc4S3)CC2)cc1,309.478,4.76,3.24,0,2,2,2,22,3.0
CHEMBL39933,CARABERSAT,CC(=O)c1ccc2c(c1)[C@H](NC(=O)c1ccc(F)cc1)[C@@H](O)C(C)(C)O2,357.381,3.031,75.63,2,4,3,2,26,2.0
CHEMBL39993,MAGNESIUM LITHOSPERMATE B,O=C(/C=C/c1ccc(O)c2c1[C@H](C(=O)O[C@H](Cc1ccc(O)c(O)c1)C(=O)[O-])[C@@H](c1ccc(O)c(O)c1)O2)O[C@H](Cc1ccc(O)c(O)c1)C(=O)[O-].[Mg+2],740.909,0.284,283.7,7,16,12,4,52,0.0
CHEMBL39999,TROVIRDINE,S=C(NCCc1ccccn1)Nc1ccc(Br)cn1,337.246,2.768,49.84,2,3,4,2,19,3.0
CHEMBL40124,PAZELLIPTINE,CCN(CC)CCCNc1nccc2c(C)c3[nH]c4ccncc4c3cc12,361.493,4.717,56.84,2,4,7,4,27,1.0
CHEMBL40275,ALOE-EMODIN,O=C1c2cccc(O)c2C(=O)c2c(O)cc(CO)cc21,270.24,1.365,94.83,3,5,1,2,20,1.0
CHEMBL40294,ANDROSTANE,CC1(O)CC[C@H]2[C@@H]3CC[C@H]4CC(O)CC[C@]4(C)[C@H]3CC[C@@]21C,306.49,4.141,40.46,2,2,0,0,22,2.0
CHEMBL40356,LINOGLIRIDE,CN1CCC/C1=N\C(=N\c1ccccc1)N1CCOCC1,286.379,2.13,40.43,0,2,1,1,21,4.0
CHEMBL40357,ARONIXIL,Cc1cccc(Nc2cc(Cl)nc(NCC(=O)O)n2)c1C,306.753,2.987,87.14,3,5,5,2,21,2.0
CHEMBL40394,CARPROPAMID,CCC1(C(=O)N[C@H](C)c2ccc(Cl)cc2)C(C)C1(Cl)Cl,334.674,4.737,29.1,1,1,4,1,20,3.0
CHEMBL40422,LEUCINE PHOSPHONIC ACID,CC(C)C[C@H](N)P(=O)(O)O,167.145,0.495,83.55,3,2,3,0,10,1.0
CHEMBL40583,3-METHYLCHOLANTHRENE,Cc1ccc2cc3c(ccc4ccccc43)c3c2c1CC3,268.359,5.553,0.0,0,0,0,4,21,3.0
CHEMBL40611,MIDAGLIZOLE,c1ccc(C(CC2=NCCN2)c2ccccn2)cc1,251.333,2.605,37.28,1,3,4,2,19,4.0
CHEMBL40733,DESMETHYLSERTRALINE,N[C@H]1CC[C@@H](c2ccc(Cl)c(Cl)c2)c2ccccc21,292.209,4.919,26.02,1,1,1,2,19,3.0
CHEMBL40823,OXINDOLE,O=C1Cc2ccccc2N1,133.15,1.181,29.1,1,1,0,1,10,3.0
CHEMBL40919,KAEMPFERIDE,COc1ccc(-c2oc3cc(O)cc(O)c3c(=O)c2O)cc1,300.266,2.585,100.13,3,6,2,3,22,2.0
CHEMBL40988,4-NITROPHENYL ACETATE,CC(=O)Oc1ccc([N+](=O)[O-])cc1,181.147,1.52,69.44,0,4,2,1,13,3.0
CHEMBL40991,ZARAGOZIC ACID A,C=C(CCC12OC(C(=O)O)C(O)(C(=O)O)C(C(=O)O)(O1)[C@H](OC(=O)/C=C/[C@@H](C)C[C@@H](C)CC)[C@H]2O)[C@@H](OC(C)=O)[C@H](C)Cc1ccccc1,690.739,2.884,223.42,5,11,17,1,49,1.0
CHEMBL41092,CHRYSOPHANOL,Cc1cc(O)c2c(c1)C(=O)c1cccc(O)c1C2=O,254.241,2.182,74.6,2,4,0,2,19,2.0
CHEMBL41140,6-NITROQUIPAZINE,O=[N+]([O-])c1ccc2nc(N3CCNCC3)ccc2c1,258.281,1.553,71.3,1,5,2,2,19,2.0
CHEMBL41177,SQUAMOCIN,CCCCCC[C@H](O)CCC[C@H](O)[C@H]1CC[C@H]([C@H]2CC[C@H]([C@H](O)CCCCCCCCCCCCC3=C[C@H](C)OC3=O)O2)O1,622.928,7.858,105.45,3,7,25,0,44,0.0
CHEMBL41194,PRATOSARTAN,CCCc1nc2c(n1Cc1ccc(-c3ccccc3-c3nnn[nH]3)cc1)C(=O)CCCC2,426.524,4.64,89.35,1,6,6,4,32,1.0
CHEMBL41286,DIACEREIN,CC(=O)Oc1cccc2c1C(=O)c1c(OC(C)=O)cc(C(=O)O)cc1C2=O,368.297,2.011,124.04,1,7,3,2,27,2.0
CHEMBL41306,CNS-5161,CSc1cccc(N(C)C(=N)Nc2cc(SC)ccc2Cl)c1,351.928,5.267,39.12,2,3,4,2,22,2.0
CHEMBL41342,GERANYL DIPHOSPHATE,CC(C)=CCC/C(C)=C/COP(=O)(O)OP(=O)(O)O,314.211,2.905,113.29,3,4,8,0,19,2.0
CHEMBL41355,EZOGABINE,CCOC(=O)Nc1ccc(NCc2ccc(F)cc2)cc1N,303.337,3.588,76.38,3,4,5,2,22,2.0
CHEMBL41430,CHOLANTHRENE,c1cc2c3c(c4ccc5ccccc5c4cc3c1)CC2,254.332,5.245,0.0,0,0,0,4,20,3.0
CHEMBL41541,METHAPHIT,S=C=Nc1cccc(C2(N3CCCCC3)CCCCC2)c1,300.471,5.066,15.6,0,3,3,1,21,3.0
CHEMBL41632,TIRATRICOL,O=C(O)Cc1cc(I)c(Oc2ccc(O)c(I)c2)c(I)c1,621.934,4.625,66.76,2,3,4,2,21,1.0
CHEMBL41740,CERTONARDOSIDE I2,CO[C@@H]1CO[C@@H](OCC[C@@H](CC[C@@H](C)[C@H]2[C@@H](O)[C@@H](O)[C@@H]3[C@]2(C)CC[C@@H]2[C@@]4(C)CC[C@H](O)[C@H](O)[C@@H]4[C@@H](O)C[C@]23O)C(C)C)[C@H](O)[C@H]1O,658.87,1.193,189.53,8,11,10,0,46,0.0
CHEMBL41763,(+)-MENTHOL,CC1CC[C@H](C(C)C)[C@@H](O)C1,156.269,2.44,20.23,1,1,1,0,11,4.0
CHEMBL41849,DENZIMOL,OC(Cn1ccnc1)c1ccc(CCc2ccccc2)cc1,292.382,3.402,38.05,1,3,6,3,22,4.0
CHEMBL42003,ISOAMYLAMINE,CC(C)CCN,87.166,0.991,26.02,1,1,2,0,6,3.0
CHEMBL42055,E-FLUPENTIXOL,OCCN1CCN(CC/C=C2\c3ccccc3Sc3ccc(C(F)(F)F)cc32)CC1,434.527,4.602,26.71,1,4,5,2,30,2.0
CHEMBL42115,THYROXINE,NC(Cc1cc(I)c(Oc2cc(I)c(O)c(I)c2)c(I)c1)C(=O)O,776.872,4.557,92.78,3,4,5,2,24,0.0
CHEMBL42126,PICLAMILAST,COc1ccc(C(=O)Nc2c(Cl)cncc2Cl)cc1OC1CCCC1,381.259,4.971,60.45,1,4,5,2,25,2.0
CHEMBL42161,MISONIDAZOLE,COCC(O)Cn1ccnc1[N+](=O)[O-],201.182,-0.201,90.42,1,6,5,1,14,2.0
CHEMBL42280,L-ADRENALINE,CNC[C@@H](O)c1ccc(O)c(O)c1,183.207,0.351,72.72,4,4,3,1,13,1.0
CHEMBL42336,METHIONINE,CSCC[C@H](N)C(=O)O,149.215,0.151,63.32,2,3,4,0,9,2.0
CHEMBL42403,BORIC ACID,OB(O)O,61.833,-2.052,60.69,3,3,0,,,2.0
CHEMBL42407,LANEPITANT,COc1ccccc1CN(C[C@@H](Cc1c[nH]c2ccccc12)NC(=O)CN1CCC(N2CCCCC2)CC1)C(C)=O,559.755,4.203,80.91,2,5,11,3,41,0.0
CHEMBL42423,4-Nitrocatechol,O=[N+]([O-])c1ccc(O)c(O)c1,155.109,1.006,83.6,2,4,1,1,11,1.0
CHEMBL42442,OXFENDAZOLE,COC(=O)Nc1nc2cc([S+]([O-])c3ccccc3)ccc2[nH]1,315.354,2.908,90.07,2,4,3,3,22,2.0
CHEMBL42485,DUP-697,CS(=O)(=O)c1ccc(-c2cc(Br)sc2-c2ccc(F)cc2)cc1,411.317,5.387,34.14,0,3,3,3,23,2.0
CHEMBL42583,SAMPATRILAT,CS(=O)(=O)N[C@@H](CCCCN)C(=O)NC[C@H](CC1(C(=O)N[C@@H](Cc2ccc(O)cc2)C(=O)O)CCCC1)C(=O)O,584.692,0.318,225.22,7,8,17,1,40,0.0
CHEMBL42624,PHYSCION,COc1cc(O)c2c(c1)C(=O)c1cc(C)cc(O)c1C2=O,284.267,2.19,83.83,2,5,1,2,21,2.0
CHEMBL42641,PROXICROMIL,CCCc1c2c(c(O)c3c(=O)cc(C(=O)O)oc13)CCCC2,302.326,3.028,87.74,2,4,3,2,22,2.0
CHEMBL42710,EUGENOL,C=CCc1ccc(O)c(OC)c1,164.204,2.129,29.46,1,2,3,1,12,4.0
CHEMBL42743,TYLOSIN,CC[C@H]1OC(=O)C[C@@H](O)[C@H](C)[C@@H](O[C@@H]2O[C@H](C)[C@@H](O[C@H]3C[C@@](C)(O)[C@@H](O)[C@H](C)O3)[C@H](N(C)C)[C@H]2O)[C@@H](CC=O)C[C@@H](C)C(=O)/C=C/C(C)=C/[C@@H]1CO[C@@H]1O[C@H](C)[C@@H](O)[C@@H](OC)[C@H]1OC,916.112,1.834,238.67,5,18,13,0,64,0.0
CHEMBL42965,METHYL PIPERATE,COC(=O)/C=C/C=C/c1ccc2c(c1)OCO2,232.235,2.158,44.76,0,4,3,1,17,4.0
CHEMBL43048,MIDOMAFETAMINE,CNC(C)Cc1ccc2c(c1)OCO2,193.246,1.566,30.49,1,3,3,1,14,3.0
CHEMBL43064,CINNARIZINE,C(=C/c1ccccc1)\CN1CCN(C(c2ccccc2)c2ccccc2)CC1,368.524,5.107,6.48,0,2,6,3,28,2.0
CHEMBL43065,OXYRESVERATROL,Oc1cc(O)cc(/C=C/c2ccc(O)cc2O)c1,244.246,2.679,80.92,4,4,2,2,18,2.0
CHEMBL43068,VALINE,CC(C)[C@H](N)C(=O)O,117.148,0.054,63.32,2,2,2,0,8,2.0
CHEMBL43128,PRIMAQUINE PHOSPHATE,COc1cc(NC(C)CCCN)c2ncccc2c1.O=P(O)(O)O.O=P(O)(O)O,455.341,0.926,215.69,8,6,6,2,19,0.0
CHEMBL43175,ANTHRANILAMIDE,NC(=O)c1ccccc1N,136.154,0.368,69.11,2,2,1,1,10,2.0
CHEMBL43184,AMINACRINE,Nc1c2ccccc2nc2ccccc12,194.237,2.97,38.91,1,2,0,3,15,4.0
CHEMBL43185,PIPERINE,O=C(/C=C/C=C/c1ccc2c(c1)OCO2)N1CCCCC1,285.343,2.997,38.77,0,3,3,1,21,4.0
CHEMBL43280,METHYLAMINE,CN,31.058,-0.425,26.02,1,1,0,0,2,3.0
CHEMBL43452,POMALIDOMIDE,Nc1cccc2c1C(=O)N(C1CCC(=O)NC1=O)C2=O,273.248,-0.33,109.57,2,5,1,1,20,1.0
CHEMBL43469,ASARININ,c1cc2c(cc1[C@H]1OC[C@H]3[C@@H]1CO[C@H]3c1ccc3c(c1)OCO3)OCO2,354.358,3.219,55.38,0,6,2,2,26,4.0
CHEMBL43482,MITONAFIDE,CN(C)CCN1C(=O)c2cccc3cc([N+](=O)[O-])cc(c23)C1=O,313.313,1.906,83.76,0,5,4,2,23,2.0
CHEMBL43612,JUGLONE,O=C1C=CC(=O)c2c(O)cccc21,174.155,1.327,54.37,1,3,0,1,13,3.0
CHEMBL43686,HYDROCHLORTHIAZIDE,Cl.c1cscn1,121.592,1.565,12.89,0,2,0,1,5,3.0
CHEMBL43708,IMIPENEM,C[C@@H](O)[C@H]1C(=O)N2C(C(=O)O)=C(SCCNC=N)C[C@H]12.O,317.367,-1.001,145.22,4,5,7,0,20,1.0
CHEMBL43719,HEPTYLFORMAMIDE,CCCCCCCNC=O,143.23,1.703,29.1,1,1,7,0,10,3.0
CHEMBL43871,TIGOGENIN,C[C@@H]1CC[C@@]2(OC1)O[C@H]1C[C@H]3[C@@H]4CC[C@H]5C[C@@H](O)CC[C@]5(C)[C@H]4CC[C@]3(C)[C@H]1[C@@H]2C,416.646,5.794,38.69,1,3,0,0,30,2.0
CHEMBL44041,PREGNANE,C[C@H](O)[C@H]1CC[C@H]2[C@@H]3CC[C@H]4C[C@@H](O)CC[C@]4(C)[C@H]3CC[C@]12C,320.517,4.387,40.46,2,2,1,0,23,2.0
CHEMBL44072,ENDRIN,ClC1=C(Cl)C2(Cl)C3C4CC(C5OC45)C3C1(Cl)C2(Cl)Cl,380.913,4.481,12.53,0,1,0,0,19,2.0
CHEMBL44083,BIS(ETHYL)NORSPERMINE,CCNCCCNCCCNCCCNCC,244.427,0.555,48.12,4,4,14,0,17,2.0
CHEMBL44115,ETHYL PROPIONATE,CCOC(=O)CC,102.133,0.96,26.3,0,2,2,0,7,3.0
CHEMBL44125,HECOGENIN,C[C@@H]1CC[C@@]2(OC1)O[C@H]1C[C@H]3[C@@H]4CC[C@@]5(C)C[C@@H](O)CC[C@]5(C)[C@H]4CC(=O)[C@]3(C)[C@H]1[C@@H]2C,444.656,5.363,55.76,1,4,0,0,32,2.0
CHEMBL44201,BIPHENYL-4-AMINE,Nc1ccc(-c2ccccc2)cc1,169.227,2.936,26.02,1,1,1,2,13,4.0
CHEMBL44215,ETHOXYCARBONYL GROUP,CCOC=O,74.079,0.179,26.3,0,2,2,0,5,3.0
CHEMBL44228,"1,3,5-TRICHLOROBENZENE",Clc1cc(Cl)cc(Cl)c1,181.449,3.647,0.0,0,0,0,1,9,4.0
CHEMBL44237,EPIDEPRIDE,CCN1CCC[C@H]1CNC(=O)c1cc(I)cc(OC)c1OC,418.275,2.523,50.8,1,4,6,1,22,3.0
CHEMBL44247,EMODIN TRIACETATE,CC(=O)Oc1cc(OC(C)=O)c2c(c1)C(=O)c1cc(C)cc(OC(C)=O)c1C2=O,396.351,2.546,113.04,0,8,3,2,29,2.0
CHEMBL44354,CEFTAZIDIME,CC(C)(O/N=C(\C(=O)N[C@@H]1C(=O)N2C(C(=O)[O-])=C(C[n+]3ccccc3)CS[C@H]12)c1csc(N)n1)C(=O)O,546.587,-1.299,191.22,3,11,9,2,37,0.0
CHEMBL44426,PIPENDOXIFENE,Cc1c(-c2ccc(O)cc2)n(Cc2ccc(OCCN3CCCCC3)cc2)c2ccc(O)cc12,456.586,5.941,57.86,2,5,7,4,34,1.0
CHEMBL44509,"(E)-3,4,3',5'-TETRAMETHOXYSTILBENE",COc1cc(/C=C/c2ccc(OC)c(OC)c2)cc(OC)c1,300.354,3.891,36.92,0,4,6,2,22,4.0
CHEMBL44541,MERIDIANIN C,Nc1nccc(-c2c[nH]c3ccc(Br)cc23)n1,289.136,2.97,67.59,2,3,1,3,17,3.0
CHEMBL44545,MERIDIANIN B,Nc1nccc(-c2c[nH]c3cc(Br)cc(O)c23)n1,305.135,2.675,87.82,3,4,1,3,18,2.0
CHEMBL44618,CHLOROFORM,ClC(Cl)Cl,119.378,1.986,0.0,0,0,0,0,4,3.0
CHEMBL44628,PENTACHLOROBENZENE,Clc1cc(Cl)c(Cl)c(Cl)c1Cl,250.339,4.954,0.0,0,0,0,1,11,3.0
CHEMBL44657,ETOPOSIDE,COc1cc([C@@H]2c3cc4c(cc3[C@@H](O[C@@H]3O[C@@H]5CO[C@@H](C)O[C@H]5[C@H](O)[C@H]3O)[C@H]3COC(=O)[C@H]23)OCO4)cc(OC)c1O,588.562,1.339,160.83,3,13,5,2,42,0.0
CHEMBL44658,AMYLENE HYDRATE,CCC(C)(C)O,88.15,1.167,20.23,1,1,1,0,6,3.0
CHEMBL44746,KHELLIN,COc1c2occc2c(OC)c2c(=O)cc(C)oc12,260.245,2.865,61.81,0,5,2,3,19,4.0
CHEMBL44752,METHYL P-TOLUENESULFONYL-L-ARGININATE,COC(=O)[C@H](CCCNC(=N)N)NS(=O)(=O)c1ccc(C)cc1,342.421,0.078,134.37,4,5,8,1,23,1.0
CHEMBL44793,GAVESTINEL,O=C(/C=C/c1c(C(=O)O)[nH]c2cc(Cl)cc(Cl)c12)Nc1ccccc1,375.211,4.825,82.19,3,2,4,3,25,0.0
CHEMBL44814,CARBON TETRACHLORIDE,ClC(Cl)(Cl)Cl,153.823,2.553,0.0,0,0,0,0,5,4.0
CHEMBL44857,ACETIC ACID PROPYL ESTER,CCCOC(C)=O,102.133,0.96,26.3,0,2,2,0,7,3.0
CHEMBL44884,ETHAMBUTOL,CC[C@@H](CO)NCCN[C@@H](CC)CO,204.314,-0.293,64.52,4,4,9,0,14,2.0
CHEMBL44955,CLOPIPAZAN,CN1CCC(=C2c3ccccc3Oc3ccc(Cl)cc32)CC1,311.812,4.973,12.47,0,2,0,2,22,3.0
CHEMBL45005,O-XYLENE,Cc1ccccc1C,106.168,2.303,0.0,0,0,0,1,8,4.0
CHEMBL45024,METHIOSULFONIUM,C[S+](C)CC[C@H](N)C(=O)O,164.25,-0.334,63.32,2,2,4,0,10,2.0
CHEMBL45029,MEPHOBARBITAL,CCC1(c2ccccc2)C(=O)NC(=O)N(C)C1=O,246.266,1.043,66.48,1,3,2,1,18,3.0
CHEMBL45065,2-PENTANOL,CCCC(C)O,88.15,1.167,20.23,1,1,2,0,6,3.0
CHEMBL45068,PHLORETIN,O=C(CCc1ccc(O)cc1)c1c(O)cc(O)cc1O,274.272,2.325,97.99,4,5,4,2,20,2.0
CHEMBL45176,VISNAGIN,COc1c2ccoc2cc2oc(C)cc(=O)c12,230.219,2.856,52.58,0,4,1,3,17,4.0
CHEMBL45211,ACETONITRILE,CC#N,41.053,0.53,23.79,0,1,0,0,3,3.0
CHEMBL45244,"PD-168,077",Cc1cccc(C(=O)NCN2CCN(c3ccccc3C#N)CC2)c1,334.423,2.376,59.37,1,4,4,2,25,4.0
CHEMBL45305,BEFIRADOL,Cc1ccc(CNCC2(F)CCN(C(=O)c3ccc(F)c(Cl)c3)CC2)nc1,393.865,3.917,45.23,1,3,5,2,27,3.0
CHEMBL45425,2-HEXANOL,CCCCC(C)O,102.177,1.557,20.23,1,1,3,0,7,3.0
CHEMBL45432,TARTRONATE SEMIALDEHYDE PHOSPHATE,O=CC(O)C(=O)OP(=O)(O)O,184.04,-1.818,121.13,3,5,3,0,11,1.0
CHEMBL45462,BUTANOL,CCC(C)O,74.123,0.777,20.23,1,1,1,0,5,3.0
CHEMBL45627,CERULENIN,C/C=C/C/C=C/CCC(=O)[C@H]1O[C@H]1C(N)=O,223.272,1.111,72.69,1,3,7,0,16,2.0
CHEMBL45669,CHONDRIAMIDE A,O=C(/C=C/c1c[nH]c2ccccc12)N/C=C/c1c[nH]c2ccccc12,327.387,4.45,60.68,3,1,4,4,25,2.0
CHEMBL45686,PANAMESINE,COc1ccc(N2C[C@H](CN3CCC(O)(c4ccc5c(c4)OCO5)CC3)OC2=O)cc1,426.469,2.733,80.7,1,7,5,2,31,2.0
CHEMBL45816,MIBEFRADIL,COCC(=O)O[C@]1(CCN(C)CCCc2nc3ccccc3[nH]2)CCc2cc(F)ccc2[C@@H]1C(C)C,495.639,5.271,67.45,1,5,11,3,36,2.0
CHEMBL45830,MILTIRONE,CC(C)C1=Cc2ccc3c(c2C(=O)C1=O)CCCC3(C)C,282.383,4.105,34.14,0,2,1,1,21,3.0
CHEMBL45844,CYCLOBUTYL(CYCLOPENTYL)FORMAMIDE,O=CN(C1CCCC1)C1CCC1,167.252,1.94,20.31,0,1,3,0,12,3.0
CHEMBL45857,"BETULIN-3,28-DIOXIME",C=C(C)[C@@H]1CC[C@]2(/C=N/O)CC[C@]3(C)[C@H](CC[C@@H]4[C@@]5(C)CC/C(=N\O)C(C)(C)[C@@H]5CC[C@]43C)[C@@H]12,468.726,7.934,65.18,2,4,2,0,34,1.0
CHEMBL45967,METHYLENE CHLORIDE,ClCCl,84.933,1.422,0.0,0,0,0,0,3,3.0
CHEMBL46058,ETHYL CHLORIDE,CCCl,64.515,1.245,0.0,0,0,0,0,3,3.0
CHEMBL46102,ROXATIDINE ACETATE,CC(=O)OCC(=O)NCCCOc1cccc(CN2CCCCC2)c1,348.443,2.121,67.87,1,5,9,1,25,4.0
CHEMBL46136,BROMOACETYL ALPRENOLOL MENTHANE,C=CCc1ccccc1OCC(O)CNC1(C)CCC(C(C)(C)NC(=O)CBr)CC1,481.475,3.983,70.59,3,4,11,1,30,1.0
CHEMBL46198,ARAGILAMIDE,CCC(C)CC(C(=O)N/C=C\c1c[nH]c2ccccc12)N(C)Cc1ccc(O)cc1,405.542,4.897,68.36,3,3,9,3,30,1.0
CHEMBL46257,PUTRESCINE,NCCCCN,88.154,-0.316,52.04,2,2,3,0,6,2.0
CHEMBL46286,OMACETAXINE MEPESUCCINATE,COC(=O)C[C@](O)(CCCC(C)(C)O)C(=O)O[C@@H]1C(OC)=C[C@]23CCCN2CCc2cc4c(cc2[C@H]13)OCO4,545.629,2.581,123.99,2,10,9,1,39,1.0
CHEMBL46294,DIHYDROFOLIC ACID,Nc1nc(=O)c2c([nH]1)NCC(CNc1ccc(C(=O)N[C@@H](CCC(=O)O)C(=O)O)cc1)=N2,443.42,0.01,211.89,7,9,9,2,32,0.0
CHEMBL46399,PHENAZOCINE,CC1C2Cc3ccc(O)cc3C1(C)CCN2CCc1ccccc1,321.464,4.159,23.47,1,2,3,2,24,3.0
CHEMBL46403,STEARIC ACID,CCCCCCCCCCCCCCCCCC(=O)O,284.484,6.333,37.3,1,1,16,0,20,3.0
CHEMBL46423,NEVANIMIBE,CC(C)c1cccc(C(C)C)c1NC(=O)NCC1(c2ccc(N(C)C)cc2)CCCC1,421.629,6.633,44.37,2,2,7,2,31,1.0
CHEMBL46440,MERIDIANIN D,Nc1nccc(-c2c[nH]c3cc(Br)ccc23)n1,289.136,2.97,67.59,2,3,1,3,17,3.0
CHEMBL46469,ANTHRALIN,O=C1c2c(O)cccc2Cc2cccc(O)c21,226.231,2.233,57.53,2,3,0,2,17,3.0
CHEMBL46477,DECAN-2-OL,CCCCCCCCC(C)O,158.285,3.118,20.23,1,1,7,0,11,4.0
CHEMBL46486,TETRAMETHYLAMMONIUM ION,C[N+](C)(C)C,74.147,0.322,0.0,0,0,0,0,5,3.0
CHEMBL46516,FLUSPIRILENE,O=C1NCN(c2ccccc2)C12CCN(CCCC(c1ccc(F)cc1)c1ccc(F)cc1)CC2,475.583,5.305,35.58,1,3,7,3,35,2.0
CHEMBL46547,SARMAZENIL,CCOC(=O)c1ncn2c1CN(C)C(=O)c1c(Cl)cccc1-2,319.748,2.288,64.43,0,5,2,2,22,4.0
CHEMBL46618,OTAMIXABAN,COC(=O)[C@H](Cc1cccc(C(=N)N)c1)[C@@H](C)NC(=O)c1ccc(-c2cc[n+]([O-])cc2)cc1,446.507,2.421,132.21,3,5,8,3,33,1.0
CHEMBL46678,HEXAN-3-OL,CCCC(O)CC,102.177,1.557,20.23,1,1,3,0,7,3.0
CHEMBL46730,PHENANTHRENE,c1ccc2c(c1)ccc1ccccc12,178.234,3.993,0.0,0,0,0,3,14,4.0
CHEMBL46740,BAZEDOXIFENE,Cc1c(-c2ccc(O)cc2)n(Cc2ccc(OCCN3CCCCCC3)cc2)c2ccc(O)cc12,470.613,6.331,57.86,2,5,7,4,35,1.0
CHEMBL46765,BEMORADAN,CC1CC(=O)NN=C1c1ccc2c(c1)OCC(=O)N2,259.265,0.878,79.79,2,4,1,1,19,1.0
CHEMBL46778,CYCLOHEXYLFORMAMIDE,O=CNC1CCCCC1,127.187,1.065,29.1,1,1,2,0,9,3.0
CHEMBL46803,BISNAFIDE DIMESYLATE,CS(=O)(=O)O.CS(=O)(=O)O.C[C@H](CNCCNC[C@@H](C)N1C(=O)c2cccc3cc([N+](=O)[O-])cc(c23)C1=O)N1C(=O)c2cccc3cc([N+](=O)[O-])cc(c23)C1=O,816.824,2.666,293.84,4,14,11,4,46,1.0
CHEMBL46874,PINAFIDE,O=C1c2cccc3cc([N+](=O)[O-])cc(c23)C(=O)N1CCN1CCCC1,339.351,2.44,83.76,0,5,4,2,25,3.0
CHEMBL46917,CARBARIL,CNC(=O)Oc1cccc2ccccc12,201.225,2.558,38.33,1,2,1,2,15,4.0
CHEMBL46931,ORTHOCRESOL,Cc1ccccc1O,108.14,1.701,20.23,1,1,0,1,8,3.0
CHEMBL46999,ACETIC ACID ISOBUTYL ESTER,CC(=O)OCC(C)C,116.16,1.206,26.3,0,2,2,0,8,3.0
CHEMBL47037,Combretastatin A-2,COc1ccc(/C=C\c2cc(OC)c3c(c2)OCO3)cc1O,300.31,3.309,57.15,1,5,4,2,22,4.0
CHEMBL47050,PENFLURIDOL,OC1(c2ccc(Cl)c(C(F)(F)F)c2)CCN(CCCC(c2ccc(F)cc2)c2ccc(F)cc2)CC1,523.973,7.533,23.47,1,2,7,3,36,2.0
CHEMBL47072,KETOBEMIDONE,CCC(=O)C1(c2cccc(O)c2)CCN(C)CC1,247.338,2.335,40.54,1,3,3,1,18,4.0
CHEMBL47100,3-PENTANOL,CCC(O)CC,88.15,1.167,20.23,1,1,2,0,6,3.0
CHEMBL47127,2-DECANONE,CCCCCCCCC(C)=O,156.269,3.326,17.07,0,1,7,0,11,4.0
CHEMBL47181,PHOSPHOGLYCOLIC ACID,O=C(O)COP(=O)(O)O,156.03,-0.82,104.06,3,3,3,0,9,1.0
CHEMBL47244,PICROTOXININ,C=C(C)[C@@H]1[C@H]2OC(=O)[C@@H]1[C@]1(O)C[C@H]3O[C@]34C(=O)O[C@H]2[C@]14C,292.287,-0.062,85.36,1,6,1,0,21,2.0
CHEMBL47258,"1,1,2,2-TETRACHLOROETHANE",ClC(Cl)C(Cl)Cl,167.85,2.594,0.0,0,0,1,0,6,4.0
CHEMBL47259,BUTYL CHLORIDE,CCCCCl,92.569,2.025,0.0,0,0,2,0,5,4.0
CHEMBL47298,TILORONE,CCN(CC)CCOc1ccc2c(c1)C(=O)c1cc(OCCN(CC)CC)ccc1-2,410.558,4.339,42.01,0,5,12,2,30,2.0
CHEMBL47386,EPIGALLOCATECHIN,Oc1cc(O)c2c(c1)O[C@H](c1cc(O)c(O)c(O)c1)[C@H](O)C2,306.27,1.252,130.61,6,7,1,2,22,1.0
CHEMBL47405,ETANIDAZOLE,O=C(Cn1ccnc1[N+](=O)[O-])NCCO,214.181,-1.1,110.29,2,6,5,1,15,1.0
CHEMBL47769,ACETIC ACID PENTYL ESTER,CCCCCOC(C)=O,130.187,1.74,26.3,0,2,4,0,9,3.0
CHEMBL47814,DIMETHYLPHENYLPIPERAZINIUM IODIDE,C[N+]1(C)CCN(c2ccccc2)CC1.[I-],318.202,-1.413,3.24,0,1,1,1,14,3.0
CHEMBL47899,TRISNORSQUALENE ALCOHOL,CC(C)=CCC/C(C)=C/CC/C(C)=C/CC/C=C(\C)CC/C=C(\C)CCCO,386.664,8.631,20.23,1,1,15,0,28,2.0
CHEMBL47903,DL-DITHIOTHREITOL,OC(CS)C(O)CS,154.256,-0.432,40.46,4,4,3,0,8,2.0
CHEMBL47955,EPEREZOLID,CC(=O)NC[C@H]1CN(c2ccc(N3CCN(C(=O)CO)CC3)c(F)c2)C(=O)O1,394.403,-0.072,102.42,2,6,5,1,28,0.0
CHEMBL47986,ERBSTATIN,O=CN/C=C/c1cc(O)ccc1O,179.175,0.814,69.56,3,3,3,1,13,2.0
CHEMBL48092,PIRMAGREL,O=C(O)CCCCCc1cccc2cncn12,232.283,2.522,54.6,1,3,6,2,17,4.0
CHEMBL48166,HOMIDIUM,CC[n+]1c(-c2ccccc2)c2cc(N)ccc2c2ccc(N)cc21,314.412,4.132,55.92,2,2,2,4,24,2.0
CHEMBL48217,DAPI,N=C(N)c1ccc(-c2cc3ccc(C(=N)N)cc3[nH]2)cc1,277.331,2.403,115.53,5,2,3,3,21,2.0
CHEMBL48257,HEMIACYLCARNITINIUM,CCCCCCCCCCCCCCC[C@@]1(O)C[N+](C)(C)C[C@@H](CC(=O)[O-])O1,399.616,3.772,69.59,1,4,16,0,28,3.0
CHEMBL48310,HINOKITIOL,CC(C)c1cccc(=O)c(O)c1,164.204,1.876,37.3,1,2,1,1,12,3.0
CHEMBL48339,BROMOMETHANE,CBr,94.939,1.011,0.0,0,0,0,0,2,3.0
CHEMBL48361,DABIGATRAN,Cn1c(CNc2ccc(C(=N)N)cc2)nc2cc(C(=O)N(CCC(=O)O)c3ccccn3)ccc21,471.521,2.986,150.22,4,7,9,4,35,1.0
CHEMBL48396,ACEDIASULFONE,Nc1ccc(S(=O)(=O)c2ccc(NCC(=O)O)cc2)cc1,306.343,1.598,109.49,3,5,5,2,21,1.0
CHEMBL48449,CANTHARIDIN,C[C@@]12C(=O)OC(=O)[C@]1(C)[C@H]1CC[C@@H]2O1,196.202,0.644,52.6,0,4,0,0,14,3.0
CHEMBL48582,SAFINAMIDE MESYLATE,CS(=O)(=O)O.C[C@H](NCc1ccc(OCc2cccc(F)c2)cc1)C(N)=O,398.456,1.872,118.72,3,5,7,2,22,0.0
CHEMBL48802,SULFORAPHANE,C[S+]([O-])CCCCN=C=S,177.294,1.248,35.42,0,3,5,0,10,3.0
CHEMBL48880,ASULACRINE,CNC(=O)c1cccc2c(Nc3ccc(NS(C)(=O)=O)cc3OC)c3cccc(C)c3nc12,464.547,4.18,109.42,3,6,6,4,33,0.0
CHEMBL48977,Diethylcarbamazine,CC/N=C(/CC)NN/C(CC)=N/CC,198.314,1.737,48.78,2,2,4,0,14,2.0
CHEMBL49035,CROMAKALIM,CC1(C)Oc2ccc(C#N)cc2C(N2CCCC2=O)C1O,286.331,1.754,73.56,1,4,1,1,21,2.0
CHEMBL49080,CLENBUTEROL,CC(C)(C)NCC(O)c1cc(Cl)c(N)c(Cl)c1,277.195,2.997,58.28,3,3,3,1,17,3.0
CHEMBL49120,PD-0166285,CCN(CC)CCOc1ccc(Nc2ncc3cc(-c4c(Cl)cccc4Cl)c(=O)n(C)c3n2)cc1,512.441,5.767,72.28,1,7,9,4,35,1.0
CHEMBL49269,CYCLORPHAN,Oc1ccc2c(c1)[C@@]13CCCC[C@H]1[C@@H](C2)N(CC1CC1)CC3,297.442,3.861,23.47,1,2,2,1,22,4.0
CHEMBL49274,DINACTIN,CC[C@H]1C[C@@H]2CC[C@@H](O2)[C@@H](C)C(=O)O[C@H](C)C[C@H]2CC[C@H](O2)[C@H](C)C(=O)O[C@@H](CC)C[C@@H]2CC[C@@H](O2)[C@@H](C)C(=O)O[C@H](C)C[C@H]2CC[C@H](O2)[C@H](C)C(=O)O1,764.994,6.802,142.12,0,12,2,0,54,1.0
CHEMBL49282,(S)-TEMAFLOXACIN,C[C@@H]1CN(c2cc3c(cc2F)c(=O)c(C(=O)O)cn3-c2ccc(F)cc2F)CCN1,417.387,2.904,74.57,2,5,3,3,30,1.0
CHEMBL49338,DIFLUBENZURON,O=C(NC(=O)c1c(F)cccc1F)Nc1ccc(Cl)cc1,310.687,3.58,58.2,2,2,2,2,21,3.0
CHEMBL49429,LIXIVAPTAN,Cc1ccc(F)cc1C(=O)Nc1ccc(C(=O)N2Cc3cccn3Cc3ccccc32)c(Cl)c1,473.935,6.05,54.34,1,3,3,4,34,2.0
CHEMBL49442,AMETANTRONE,O=C1c2ccccc2C(=O)c2c(NCCNCCO)ccc(NCCNCCO)c21,412.49,0.45,122.72,6,8,12,2,30,0.0
CHEMBL49563,alpha-TOCHOPHEROL,Cc1c(C)c2c(c(C)c1O)CCC(C)(CCCC(C)CCCC(C)CCCC(C)C)O2,430.717,8.84,29.46,1,2,12,1,31,2.0
CHEMBL49623,"(R,S)-IFENPRODIL",C[C@@H]([C@H](O)c1ccc(O)cc1)N1CCC(Cc2ccccc2)CC1,325.452,3.769,43.7,2,3,5,2,24,3.0
CHEMBL49642,INDIBULIN,O=C(Nc1ccncc1)C(=O)c1cn(Cc2ccc(Cl)cc2)c2ccccc12,389.842,4.559,63.99,1,4,5,4,28,2.0
CHEMBL49689,THYMELEATOXIN,C=C(C)[C@@]12OC3(c4ccccc4)O[C@@H]1[C@@H]1C4O[C@]4(CO)[C@@H](O)[C@]4(O)C(=O)C(C)=C[C@H]4[C@@]1(O3)[C@H](C)[C@H]2OC(=O)/C=C/c1ccccc1,628.674,2.568,144.28,3,10,6,2,46,1.0
CHEMBL49732,HERNIARIN,COc1ccc2ccc(=O)oc2c1,176.171,1.802,39.44,0,3,1,2,13,3.0
CHEMBL49897,IODOPRIDE,CCN1CCC[C@H]1CNC(=O)c1cc(I)ccc1OC,388.249,2.514,41.57,1,3,5,1,20,3.0
CHEMBL49923,6-DEMETHYL-6-N-PENTYLMITOMYCIN A,CCCCCC1=C(OC)C(=O)C2=C(C1=O)N1C[C@@H]3N[C@@H]3[C@]1(OC)[C@@H]2COC(N)=O,405.451,0.597,130.1,2,8,8,0,29,0.0
CHEMBL49935,ARISTEROMYCIN,Nc1ncnc2c1ncn2[C@@H]1C[C@H](CO)[C@@H](O)[C@H]1O,265.273,-1.316,130.31,4,8,2,2,19,1.0
CHEMBL49943,FENPIPRANE,c1ccc(C(CCN2CCCCC2)c2ccccc2)cc1,279.427,4.695,3.24,0,1,5,2,21,3.0
CHEMBL50134,DEOXYLOPHOTOXIN,C=C(C)[C@@H]1Cc2oc(cc2C=O)[C@@H]2O[C@@]2(C)C[C@@H]2C=C(C(=O)O2)[C@@H](OC(C)=O)C1,400.427,3.234,95.34,0,7,3,1,29,2.0
CHEMBL50154,IODOAZIDOCLEBOPRIDE,COc1cc(N=[N+]=[N-])c(I)cc1C(=O)NC1CCN(Cc2ccccc2)CC1,491.333,4.636,90.33,1,4,6,2,28,1.0
CHEMBL50262,DITIOMUSTINE,O=NN(CCCl)C(=O)NCCSSCCNC(=O)N(CCCl)N=O,421.332,2.231,123.54,2,8,13,0,24,1.0
CHEMBL50300,FOSFONET,O=C(O)CP(=O)(O)O,140.031,-0.751,94.83,3,2,2,0,8,1.0
CHEMBL50378,EHNA,CCCCCC[C@@H]([C@@H](C)O)n1cnc2c(N)ncnc21,277.372,2.301,89.85,2,6,7,2,20,2.0
CHEMBL50444,MEGLUTOL,CC(O)(CC(=O)O)CC(=O)O,162.141,-0.313,94.83,3,3,4,0,11,1.0
CHEMBL50472,FENMETOZOLE,Clc1ccc(OCC2=NCCN2)cc1Cl,245.109,2.374,33.62,1,3,3,1,15,4.0
CHEMBL50498,MERIDIANIN A,Nc1nccc(-c2c[nH]c3cccc(O)c23)n1,226.239,1.913,87.82,3,4,1,3,17,1.0
CHEMBL50588,EMETINE,CC[C@H]1CN2CCc3cc(OC)c(OC)cc3[C@@H]2C[C@@H]1C[C@H]1NCCc2cc(OC)c(OC)cc21,480.649,4.943,52.19,1,6,7,2,35,2.0
CHEMBL50636,M-FLUOROPHENYLALANINE,NC(Cc1cccc(F)c1)C(=O)O,183.182,0.78,63.32,2,2,3,1,13,2.0
CHEMBL50882,TIRAPAZAMINE,Nc1n[n+]([O-])c2ccccc2[n+]1[O-],178.151,-0.916,92.79,1,4,0,2,13,2.0
CHEMBL50894,ALSTERPAULLONE,O=C1Cc2c([nH]c3ccc([N+](=O)[O-])cc23)-c2ccccc2N1,293.282,3.238,88.03,2,3,1,3,22,2.0
CHEMBL51085,EBSELEN,O=c1c2ccccc2[se]n1-c1ccccc1,274.181,2.048,22.0,0,2,1,,,4.0
CHEMBL51149,GALLOPAMIL,COc1ccc(CCN(C)CCCC(C#N)(c2cc(OC)c(OC)c(OC)c2)C(C)C)cc1OC,484.637,5.102,73.18,0,7,14,2,35,1.0
CHEMBL51222,6-DEMETHYL-6-N-NONADECYLMITOMYCIN A,CCCCCCCCCCCCCCCCCCCC1=C(OC)C(=O)C2=C(C1=O)N1C[C@@H]3N[C@@H]3[C@]1(OC)[C@@H]2COC(N)=O,601.829,6.058,130.1,2,8,22,0,43,0.0
CHEMBL51396,ROLZIRACETAM,O=C1CCC2CCC(=O)N12,139.154,0.298,37.38,0,2,0,0,10,3.0
CHEMBL51440,6-BENZYL-6-DEMETHYLMITOMYCIN B,COC1=C(Cc2ccccc2)C(=O)C2=C(C1=O)[C@H](COC(N)=O)[C@@]1(O)[C@@H]3[C@H](CN21)N3C,425.441,-0.053,122.17,2,8,5,1,31,0.0
CHEMBL51483,GOSSYPOL,Cc1cc2c(C(C)C)c(O)c(O)c(C=O)c2c(O)c1-c1c(C)cc2c(C(C)C)c(O)c(O)c(C=O)c2c1O,518.562,6.382,155.52,6,8,5,4,38,0.0
CHEMBL51620,PIRIQUALONE,Cc1ccccc1-n1c(/C=C/c2ccccn2)nc2ccccc2c1=O,339.398,4.26,47.78,0,4,3,4,26,3.0
CHEMBL51628,UMBELLIFERONE,O=c1ccc2ccc(O)cc2o1,162.144,1.499,50.44,1,3,0,2,12,3.0
CHEMBL51789,QUIZALOFOP,CC(Oc1ccc(Oc2cnc3cc(Cl)ccc3n2)cc1)C(=O)O,344.754,3.927,81.54,1,5,5,3,24,3.0
CHEMBL51910,GEVOTROLINE,Fc1ccc2[nH]c3c(c2c1)CN(CCCc1cccnc1)CC3,309.388,3.693,31.92,1,2,4,3,23,4.0
CHEMBL51931,"9,10-PHENANTHRENEQUINONE",O=C1C(=O)c2ccccc2-c2ccccc21,208.216,2.733,34.14,0,2,0,2,16,4.0
CHEMBL51934,VELNACRINE,Nc1c2c(nc3ccccc13)CCCC2O,214.268,2.187,59.14,2,3,0,2,16,3.0
CHEMBL51969,PHENYLALANINE METHYL ESTER,COC(=O)[C@@H](N)Cc1ccccc1,179.219,0.729,52.32,1,3,3,1,13,3.0
CHEMBL52011,THIODIGALACTOSIDE,OC[C@H]1O[C@@H](S[C@@H]2O[C@H](CO)[C@H](O)[C@H](O)[C@H]2O)[C@H](O)[C@@H](O)[C@H]1O,358.365,-4.681,180.3,8,11,4,0,23,1.0
CHEMBL52084,ACRYLIC ACID ETHYL ESTER,C=CC(=O)OCC,100.117,0.735,26.3,0,2,2,0,7,3.0
CHEMBL52091,CYCLOBUTOIC ACID,CC(O)(CC(=O)O)C1CCCCC1,186.251,1.792,57.53,2,2,3,0,13,2.0
CHEMBL52115,CIPROFOLXACIN,O=C(O)c1cn(C2CC2)c2cc(N3CCC(NN4CCNCC4)C3)c(F)cc2c1=O,415.469,1.162,89.84,3,7,5,2,30,0.0
CHEMBL52125,CHLORPROETHAZINE,CCN(CC)CCCN1c2ccccc2Sc2ccc(Cl)cc21,346.927,5.675,6.48,0,3,6,2,23,3.0
CHEMBL52229,OSTHOLE,COc1ccc2ccc(=O)oc2c1CC=C(C)C,244.29,3.31,39.44,0,3,3,2,18,4.0
CHEMBL52247,TALSUPRAM,CNCCCC1(c2ccccc2)SC(C)(C)c2ccccc21,311.494,4.912,12.03,1,2,5,2,22,3.0
CHEMBL52251,(OCTYLAMINO)METHYLENEDIPHOSPHONIC ACID,CCCCCCCCNC(P(=O)(O)O)P(=O)(O)O,303.232,1.576,127.09,5,3,10,0,18,1.0
CHEMBL52333,ROLOFYLLINE,CCCn1c(=O)c2nc(C34CC5CC(CC3C5)C4)[nH]c2n(CCC)c1=O,356.47,2.784,72.68,1,5,5,2,26,3.0
CHEMBL52347,"1,2-NAPHTHOQUINONE",O=C1C=Cc2ccccc2C1=O,158.156,1.465,34.14,0,2,0,1,12,3.0
CHEMBL52387,(RS)-ROSCOVITINE,CCC(CO)Nc1nc(NCc2ccccc2)c2ncn(C(C)C)c2n1,354.458,3.202,87.89,3,7,8,3,26,2.0
CHEMBL52440,DEXTROMETHORPHAN,COc1ccc2c(c1)[C@]13CCCC[C@@H]1[C@H](C2)N(C)CC3,271.404,3.383,12.47,0,2,1,1,20,4.0
CHEMBL52564,O-COUMARIC ACID,O=C(O)/C=C/c1ccccc1O,164.16,1.49,57.53,2,2,2,1,12,2.0
CHEMBL52569,2-HYDROXYCINNAMALDEHYDE,O=C/C=C/c1ccccc1O,148.161,1.604,37.3,1,2,2,1,11,3.0
CHEMBL52606,COLFORSIN,C=C[C@@]1(C)CC(=O)[C@]2(O)[C@@]3(C)[C@@H](O)CCC(C)(C)[C@@H]3[C@H](O)[C@H](OC(C)=O)[C@@]2(C)O1,410.507,1.52,113.29,3,7,2,0,29,0.0
CHEMBL52609,DOXRIBTIMINE,Cc1cn([C@H]2C[C@H](O)[C@@H](CO)O2)c(=O)[nH]c1=O,242.231,-1.514,104.55,3,6,2,1,17,1.0
CHEMBL52676,MOSLOFLAVONE,COc1cc2oc(-c3ccccc3)cc(=O)c2c(O)c1OC,298.294,3.183,68.9,1,5,3,3,22,4.0
CHEMBL52737,6-DEMETHYL-6-(2-METHYLPROPYL)MITOMYCIN B,COC1=C(CC(C)C)C(=O)C2=C(C1=O)[C@H](COC(N)=O)[C@@]1(O)[C@@H]3[C@H](CN21)N3C,391.424,-0.249,122.17,2,8,5,0,28,0.0
CHEMBL52825,6-BROMOFLAVONE,O=c1cc(-c2ccccc2)oc2ccc(Br)cc12,301.139,4.223,30.21,0,2,1,3,18,3.0
CHEMBL52885,ENMD-981693,Cn1cc(C2=C(c3cn(C)c4cc([N+](=O)[O-])ccc34)C(=O)NC2=O)c2ccccc21,400.394,3.145,99.17,1,6,3,4,30,2.0
CHEMBL52939,SARPOGRELATE,COc1cccc(CCc2ccccc2OCC(CN(C)C)OC(=O)CCC(=O)O)c1,429.513,3.197,85.3,1,6,13,2,31,2.0
CHEMBL53004,TYLOPHORIDICINE E,COc1cc2c3c(c4ccc(O)cc4c2cc1OC)[C@H](O)[C@@H]1CCCN1C3,365.429,3.727,62.16,2,5,2,3,27,2.0
CHEMBL53292,ISOXICAM,Cc1cc(NC(=O)C2=C(O)c3ccccc3S(=O)(=O)N2C)no1,335.341,1.482,112.74,2,6,2,2,23,1.0
CHEMBL53366,IMIDAFENACIN,Cc1nccn1CCC(C(N)=O)(c1ccccc1)c1ccccc1,319.408,3.053,60.91,1,3,6,3,24,4.0
CHEMBL53384,PROPYNOIC ACID ETHYL ESTER,C#CC(=O)OCC,98.101,0.183,26.3,0,2,1,0,7,3.0
CHEMBL53418,DANTHRON,O=C1c2cccc(O)c2C(=O)c2c(O)cccc21,240.214,1.873,74.6,2,4,0,2,18,1.0
CHEMBL53439,DEMETHOXYMATTEUCINOL,Cc1c(O)c(C)c2c(c1O)C(=O)C[C@@H](c1ccccc1)O2,284.311,3.421,66.76,2,4,1,2,21,3.0
CHEMBL53463,DOXORUBICIN,COc1cccc2c1C(=O)c1c(O)c3c(c(O)c1C2=O)C[C@@](O)(C(=O)CO)C[C@@H]3O[C@H]1C[C@H](N)[C@H](O)[C@H](C)O1,543.525,0.001,206.07,6,12,5,2,39,0.0
CHEMBL53493,2-methyl-(E)-2-butenal,C/C=C(\C)C=O,84.118,1.152,17.07,0,1,1,0,6,3.0
CHEMBL53538,LODENAFIL,CCCc1nn(C)c2c(=O)[nH]c(-c3cc(S(=O)(=O)N4CCN(CCO)CC4)ccc3OCC)nc12,504.613,0.973,133.65,2,9,9,3,35,0.0
CHEMBL53554,THIAZOLOBENZIMIDAZOLE,Fc1cccc(F)c1C1SCc2nc3ccccc3n21,288.322,4.108,17.82,0,3,1,3,20,3.0
CHEMBL53566,TYROSOL,OCCc1ccc(O)cc1,138.166,0.927,40.46,2,2,2,1,10,2.0
CHEMBL53569,ANGELICIN,O=c1ccc2ccc3occc3c2o1,186.166,2.539,43.35,0,3,0,3,14,4.0
CHEMBL53624,RO 25-6833,Nc1nc(/C(=N/O)C(=O)N[C@@H]2C(=O)N3C(C(=O)O)=C(/C=C4\CCN(CC(F)(F)F)C4=O)CS[C@H]23)cs1,546.509,0.363,178.52,4,10,6,1,36,0.0
CHEMBL53628,DESMOSDUMOTIN C,COC1=C(C)C(O)=C(C(=O)/C=C/c2ccccc2)C(=O)C1(C)C,312.365,3.61,63.6,1,4,4,1,23,4.0
CHEMBL53653,THIAZOLOPYRIMIDINE,Nc1nc(O)c2sc(N)nc2n1,183.196,-0.044,110.94,3,7,0,2,12,1.0
CHEMBL53904,ZUCLOPENTHIXOL,OCCN1CCN(CC/C=C2/c3ccccc3Sc3ccc(Cl)cc32)CC1,400.975,4.236,26.71,1,4,5,2,27,2.0
CHEMBL53929,OCTOPAMINE,NCC(O)c1ccc(O)cc1,153.181,0.384,66.48,3,3,2,1,11,2.0
CHEMBL53950,INCADRONIC ACID,O=P(O)(O)C(NC1CCCCCC1)P(=O)(O)O,287.189,0.938,127.09,5,3,4,0,17,1.0
CHEMBL54071,6-DEMETHYL-6-ETHYLMITOMYCIN A,CCC1=C(OC)C(=O)C2=C(C1=O)N1C[C@@H]3N[C@@H]3[C@]1(OC)[C@@H]2COC(N)=O,363.37,-0.573,130.1,2,8,5,0,26,0.0
CHEMBL54126,NEOSTIGMINE BROMIDE,CN(C)C(=O)Oc1cccc([N+](C)(C)C)c1.[Br-],303.2,-1.052,29.54,0,2,2,1,16,3.0
CHEMBL54170,ACETYLTRYPTOPHAN,CC(=O)N[C@@H](Cc1c[nH]c2ccccc12)C(=O)O,246.266,1.3,82.19,3,2,4,2,18,1.0
CHEMBL54224,DIDEOXY GUANOSINE TRIPHOSPHATE,Nc1nc2c(ncn2[C@H]2CC[C@@H](COP(=O)(O)OP(=O)(O)OP(=O)(O)O)O2)c(=O)[nH]1,491.183,-0.277,258.64,6,12,8,2,30,0.0
CHEMBL54278,GLYCYLGLYCYLGLYCINE,NCC(=O)NCC(=O)NCC(=O)O,189.171,-2.738,121.52,4,4,5,0,13,1.0
CHEMBL54344,(DIETHYLAMINO)METHYLENEDIPHOSPHONIC ACID,CCN(CC)C(P(=O)(O)O)P(=O)(O)O,247.124,-0.033,118.3,4,3,5,0,14,1.0
CHEMBL54349,ALPIDEM,CCCN(CCC)C(=O)Cc1c(-c2ccc(Cl)cc2)nc2ccc(Cl)cn12,404.341,5.499,37.61,0,3,7,3,27,2.0
CHEMBL54440,MEVASTATIN,CC[C@H](C)C(=O)O[C@H]1CCC=C2C=C[C@H](C)[C@H](CC[C@@H]3C[C@@H](O)CC(=O)O3)[C@H]21,390.52,3.95,72.83,1,5,6,0,28,2.0
CHEMBL54469,METHYLTRIPHENYLPHOSPHONIUM BROMIDE,C[P+](c1ccccc1)(c1ccccc1)c1ccccc1.[Br-],357.231,0.614,0.0,0,0,3,3,20,3.0
CHEMBL54472,N-(HEXAMETHYLENEIMINO)METHYLENEBISPHOSPHONIC ACID,O=P(O)(O)C(N1CCCCCC1)P(=O)(O)O,273.162,0.501,118.3,4,3,3,0,16,1.0
CHEMBL54552,VAL-VAL,CC(C)[C@H](N)C(=O)N[C@H](C(=O)O)C(C)C,216.281,0.195,92.42,3,3,5,0,15,1.0
CHEMBL54572,PHENYLALANYLTYROSINE,N[C@@H](Cc1ccccc1)C(=O)N[C@@H](Cc1ccc(O)cc1)C(=O)O,328.368,1.074,112.65,4,4,7,2,24,1.0
CHEMBL54661,FLUPENTIXOL,OCCN1CCN(CC/C=C2/c3ccccc3Sc3ccc(C(F)(F)F)cc32)CC1,434.527,4.602,26.71,1,4,5,2,30,2.0
CHEMBL54804,PRISTIMERIN,COC(=O)[C@]1(C)CC[C@]2(C)CC[C@]3(C)C4=CC=C5C(=CC(=O)C(O)=C5C)[C@]4(C)CC[C@@]3(C)[C@@H]2C1,464.646,6.786,63.6,1,4,1,0,34,2.0
CHEMBL54893,UC 781,CC(C)=CCOc1cc(NC(=S)c2ccoc2C)ccc1Cl,335.856,5.374,34.4,1,3,5,2,22,3.0
CHEMBL54907,4-HYDROXY-6-METHYLPYRAN-2-ONE,Cc1cc(O)cc(=O)o1,126.111,0.654,50.44,1,3,0,1,9,3.0
CHEMBL54909,FRAXETIN,COc1cc2ccc(=O)oc2c(O)c1O,208.169,1.213,79.9,2,5,1,2,15,1.0
CHEMBL54918,5-FLUOROURIDINE,O=c1[nH]c(=O)n([C@@H]2O[C@H](CO)[C@@H](O)[C@H]2O)cc1F,262.193,-2.713,124.78,4,7,2,1,18,1.0
CHEMBL54922,PROLINE,O=C(O)[C@@H]1CCCN1,115.132,-0.177,49.33,2,2,1,0,8,2.0
CHEMBL54926,(CYCLOBUTYLAMINO)METHYLENEDIPHOSPHONIC ACID,O=P(O)(O)C(NC1CCC1)P(=O)(O)O,245.108,-0.233,127.09,5,3,4,0,14,1.0
CHEMBL54933,LEU-LEU,CC(C)C[C@H](NC(=O)[C@@H](N)CC(C)C)C(=O)O,244.335,0.975,92.42,3,3,7,0,17,1.0
CHEMBL54943,CYSTEINE,NC(CS)C(=O)O,121.161,-0.672,63.32,3,3,2,0,7,2.0
CHEMBL54976,TRYPTOPHAN,N[C@@H](Cc1c[nH]c2ccccc12)C(=O)O,204.229,1.122,79.11,3,2,3,2,15,1.0
CHEMBL55060,E-METHYL CINNAMATE,COC(=O)/C=C/c1ccccc1,162.188,1.873,26.3,0,2,2,1,12,3.0
CHEMBL55076,MYRIOCIN,CCCCCCC(=O)CCCCCC/C=C/C[C@@H](O)[C@H](O)[C@@](N)(CO)C(=O)O,401.544,2.309,141.08,5,6,18,0,28,1.0
CHEMBL55153,RUTIN DECAACETATE,CC(=O)Oc1cc(OC(C)=O)c2c(=O)c(O[C@@H]3O[C@H](CO[C@@H]4O[C@@H](C)[C@H](OC(C)=O)[C@@H](OC(C)=O)[C@H]4OC(C)=O)[C@@H](OC(C)=O)[C@H](OC(C)=O)[C@H]3OC(C)=O)c(-c3ccc(OC(C)=O)c(OC(C)=O)c3)oc2c1,1030.891,2.617,330.13,0,26,16,,,2.0
CHEMBL55214,NERIDRONIC ACID,NCCCCCC(O)(P(=O)(O)O)P(=O)(O)O,277.15,-0.493,161.31,6,4,7,0,16,1.0
CHEMBL55221,CYCLOHEXYL(HYDROXY)METHYLENEDIPHOSPHONIC ACID,O=P(O)(O)C(O)(C1CCCCC1)P(=O)(O)O,274.146,0.568,135.29,5,3,3,0,16,1.0
CHEMBL55222,CYCLOBUTYL(HYDROXY)METHYLENEDIPHOSPHONIC ACID,O=P(O)(O)C(O)(C1CCC1)P(=O)(O)O,246.092,-0.212,135.29,5,3,3,0,14,1.0
CHEMBL55285,BENZYL ISOTHIOCYANATE,S=C=NCc1ccccc1,149.218,2.289,12.36,0,2,2,1,10,4.0
CHEMBL55352,(DIPROPYLAMINO)METHYLENEDIPHOSPHONIC ACID,CCCN(CCC)C(P(=O)(O)O)P(=O)(O)O,275.178,0.747,118.3,4,3,7,0,16,1.0
CHEMBL55353,(BUTYL(ETHYL)AMINO)METHYLENEDIPHOSPHONIC ACID,CCCCN(CC)C(P(=O)(O)O)P(=O)(O)O,275.178,0.747,118.3,4,3,7,0,16,1.0
CHEMBL55400,PROFLAVINE,Nc1ccc2cc3ccc(N)cc3nc2c1,209.252,2.552,64.93,2,3,0,3,16,3.0
CHEMBL55415,SCUTELLAREIN,O=c1cc(-c2ccc(O)cc2)oc2cc(O)c(O)c(O)c12,286.239,2.282,111.13,4,6,1,3,21,2.0
CHEMBL55517,DIETHYL PYROCARBONATE,CCOC(=O)OC(=O)OCC,162.141,1.316,61.83,0,5,2,0,11,3.0
CHEMBL55518,"(3,5-DICHLOROPHENYLAMINO)METHYLENEDIPHOSPHONIC ACID",O=P(O)(O)C(Nc1cc(Cl)cc(Cl)c1)P(=O)(O)O,336.004,2.044,127.09,5,3,4,1,18,2.0
CHEMBL55595,FORMIC ACID ETHYL ESTER,COC(=O)ON(C(=O)OC)S(=O)(=O)c1ccc(Cl)cc1,323.71,1.795,99.21,0,7,2,1,20,2.0
CHEMBL55608,(BUTYLAMINO)METHYLENEDIPHOSPHONIC ACID,CCCCNC(P(=O)(O)O)P(=O)(O)O,247.124,0.015,127.09,5,3,6,0,14,1.0
CHEMBL55612,NORVALINE,CCC[C@H](N)C(=O)O,117.148,0.198,63.32,2,2,3,0,8,2.0
CHEMBL55624,DARGLITAZONE,Cc1oc(-c2ccccc2)nc1CCC(=O)c1ccc(CC2SC(=O)NC2=O)cc1,420.49,4.36,89.27,1,6,7,3,30,1.0
CHEMBL55659,ANTHRAQUINONE,O=C1c2ccccc2C(=O)c2ccccc21,208.216,2.462,34.14,0,2,0,2,16,4.0
CHEMBL55716,AZIDOEPIBATIDINE,[N-]=[N+]=Nc1cc(C2CC3CCC2N3)cnc1Cl,249.705,3.285,73.68,1,3,2,1,17,3.0
CHEMBL55761,ANTHRARUFIN,O=C1c2cccc(O)c2C(=O)c2cccc(O)c21,240.214,1.873,74.6,2,4,0,2,18,1.0
CHEMBL55772,METHOXYFENOZIDE,COc1cccc(C(=O)NN(C(=O)c2cc(C)cc(C)c2)C(C)(C)C)c1C,368.477,4.206,58.64,1,3,3,2,27,2.0
CHEMBL55779,(DICYCLOHEXYLAMINO)METHYLENEDIPHOSPHONIC ACID,O=P(O)(O)C(N(C1CCCCC1)C1CCCCC1)P(=O)(O)O,355.308,2.593,118.3,4,3,5,0,22,2.0
CHEMBL55812,OLPADRONIC ACID,CN(C)CCC(O)(P(=O)(O)O)P(=O)(O)O,263.123,-1.06,138.53,5,4,5,0,15,1.0
CHEMBL55814,ATHRAQUINONES A,O=C1c2ccccc2C(=O)c2c1ccc(O)c2O,240.214,1.873,74.6,2,4,0,2,18,1.0
CHEMBL55830,TRYPTOPHAN METHYL ESTER,COC(=O)[C@@H](N)Cc1c[nH]c2ccccc12,218.256,1.211,68.11,2,3,3,2,16,2.0
CHEMBL55856,(ISOPENTYLAMINO)METHYLENEDIPHOSPHONIC ACID,CC(C)CCNC(P(=O)(O)O)P(=O)(O)O,261.151,0.261,127.09,5,3,6,0,15,1.0
CHEMBL55860,OCTADECYLAMINE,CCCCCCCCCCCCCCCCCCN,269.517,6.207,26.02,1,1,16,0,19,3.0
CHEMBL55895,PHENYLBUTYRYLHYDROXAMIC ACID,O=C(CCCc1ccccc1)NO,179.219,1.515,49.33,2,2,4,1,13,2.0
CHEMBL55934,NAPHTHOQUINONE,O=C1C=CC(=O)c2ccccc21,158.156,1.622,34.14,0,2,0,1,12,3.0
CHEMBL55977,ENGLITAZONE,O=C1NC(=O)C(Cc2ccc3c(c2)CCC(Cc2ccccc2)O3)S1,353.443,3.517,55.4,1,4,4,2,25,4.0
CHEMBL56021,ACETYL-L-LEUCINE,CC(=O)N[C@@H](CC(C)C)C(=O)O,173.212,0.622,66.4,2,2,4,0,12,2.0
CHEMBL56091,LASONOLIDE A,C=C(CCC(C)C)COC(=O)[C@H](O)C/C=C\C[C@@H]1O[C@@H]2/C=C/C/C=C/C(C)=C\[C@H]3O[C@@H](C/C=C/C=C/C(=O)O[C@H](C2)[C@@]1(C)CO)C[C@H](O)[C@H]3C,696.922,6.407,131.75,3,9,11,0,50,0.0
CHEMBL56163,PRISTIMEROL,COC(=O)[C@]1(C)CC[C@]2(C)CC[C@]3(C)C4=CCc5c(cc(O)c(O)c5C)[C@]4(C)CC[C@@]3(C)[C@@H]2C1,466.662,6.732,66.76,2,4,1,1,34,1.0
CHEMBL56217,TETRACYCLOALKANES,c1ccc(C23OOC4(CCCCC4)OOC2C2CCC3C2)cc1,316.397,4.251,36.92,0,4,1,1,23,3.0
CHEMBL56252,PABETAN,N=C(N)NCCC[C@H](NC(=O)[C@@H](N)Cc1ccccc1)C(=O)Nc1ccc2ccccc2c1,446.555,2.096,146.12,6,4,10,3,33,1.0
CHEMBL56253,(CYCLOHEXYLAMINO)METHYLENEDIPHOSPHONIC ACID,O=P(O)(O)C(NC1CCCCC1)P(=O)(O)O,273.162,0.548,127.09,5,3,4,0,16,1.0
CHEMBL56254,(HEXYLAMINO)METHYLENEDIPHOSPHONIC ACID,CCCCCCNC(P(=O)(O)O)P(=O)(O)O,275.178,0.795,127.09,5,3,8,0,16,1.0
CHEMBL56255,(PENTYLAMINO)METHYLENEDIPHOSPHONIC ACID,CCCCCNC(P(=O)(O)O)P(=O)(O)O,261.151,0.405,127.09,5,3,7,0,15,1.0
CHEMBL56279,CYANAMIDE,N#CN,42.041,-0.574,49.81,1,2,0,0,3,3.0
CHEMBL56318,METIOPRIM,COc1cc(Cc2cnc(N)nc2N)cc(OC)c1SC,306.391,1.971,96.28,2,7,5,2,21,1.0
CHEMBL56337,EPALRESTAT,CC(/C=C1\SC(=S)N(CC(=O)O)C1=O)=C\c1ccccc1,319.407,2.919,57.61,1,4,4,1,21,4.0
CHEMBL56367,NIMESULIDE,CS(=O)(=O)Nc1ccc([N+](=O)[O-])cc1Oc1ccccc1,308.315,2.759,98.54,1,5,5,2,21,3.0
CHEMBL56395,THIOBUTYROLACTONE,O=C1CCCS1,102.158,1.04,17.07,0,2,0,0,6,3.0
CHEMBL56448,ANGIOTENSIN III,CC(C)[C@H](NC(=O)[C@H](CCCN=C(N)N)NC(=O)[C@@H](N)CC(=O)O)C(=O)N[C@@H](Cc1ccc(O)cc1)C(=O)N[C@H](C(=O)N[C@@H](Cc1c[nH]cn1)C(=O)N1CCC[C@H]1C(=O)O)C(C)C,884.993,-2.432,379.74,12,12,24,2,63,0.0
CHEMBL56564,TROPISETRON,CN1[C@@H]2CC[C@H]1C[C@@H](OC(=O)c1c[nH]c3ccccc13)C2,284.359,2.95,45.33,1,3,2,2,21,4.0
CHEMBL56585,CYCLAZOCINE,C[C@H]1[C@H]2Cc3ccc(O)cc3[C@]1(C)CCN2CC1CC1,271.404,3.326,23.47,1,2,2,1,20,4.0
CHEMBL56817,DESCHLOROEPIBATIDINE,c1cncc(C2CC3CCC2N3)c1,174.247,1.69,24.92,1,2,1,1,13,3.0
CHEMBL56900,LERISETRON,c1ccc(Cn2c(N3CCNCC3)nc3ccccc32)cc1,292.386,2.494,33.09,1,4,3,3,22,4.0
CHEMBL56918,GEIPARVARIN,C/C(=C\COc1ccc2ccc(=O)oc2c1)C1=CC(=O)C(C)(C)O1,326.348,3.38,65.74,0,5,4,2,24,4.0
CHEMBL56973,GUANAZOLE,Nc1n[nH]c(N)n1,99.097,-1.031,93.61,3,4,0,1,7,1.0
CHEMBL57004,SITAMAQUINE,CCN(CC)CCCCCCNc1cc(OC)cc2c(C)ccnc12,343.515,4.866,37.39,1,4,11,2,25,3.0
CHEMBL57053,PARACHLOROPHENOL,Oc1ccc(Cl)cc1,128.558,2.046,20.23,1,1,0,1,8,4.0
CHEMBL57055,CATECHOLINE,C[N+](C)(C)CC(O)c1ccc(O)c(O)c1.[I-],339.173,-2.159,60.69,3,3,3,1,15,2.0
CHEMBL57185,FLAVODILOL,CCCNCC(O)COc1ccc2c(=O)cc(-c3ccccc3)oc2c1,353.418,3.199,71.7,2,5,8,3,26,2.0
CHEMBL57241,FLUTROLINE,OC(CCCN1CCc2c(c3cc(F)ccc3n2-c2ccc(F)cc2)C1)c1ccc(F)cc1,450.504,5.92,28.4,1,3,6,4,33,2.0
CHEMBL57242,AZILSARTAN,CCOc1nc2cccc(C(=O)O)c2n1Cc1ccc(-c2ccccc2-c2noc(=O)[nH]2)cc1,456.458,4.192,123.24,2,7,7,5,34,0.0
CHEMBL57286,ALLYLAMINE,C=CCN,57.096,0.131,26.02,1,1,1,0,4,3.0
CHEMBL57358,ENOFELAST,Cc1cc(/C=C/c2ccc(F)cc2)cc(C)c1O,242.293,4.319,20.23,1,1,2,2,18,3.0
CHEMBL57376,4-BROMOANILINE,Nc1ccc(Br)cc1,172.025,2.031,26.02,1,1,0,1,8,4.0
CHEMBL57517,DIOLEIN,CCCCCCCC/C=C/CCCCCCCC(=O)OC[C@H](CO)OC(=O)CCCCCCC/C=C/CCCCCCCC,621.0,11.509,72.83,1,5,34,0,44,1.0
CHEMBL57684,SEMOTIADIL,COc1ccc(OCCCN(C)CCOc2ccc3c(c2)OCO3)c([C@H]2Sc3ccccc3N(C)C2=O)c1,536.65,5.013,69.7,0,8,11,3,38,2.0
CHEMBL57705,ZANAMIVIR TFA,CC(=O)N[C@H]1[C@H]([C@H](O)[C@H](O)CO)OC(C(=O)O)=C[C@@H]1NC(=N)N.O=C(O)C(F)(F)F,446.335,-2.943,235.52,9,8,6,0,23,0.0
CHEMBL57891,1-hydroxy-3-methoxybenzene,COc1cccc(O)c1,124.139,1.401,29.46,1,2,1,1,9,3.0
CHEMBL57895,EFAROXAN,CCC1(C2=NCCN2)Cc2ccccc2O1,216.284,1.772,33.62,1,3,2,1,16,3.0
CHEMBL57997,T-62,Nc1sc2c(c1C(=O)c1ccc(Cl)cc1)CCCC2,291.803,4.094,43.09,1,3,2,2,19,3.0
CHEMBL58033,(-)-U-50488,CN(C(=O)Cc1ccc(Cl)c(Cl)c1)[C@H]1CCCC[C@@H]1N1CCCC1,369.336,4.401,23.55,0,2,4,1,24,2.0
CHEMBL58061,CO-TRIMOXAZOLE,COc1cc(Cc2cnc(N)nc2N)cc(OC)c1OC.Cc1cc(NS(=O)(=O)c2ccc(N)cc2)no1,543.606,2.624,203.73,4,12,8,,,1.0
CHEMBL58146,QUINOLIN-4-AMINE,Nc1ccnc2ccccc12,144.177,1.817,38.91,1,2,0,2,11,3.0
CHEMBL58323,LACOSAMIDE,COC[C@@H](NC(C)=O)C(=O)NCc1ccccc1,250.298,0.454,67.43,2,3,6,1,18,2.0
CHEMBL58343,AGMATINE,NCCCCN=C(N)N,130.195,-1.001,90.42,3,2,4,0,9,1.0
CHEMBL58355,PIROXIMONE,CCc1[nH]c(=O)[nH]c1C(=O)c1ccncc1,217.228,0.891,78.61,2,3,3,2,16,1.0
CHEMBL58510,CHLOROQUINE PHOSPHATE,CCN(CC)CCCC(C)Nc1ccnc2cc(Cl)ccc12.O=P(O)(O)O.O=P(O)(O)O,515.868,2.953,183.68,7,5,8,2,22,1.0
CHEMBL58547,IPAMORELIN,CC(C)(N)C(=O)N[C@@H](Cc1c[nH]cn1)C(=O)N[C@H](Cc1ccc2ccccc2c1)C(=O)N[C@H](Cc1ccccc1)C(=O)N[C@@H](CCCCN)C(N)=O,711.868,0.882,240.21,8,8,19,4,52,0.0
CHEMBL58711,TIVIRAPINE,CC(C)=CCN1Cc2c(Cl)ccc3[nH]c(=S)n(c23)C[C@@H]1C,321.877,4.523,23.96,1,3,2,2,21,3.0
CHEMBL58752,PIMONIDAZOLE,O=[N+]([O-])c1nccn1CC(O)CN1CCCCC1,254.29,0.638,84.43,1,6,5,1,18,2.0
CHEMBL58792,FLUANISONE,COc1ccccc1N1CCN(CCCC(=O)c2ccc(F)cc2)CC1,356.441,3.619,32.78,0,4,7,2,26,4.0
CHEMBL58830,(CYCLOPENTYLAMINO)METHYLENEDIPHOSPHONIC ACID,O=P(O)(O)C(NC1CCCC1)P(=O)(O)O,259.135,0.158,127.09,5,3,4,0,15,1.0
CHEMBL58832,ASPARAGINE,NC(=O)C[C@H](N)C(=O)O,132.119,-1.726,106.41,3,3,3,0,9,1.0
CHEMBL58835,AZOBENZENE,c1ccc(/N=N/c2ccccc2)cc1,182.226,4.102,24.72,0,2,2,2,14,3.0
CHEMBL59190,PITRAZEPINE,c1ccc2c(c1)Cc1ccccc1-n1c-2nnc1N1CCNCC1,317.396,2.248,45.98,1,5,1,3,24,4.0
CHEMBL59356,ATRELEUTON,C[C@H](C#Cc1ccc(Cc2ccc(F)cc2)s1)N(O)C(N)=O,318.373,2.988,66.56,2,3,3,2,22,3.0
CHEMBL59983,CYMOXANIL,CCNC(=O)NC(=O)/C(C#N)=N/OC,198.182,-0.642,103.58,2,5,3,0,14,1.0
CHEMBL59990,MAFOSFAMIDE,O=P1(N(CCCl)CCCl)NC(SCCS(=O)(=O)O)CCO1,401.274,1.831,95.94,2,5,9,0,21,0.0
CHEMBL60064,4-BENZENESULFINYLMETHYL-1-[2-(5-FLUORO-1H-INDOL-3-YL)-ETHYL]-PIPERIDIN-4-OL (STRUCTURAL MIX),[O-][S+](CC1(O)CCN(CCc2c[nH]c3ccc(F)cc23)CC1)c1ccccc1,400.519,3.484,62.32,2,3,6,3,28,2.0
CHEMBL60072,SULFIRICIN,CC1=CC[C@H]2C(C)(C)CCC[C@]2(C)[C@H]1C[C@H](OS(=O)(=O)[O-])[C@H](C)CCCc1ccoc1.C[N+](C)=C(N)N,539.783,4.805,134.62,2,5,9,,,0.0
CHEMBL60235,DEAMINOFORMYCIN,OC[C@H]1O[C@@H](c2n[nH]c3cncnc23)[C@H](O)[C@@H]1O,252.23,-1.493,124.38,4,7,2,2,18,1.0
CHEMBL60254,BALANOL,O=C(N[C@@H]1CNCCC[C@H]1OC(=O)c1cc(O)c(C(=O)c2c(O)cccc2C(=O)O)c(O)c1)c1ccc(O)cc1,550.52,2.146,202.72,7,10,7,3,40,1.0
CHEMBL60457,ACETYLCHOLINE IODIDE,CC(=O)OCC[N+](C)(C)C.[I-],273.114,-2.74,26.3,0,2,3,0,10,3.0
CHEMBL60533,CORYNANRHEIDINE,CC[C@@H]1CN2CCc3c([nH]c4ccccc34)[C@@H]2C[C@@H]1/C(=C\OC)C(=O)OC,368.477,3.817,54.56,1,4,4,2,27,3.0
CHEMBL60542,(+)-PENTAZOCINE,CC(C)=CCN1CC[C@]2(C)c3cc(O)ccc3C[C@H]1[C@H]2C,285.431,3.883,23.47,1,2,2,1,21,4.0
CHEMBL60550,TERLAKIREN,CSC[C@H](NC(=O)[C@H](Cc1ccccc1)NC(=O)N1CCOCC1)C(=O)N[C@@H](CC1CCCCC1)[C@@H](O)C(=O)OC(C)C,620.813,2.255,146.3,4,8,14,1,43,1.0
CHEMBL60556,TRALKOXYDIM,CCO/N=C(\CC)C1=C(O)CC(c2c(C)cc(C)cc2C)CC1=O,329.44,4.673,58.89,1,4,5,1,24,3.0
CHEMBL60662,6-BENZYLTHIOINOSINE,OC[C@H]1O[C@@H](n2cnc3c(SCc4ccccc4)ncnc32)[C@H](O)[C@@H]1O,374.422,0.73,113.52,3,9,5,3,26,0.0
CHEMBL60696,TETRABUTYLAMMONIUM BROMIDE,CCCC[N+](CCCC)(CCCC)CCCC.[Br-],322.375,2.008,0.0,0,0,12,0,17,4.0
CHEMBL60718,TPCK,Cc1ccc(S(=O)(=O)N[C@@H](Cc2ccccc2)C(=O)CCl)cc1,351.855,2.693,63.24,1,3,7,2,23,4.0
CHEMBL60745,EDROPHONIUM BROMIDE,CC[N+](C)(C)c1cccc(O)c1.[Br-],246.148,-1.017,20.23,1,1,2,1,12,3.0
CHEMBL60796,DESMETHEYLASTEMIZOLE,Oc1ccc(CCN2CCC(Nc3nc4ccccc4n3Cc3ccc(F)cc3)CC2)cc1,444.554,5.048,53.32,2,5,7,4,33,1.0
CHEMBL60824,"4-AMINO-[1,2]NAPHTHOQUINONE",NC1=CC(=O)C(=O)c2ccccc21,173.171,0.752,60.16,1,3,0,1,13,3.0
CHEMBL60851,BROMOACETIC ACID,O=C(O)CBr,138.948,0.466,37.3,1,1,1,0,5,3.0
CHEMBL60859,BMY-14802,OC(CCCN1CCN(c2ncc(F)cn2)CC1)c1ccc(F)cc1,348.397,2.391,52.49,1,5,6,2,25,4.0
CHEMBL60889,MOSAPRIDE,CCOc1cc(N)c(Cl)cc1C(=O)NCC1CN(Cc2ccc(F)cc2)CCO1,421.9,3.091,76.82,2,5,7,2,29,1.0
CHEMBL61006,PHENYLPROPANOLAMINE,CC(N)C(O)c1ccccc1,151.209,1.067,46.25,2,2,2,1,11,2.0
CHEMBL61133,SULOCHRIN,COC(=O)c1cc(O)cc(OC)c1C(=O)c1c(O)cc(C)cc1O,332.308,2.138,113.29,3,7,4,2,24,2.0
CHEMBL61301,TECASTEMIZOLE,Fc1ccc(Cn2c(NC3CCNCC3)nc3ccccc32)cc1,324.403,3.388,41.88,2,4,4,3,24,3.0
CHEMBL61350,CYSTAMINE,NCCSSCCN,152.288,0.285,52.04,2,4,5,0,8,2.0
CHEMBL61479,SIRAMESINE,Fc1ccc(-n2cc(CCCCN3CCC4(CC3)OCc3ccccc34)c3ccccc32)cc1,454.589,6.614,17.4,0,3,6,4,34,2.0
CHEMBL61495,CRISNATOL,CC(CO)(CO)NCc1cc2c3ccccc3ccc2c2ccccc12,345.442,3.979,52.49,3,3,5,4,26,3.0
CHEMBL61511,PERFOSFAMIDE,O=P1(N(CCCl)CCCl)NC(OO)CCO1,293.087,1.7,71.03,2,4,6,0,16,1.0
CHEMBL61512,(R)-THIORPHAN,O=C(O)CNC(=O)[C@H](CS)Cc1ccccc1,253.323,0.976,66.4,3,3,6,1,17,2.0
CHEMBL61593,CYCLOTHIAZIDE,NS(=O)(=O)c1cc2c(cc1Cl)NC(C1CC3C=CC1C3)NS2(=O)=O,389.886,1.23,118.36,3,5,2,1,24,0.0
CHEMBL61733,PMEDAP,Nc1nc(N)c2ncn(CCOCP(=O)(O)O)c2n1,288.204,-0.858,162.4,4,8,5,2,19,1.0
CHEMBL61743,ISOQUINOLIN-3-AMINE,Nc1cc2ccccc2cn1,144.177,1.817,38.91,1,2,0,2,11,3.0
CHEMBL61780,TEZOSENTAN,COc1ccccc1Oc1c(NS(=O)(=O)c2ccc(C(C)C)cn2)nc(-c2ccnc(-c3nnn[nH]3)c2)nc1OCCO,605.637,3.21,200.11,3,13,12,5,43,1.0
CHEMBL61872,TALAMPANEL,CC(=O)N1N=C(c2ccc(N)cc2)c2cc3c(cc2C[C@H]1C)OCO3,337.379,2.543,77.15,1,5,1,2,25,3.0
CHEMBL61946,CARAMIPHEN,CCN(CC)CCOC(=O)C1(c2ccccc2)CCCC1,289.419,3.383,29.54,0,3,7,1,21,4.0
CHEMBL62006,AMINOFLAVONE,Cc1c(F)c(N)c2c(=O)cc(-c3ccc(N)c(F)c3)oc2c1F,320.27,3.35,82.25,2,4,1,3,23,2.0
CHEMBL62032,DIACETYLISOPROTERENOL,CC(=O)Oc1ccc(C(O)CNC(C)C)cc1OC(C)=O,295.335,1.569,84.86,2,6,6,1,21,1.0
CHEMBL62136,T091317,O=S(=O)(c1ccccc1)N(CC(F)(F)F)c1ccc(C(O)(C(F)(F)F)C(F)(F)F)cc1,481.336,4.756,57.61,1,3,5,2,31,2.0
CHEMBL62193,SULFADIMETHOXINE,COc1cc(NS(=O)(=O)c2ccc(N)cc2)nc(OC)n1,310.335,0.877,116.43,2,7,5,2,21,1.0
CHEMBL62350,8-PHENYL THEOPHYLLINE,Cn1c(=O)c2nc(-c3ccccc3)[nH]c2n(C)c1=O,256.265,0.627,72.68,1,5,1,3,19,2.0
CHEMBL62381,SODIUM BUTYRATE,CCCC(=O)[O-].[Na+],110.088,-3.46,40.13,0,2,2,,,3.0
CHEMBL62382,METHYLSELENOCYSTEINE,C[Se]C[C@H](N)C(=O)O,182.081,-0.431,63.32,2,2,3,,,2.0
CHEMBL62448,KAMPANOL A,CC(=O)O[C@H]1CC[C@]2(C)[C@H]3Cc4c(O)cc5c(c4O[C@@]3(C)CC[C@H]2C1(C)C)COC5=O,428.525,4.54,82.06,1,6,1,1,31,1.0
CHEMBL62735,FASIPLON,CCc1c(OC)nc2nc(-c3noc(C)n3)cn2c1C,273.296,1.967,78.34,0,7,3,3,20,2.0
CHEMBL62800,ISODESAACETYLUVARICIN,CCCCCCCCCC[C@@H](O)[C@H]1CC[C@H]([C@H]2CC[C@H]([C@H](O)CCCCCCCCCCCCC3=C[C@H](C)OC3=O)O2)O1,606.929,8.887,85.22,2,6,25,0,43,0.0
CHEMBL62919,ALTANSERIN,O=C(c1ccc(F)cc1)C1CCN(CCn2c(=S)[nH]c3ccccc3c2=O)CC1,411.502,3.793,58.1,1,5,5,3,29,3.0
CHEMBL63055,ALRESTATIN,O=C(O)CN1C(=O)c2cccc3cccc(c23)C1=O,255.229,1.52,74.68,1,3,2,2,19,2.0
CHEMBL63130,BENZYLCYSTEINE,N[C@@H](CSCc1ccccc1)C(=O)O,211.286,1.332,63.32,2,3,5,1,14,2.0
CHEMBL63208,NORTOPSENTIN C,Brc1ccc2c(-c3c[nH]c(-c4c[nH]c5ccccc45)n3)c[nH]c2c1,377.245,5.469,60.26,3,1,2,5,24,1.0
CHEMBL63243,4-CHOLESTEN 3-ONE,CC(C)CCC[C@@H](C)[C@H]1CC[C@H]2[C@@H]3CCC4=CC(=O)CC[C@]4(C)[C@H]3CC[C@]12C,384.648,7.597,17.07,0,1,5,0,28,2.0
CHEMBL63323,NIFLUMIC ACID,O=C(O)c1cccnc1Nc1cccc(C(F)(F)F)c1,282.221,3.542,62.22,2,3,3,2,20,3.0
CHEMBL63354,AMENTOFLAVONE,O=c1cc(-c2ccc(O)c(-c3c(O)cc(O)c4c(=O)cc(-c5ccc(O)cc5)oc34)c2)oc2cc(O)cc(O)c12,538.464,5.134,181.8,6,10,3,6,40,0.0
CHEMBL63440,ALOXISTATIN,CCOC(=O)[C@H]1O[C@@H]1C(=O)N[C@@H](CC(C)C)C(=O)NCCC(C)C,342.436,1.01,97.03,2,5,10,0,24,1.0
CHEMBL63507,S-NITROSOGLUTATHIONE,N[C@@H](CCC(=O)N[C@@H](CSN=O)C(=O)NCC(=O)O)C(=O)O,336.326,-1.721,188.25,5,8,11,0,22,1.0
CHEMBL63540,DESFERRITHIOCIN SODIUM,C[C@]1(C(=O)[O-])CSC(c2ncccc2O)=N1.[Na+],260.25,-3.207,85.61,1,6,2,1,16,2.0
CHEMBL63544,BENZOTRIPT,O=C(N[C@@H](Cc1c[nH]c2ccccc12)C(=O)O)c1ccc(Cl)cc1,342.782,3.247,82.19,3,2,5,3,24,2.0
CHEMBL63558,MALTITOL,OC[C@@H](O)[C@@H](O[C@H]1O[C@H](CO)[C@@H](O)[C@H](O)[C@H]1O)[C@H](O)[C@@H](O)CO,344.313,-5.761,200.53,9,11,8,0,23,1.0
CHEMBL63560,(R)-BICALUTAMIDE,C[C@](O)(CS(=O)(=O)c1ccc(F)cc1)C(=O)Nc1ccc(C#N)c(C(F)(F)F)c1,430.379,2.88,107.26,2,5,5,2,29,1.0
CHEMBL63677,ROBUSTAFLAVONE,O=c1cc(-c2ccc(O)c(-c3c(O)cc4oc(-c5ccc(O)cc5)cc(=O)c4c3O)c2)oc2cc(O)cc(O)c12,538.464,5.134,181.8,6,10,3,6,40,0.0
CHEMBL63728,GW644007X,COc1cc(/C=N/Nc2ncnc3c2cnn3C(C)C)ccc1O,326.36,2.567,97.45,2,8,5,3,24,2.0
CHEMBL63756,FLUPERLAPINE,CN1CCN(C2=Nc3cc(F)ccc3Cc3ccccc32)CC1,309.388,3.056,18.84,0,3,0,2,23,4.0
CHEMBL63857,PHENOLPHTHALEIN,O=C1OC(c2ccc(O)cc2)(c2ccc(O)cc2)c2ccccc21,318.328,3.56,66.76,2,4,2,3,24,3.0
CHEMBL63893,GLUTAMINE HYDROXAMATE,N[C@@H](CCC(=O)NO)C(=O)O,162.145,-1.316,112.65,4,4,4,0,11,1.0
CHEMBL63970,DESOXYPODOPHYLLOTOXIN,COc1cc([C@@H]2c3cc4c(cc3C[C@H]3COC(=O)[C@@H]32)OCO4)cc(OC)c1OC,398.411,2.918,72.45,0,7,4,2,29,2.0
CHEMBL64008,SQUAMOTACIN,CCCCCCCCCCCC[C@H](O)[C@H]1CC[C@H]([C@H]2CC[C@H]([C@H](O)CCCCCCCC[C@@H](O)CC3=C[C@H](C)OC3=O)O2)O1,622.928,7.858,105.45,3,7,25,0,44,0.0
CHEMBL64128,EICOSAPENTAENAMIDE,CC/C=C/C/C=C/C/C=C/C/C=C/C/C=C/CCCC(N)=O,301.474,5.393,43.09,1,1,13,0,22,3.0
CHEMBL64130,NAPABUCASIN,CC(=O)c1cc2c(o1)C(=O)c1ccccc1C2=O,240.214,2.258,64.35,0,4,1,2,18,4.0
CHEMBL64195,BECLAMIDE,O=C(CCCl)NCc1ccccc1,197.665,1.932,29.1,1,1,4,1,13,3.0
CHEMBL64249,CLOROTEPINE,CN1CCN(C2Cc3ccccc3Sc3ccc(Cl)cc32)CC1,344.911,4.336,6.48,0,3,1,2,23,3.0
CHEMBL64286,N-P-COUMAROYL TYRAMINE,O=C(/C=C/c1ccc(O)cc1)NCCc1ccc(O)cc1,283.327,2.47,69.56,3,3,5,2,21,3.0
CHEMBL64360,ENIPORIDE,Cc1cc(-n2cccc2)c(S(C)(=O)=O)cc1C(=O)N=C(N)N,320.374,0.603,120.54,2,4,3,2,22,1.0
CHEMBL64379,MALINAMIDE,CCCCC/C=C\C/C=C\CCCCCCCC(=O)NC(C)c1ccccc1,383.62,7.677,29.1,1,1,16,1,28,2.0
CHEMBL64391,ITRACONAZOLE,CCC(C)n1ncn(-c2ccc(N3CCN(c4ccc(OCC5COC(Cn6cncn6)(c6ccc(Cl)cc6Cl)O5)cc4)CC3)cc2)c1=O,705.647,5.577,104.7,0,12,11,5,49,1.0
CHEMBL64407,CORONARIN A,C=C1[C@@H](O)C[C@H]2C(C)(C)CCC[C@]2(C)[C@H]1/C=C/c1ccoc1,300.442,5.062,33.37,1,2,2,1,22,3.0
CHEMBL64545,MECLOFENOXATE,CN(C)CCOC(=O)COc1ccc(Cl)cc1,257.717,1.824,38.77,0,4,6,1,17,3.0
CHEMBL64677,DOXEFAZEPAM,O=C1C(O)N=C(c2ccccc2F)c2cc(Cl)ccc2N1CCO,348.761,1.974,73.13,2,4,3,2,24,1.0
CHEMBL64706,ORBOFIBAN,CCOC(=O)CCNC(=O)N[C@H]1CCN(c2ccc(C(=N)N)cc2)C1=O,361.402,0.328,137.61,4,5,7,1,26,0.0
CHEMBL64718,FLUORO-NEPLANOCIN A,Nc1ncnc2c1ncn2[C@@H]1C(F)=C(CO)[C@@H](O)[C@H]1O,281.247,-1.099,130.31,4,8,2,2,20,1.0
CHEMBL64894,GENTIAN VIOLET,CN(C)c1ccc(C(=C2C=CC(=[N+](C)C)C=C2)c2ccc(N(C)C)cc2)cc1.[Cl-],407.989,1.464,9.49,0,2,4,2,28,2.0
CHEMBL64925,MG-132,CC(C)C[C@@H](C=O)NC(=O)[C@H](CC(C)C)NC(=O)[C@H](CC(C)C)NC(=O)OCc1ccccc1,475.63,3.588,113.6,3,5,14,1,34,1.0
CHEMBL64979,EPSIPRANTEL,O=C(C1CCCCC1)N1CC(=O)N2CCCc3ccccc3C2C1,326.44,2.925,40.62,0,2,1,1,24,4.0
CHEMBL65030,VAPIPROST,O=C(O)CC/C=C\CC[C@@H]1[C@@H](N2CCCCC2)[C@@H](O)C[C@@H]1OCc1ccc(-c2ccccc2)cc1,477.645,5.675,70.0,2,4,11,2,35,0.0
CHEMBL65061,LEUKOTRIENE_B4,CCCCC/C=C\C[C@@H](O)/C=C/C=C/C=C\[C@@H](O)CCCC(=O)O,336.472,4.158,77.76,3,3,14,0,24,1.0
CHEMBL65067,DOFEQUIDAR,O=C(C(c1ccccc1)c1ccccc1)N1CCN(CC(O)COc2cccc3ncccc23)CC1,481.596,3.951,65.9,1,5,8,4,36,3.0
CHEMBL65090,PUNAGLANDIN 4,CCCCC/C=C\C[C@@]1(O)C=C(Cl)C(=O)/C1=C/[C@H](OC(C)=O)[C@H](CCCC(=O)OC)OC(C)=O,499.0,4.083,116.2,1,8,14,0,34,1.0
CHEMBL65267,RO-44-3888,C[C@H](NC(=O)c1ccc(C(=N)N)cc1)C(=O)N1CCC(OCC(=O)O)CC1,376.413,0.181,145.81,4,5,7,1,27,0.0
CHEMBL65320,AGATHISFLAVONE,O=c1cc(-c2ccc(O)cc2)oc2cc(O)c(-c3c(O)cc(O)c4c(=O)cc(-c5ccc(O)cc5)oc34)c(O)c12,538.464,5.134,181.8,6,10,3,6,40,0.0
CHEMBL65369,3-HYDROXYBENZOIC ACID,O=C(O)c1cccc(O)c1,138.122,1.09,57.53,2,2,1,1,10,2.0
CHEMBL65375,TIPIRACIL HYDROCHLORIDE,Cl.N=C1CCCN1Cc1[nH]c(=O)[nH]c(=O)c1Cl,279.127,0.711,92.81,3,3,2,1,16,1.0
CHEMBL65433,IMIDUREA,O=C(NCNC(=O)NC1C(=O)NC(=O)N1CO)NC1C(=O)NC(=O)N1CO,388.297,-4.802,221.54,8,8,6,0,27,0.0
CHEMBL65543,ACETYL TYROSINE,CC(=O)N[C@@H](Cc1ccc(O)cc1)C(=O)O,223.228,0.524,86.63,3,3,4,1,16,1.0
CHEMBL65547,PSILOCIN,CN(C)CCc1c[nH]c2cccc(O)c12,204.273,1.978,39.26,2,2,3,2,15,2.0
CHEMBL65567,CREATININE,CN1CC(=O)NC1=N,113.12,-1.017,56.19,2,2,0,0,8,2.0
CHEMBL65606,TMPYP4,C[n+]1ccc(-c2c3nc(c(-c4cc[n+](C)cc4)c4ccc([nH]4)c(-c4cc[n+](C)cc4)c4ccc([nH]4)c(-c4cc[n+](C)cc4)c4nc2C=C4)C=C3)cc1,678.844,6.622,72.88,2,2,4,7,52,0.0
CHEMBL65635,REL-SQUAMOCIN-H,CCCCCCCCCC[C@@H](O)[C@H]1CC[C@H]([C@H]2CC[C@H]([C@H](O)CCCCCCCCCC[C@@H](O)CC3=C[C@H](C)OC3=O)O2)O1,622.928,7.858,105.45,3,7,25,0,44,0.0
CHEMBL65675,GALLIC ACID METHYL ESTER,COC(=O)c1cc(O)c(O)c(O)c1,184.147,0.59,86.99,3,5,1,1,13,1.0
CHEMBL65717,MEPINDOLOL,Cc1cc2c(OCC(O)CNC(C)C)cccc2[nH]1,262.353,2.214,57.28,3,3,6,2,19,3.0
CHEMBL65755,TAIWANIN C,O=C1OCc2cc3cc4c(cc3c(-c3ccc5c(c3)OCO5)c21)OCO4,348.31,3.635,63.22,0,6,1,3,26,4.0
CHEMBL65789,SARDOMOZIDE,N=C(N)c1cccc2c1CC/C2=N\N=C(N)N,230.275,-0.106,126.63,4,3,2,1,17,1.0
CHEMBL65794,CEFPIROME,CO/N=C(\C(=O)N[C@@H]1C(=O)N2C(C(=O)[O-])=C(C[n+]3cccc4c3CCC4)CS[C@H]12)c1csc(N)n1,514.589,-1.044,153.92,2,10,7,2,35,0.0
CHEMBL65884,GW817396X,COc1cccc(-n2ncc3c(N/N=C/c4ccc(F)cc4)ncnc32)c1,362.368,3.409,77.22,1,7,5,4,27,2.0
CHEMBL66004,GW578748X,COc1cc(/C=N/Nc2ncnc3[nH]ncc23)ccc1O,284.279,1.513,108.31,3,7,4,3,21,1.0
CHEMBL66092,LAQUINIMOD,CCN(C(=O)c1c(O)c2c(Cl)cccc2n(C)c1=O)c1ccccc1,356.809,3.564,62.54,1,4,3,3,25,4.0
CHEMBL66115,DOXECITINE,Nc1ccn([C@H]2C[C@H](O)[C@@H](CO)O2)c(=O)n1,227.22,-1.534,110.6,3,7,2,1,16,1.0
CHEMBL66280,"5-IODO,5'-DEOXYTUBERCIDIN",C[C@H]1O[C@@H](n2cc(I)c3c(N)ncnc32)[C@H](O)[C@@H]1O,376.154,0.257,106.42,3,7,1,2,19,0.0
CHEMBL66292,PYRAZOLOPYRIMIDINE 2,COc1cccc(-n2ncc3c(N/N=C/c4ccc(S(C)(=O)=O)cc4)ncnc32)c1,422.47,2.674,111.36,1,9,6,4,30,2.0
CHEMBL66381,4-CYANOPHENOL,N#Cc1ccc(O)cc1,119.123,1.264,44.02,1,2,0,1,9,3.0
CHEMBL66489,RHAZINAL,CC[C@]12CCCn3c(C=O)cc(c31)-c1ccccc1NC(=O)CC2,322.408,4.142,51.1,1,3,2,2,24,3.0
CHEMBL66552,LOXOPROFEN SODIUM,CC(C(=O)[O-])c1ccc(CC2CCCC2=O)cc1.[Na+],268.288,-1.544,57.2,0,3,4,1,18,3.0
CHEMBL66648,TANIPLON,COc1nc2nc(-c3noc(C)n3)cn2c2c1CCCC2,285.307,1.975,78.34,0,7,2,3,21,2.0
CHEMBL66691,MOTRILIN,CCCCC[C@H](O)CCCC[C@H](O)[C@H]1CC[C@H]([C@H]2CC[C@H]([C@H](O)CCCCCCCCCCCCC3=C[C@H](C)OC3=O)O2)O1,622.928,7.858,105.45,3,7,25,0,44,0.0
CHEMBL66693,D-ALANINE,C[C@@H](N)C(=O)O,89.094,-0.582,63.32,2,2,1,0,6,2.0
CHEMBL66879,COUMARIC ACID,O=C(O)/C=C/c1ccc(O)cc1,164.16,1.49,57.53,2,2,2,1,12,2.0
CHEMBL66953,PURPUROGALLIN,O=c1c(O)cccc2cc(O)c(O)c(O)c12,220.18,1.022,97.99,4,5,0,2,16,1.0
CHEMBL67096,TOLIPROLOL,Cc1cccc(OCC(O)CNC(C)C)c1,223.316,1.733,41.49,2,3,6,1,16,2.0
CHEMBL67166,SPHINGOSINE,CCCCCCCCCCCCC/C=C/[C@@H](O)[C@@H](N)CO,299.499,3.924,66.48,3,3,15,0,21,3.0
CHEMBL67241,GW794607X,CCCNc1cccc(-n2ncc3c(N/N=C/c4ccncc4)ncnc32)c1,372.436,3.478,92.91,2,8,7,4,28,1.0
CHEMBL67279,TALABOSTAT,CC(C)[C@H](N)C(=O)N1CCC[C@H]1B(O)O,214.074,-1.027,86.79,3,4,3,,,1.0
CHEMBL67284,ISOCLOTHIAPINE,CN1CCN(C2=Nc3cc(Cl)ccc3Sc3ccccc32)CC1,343.883,4.13,18.84,0,4,0,2,23,3.0
CHEMBL67341,GIGANTETROCIN A,CCCCCCCCCCCCCC[C@@H](O)[C@H](O)CC[C@H](O)[C@@H]1CC[C@@H](CCCCC[C@@H](O)CC2=C[C@H](C)OC2=O)O1,596.89,7.061,116.45,4,7,26,0,42,0.0
CHEMBL67498,CAFFEIC ACID PHENETHYL AMIDE,O=C(/C=C/c1ccc(O)c(O)c1)NCCc1ccccc1,283.327,2.47,69.56,3,3,5,2,21,3.0
CHEMBL67511,TRIFLUOROMETHANESULFONAMIDE,NS(=O)(=O)C(F)(F)F,149.093,-0.205,60.16,1,2,0,0,8,3.0
CHEMBL67654,CAREBASTINE,CC(C)(C(=O)O)c1ccc(C(=O)CCCN2CCC(OC(c3ccccc3)c3ccccc3)CC2)cc1,499.651,6.282,66.84,1,4,11,3,37,2.0
CHEMBL67776,PAQUINIMOD,CCc1cccc2c1c(O)c(C(=O)N(CC)c1ccccc1)c(=O)n2C,350.418,3.473,62.54,1,4,4,3,26,4.0
CHEMBL68055,ACOLBIFENE,CC1=C(c2ccc(O)cc2)[C@H](c2ccc(OCCN3CCCCC3)cc2)Oc2cc(O)ccc21,457.57,6.027,62.16,2,5,6,3,34,1.0
CHEMBL68081,PALMOXIRATE SODIUM,CCCCCCCCCCCCCCC1(C(=O)[O-])CO1.[Na+],306.422,0.601,52.66,0,3,14,0,20,3.0
CHEMBL68117,VOSAROXIN,CN[C@H]1CN(c2ccc3c(=O)c(C(=O)O)cn(-c4nccs4)c3n2)C[C@@H]1OC,401.448,0.963,109.58,2,9,5,3,28,0.0
CHEMBL68178,ISONOTHOLAENIC ACID,COc1ccc(CCc2cc(O)cc(OC)c2C(=O)O)cc1,302.326,2.893,75.99,2,4,6,2,22,2.0
CHEMBL68179,TRILOBACIN,CCCCCCCCCC[C@@H](O)[C@H]1CC[C@@H]([C@H]2CC[C@H]([C@H](O)CCCCCCCCCC[C@@H](O)CC3=C[C@H](C)OC3=O)O2)O1,622.928,7.858,105.45,3,7,25,0,44,0.0
CHEMBL68253,SULFAMATE,NS(=O)(=O)O,97.095,-1.252,80.39,2,2,0,0,5,1.0
CHEMBL68262,IRLOXACIN,CCn1cc(C(=O)O)c(=O)c2cc(F)c(-n3cccc3)cc21,300.289,2.649,64.23,1,4,3,3,22,4.0
CHEMBL68332,DATELLIPTIUM CHLORIDE,CCN(CC)CC[n+]1ccc2c(C)c3[nH]c4ccc(O)cc4c3c(C)c2c1.[Cl-],397.95,1.43,43.14,2,2,5,4,27,1.0
CHEMBL68350,BULLATALICIN,CCCCCCCCCC[C@H](O)[C@H]1CC[C@H]([C@H](O)CC[C@H](O)[C@@H]2CC[C@@H](CCCCCCC[C@@H](O)CC3=C[C@H](C)OC3=O)O2)O1,638.927,6.829,125.68,4,8,25,0,45,0.0
CHEMBL68500,ALLOXAZINE,O=c1[nH]c(=O)c2nc3ccccc3nc2[nH]1,214.184,0.16,91.5,2,4,0,3,16,1.0
CHEMBL68536,PERFLUOROPHENYL SULFAMATE,NS(=O)(=O)Oc1c(F)c(F)c(F)c(F)c1F,263.143,0.964,69.39,1,3,2,1,16,3.0
CHEMBL68701,RHAZINICINE,CC[C@@]12CCC(=O)Nc3ccccc3-c3ccn(c31)C(=O)CC2,308.381,3.969,51.1,1,3,1,2,23,4.0
CHEMBL68738,N6-CYCLOPENTYLADENOSINE,OC[C@H]1O[C@@H](n2cnc3c(NC4CCCC4)ncnc32)[C@H](O)[C@@H]1O,335.364,-0.208,125.55,4,9,4,2,24,1.0
CHEMBL68810,THUNBERGINOL A,O=c1oc(-c2ccc(O)c(O)c2)cc2cccc(O)c12,270.24,2.577,90.9,3,5,1,3,20,2.0
CHEMBL68908,DEOXYGUANOSINE,Nc1nc(O)c2ncn([C@H]3C[C@H](O)[C@@H](CO)O3)c2n1,267.245,-1.245,139.54,4,9,2,2,19,1.0
CHEMBL68956,SUKSDORFIN,CC(=O)O[C@@H]1[C@H](OC(=O)CC(C)C)c2c(ccc3ccc(=O)oc23)OC1(C)C,388.416,3.526,92.04,0,7,4,2,28,2.0
CHEMBL69011,(E)-4-STYRYLANILINE,Nc1ccc(/C=C/c2ccccc2)cc1,195.265,3.439,26.02,1,1,2,2,15,4.0
CHEMBL69018,FALCARINDIOL,C=C[C@@H](O)C#CC#C[C@@H](O)/C=C\CCCCCCC,260.377,2.818,40.46,2,2,8,0,19,3.0
CHEMBL69073,(S)-ALBUTEROL,CC(C)(C)NC[C@@H](O)c1ccc(O)c(CO)c1,239.315,1.306,72.72,4,4,4,1,17,1.0
CHEMBL69084,THUNBERGINOL F,O=C1O/C(=C\c2ccc(O)c(O)c2)c2cccc(O)c21,270.24,2.472,86.99,3,5,1,2,20,2.0
CHEMBL69139,LIXAZINONE,CN(C(=O)CCCOc1ccc2c(c1)CN1CC(=O)NC1=N2)C1CCCCC1,384.48,2.57,74.24,1,5,6,1,28,2.0
CHEMBL69178,LUPITIDINE,Cc1ccc(Cc2c[nH]c(NCCSCc3ccc(CN(C)C)o3)nc2=O)cn1,413.547,3.064,87.05,2,7,10,3,29,1.0
CHEMBL69267,THUNBERGINOL C,O=C1OC(c2ccc(O)cc2)Cc2cc(O)cc(O)c21,272.256,2.258,86.99,3,5,1,2,20,2.0
CHEMBL69271,NAXAGOLIDE,CCCN1CCO[C@@H]2c3cc(O)ccc3CC[C@H]21,247.338,2.49,32.7,1,3,2,1,18,4.0
CHEMBL69291,ETHANESULFONIC ACID AMIDE,CCS(N)(=O)=O,109.15,-0.705,60.16,1,2,1,0,6,3.0
CHEMBL69299,HYDRANGENOL,O=C1OC(c2ccc(O)cc2)Cc2cccc(O)c21,256.257,2.552,66.76,2,4,1,2,19,3.0
CHEMBL69308,PELUBIPROFEN,CC(C(=O)O)c1ccc(/C=C2\CCCCC2=O)cc1,258.317,3.401,54.37,1,2,3,1,19,4.0
CHEMBL69330,FARNESYL DIPHOSPHATE,CC(C)=CCC/C(C)=C/CC/C(C)=C/COP(=O)(O)OP(=O)(O)O,382.33,4.632,113.29,3,4,11,0,24,0.0
CHEMBL69439,LEUKOTRIENE A4,CCCCC/C=C\C/C=C\C=C\C=C\[C@@H]1O[C@H]1CCCC(=O)O,318.457,5.204,49.83,1,2,13,0,23,3.0
CHEMBL69507,NORMELINONINE F,C[n+]1ccc2c(c1)[nH]c1ccccc12,183.234,2.146,19.67,1,0,0,3,14,4.0
CHEMBL69679,ZATEBRADINE,COc1ccc(CCN(C)CCCN2CCc3cc(OC)c(OC)cc3CC2=O)cc1OC,456.583,3.213,60.47,0,6,11,2,33,3.0
CHEMBL69710,CHLOROLITHIUM,[Cl-].[Li+],42.394,-5.992,0.0,0,0,0,,,3.0
CHEMBL69727,ISOPPADS,Cc1nc(/N=N/c2cc(S(=O)(=O)O)ccc2S(=O)(=O)O)c(COP(=O)(O)O)c(C=O)c1O,511.383,1.426,250.41,5,11,8,2,32,0.0
CHEMBL69757,GW817394X,COc1cccc(-n2ncc3c(N/N=C/c4cccc(F)c4)ncnc32)c1,362.368,3.409,77.22,1,7,5,4,27,2.0
CHEMBL69759,SONEPIPRAZOLE,NS(=O)(=O)c1ccc(N2CCN(CC[C@@H]3OCCc4ccccc43)CC2)cc1,401.532,2.16,75.87,1,5,5,2,28,2.0
CHEMBL69863,PICEATANNOL,Oc1cc(O)cc(/C=C/c2ccc(O)c(O)c2)c1,244.246,2.679,80.92,4,4,2,2,18,2.0
CHEMBL69941,CHOLESTAN-3-ONE,CC(C)CCC[C@@H](C)[C@H]1CC[C@H]2[C@@H]3CC[C@H]4CC(=O)CC[C@]4(C)[C@H]3CC[C@]12C,386.664,7.677,17.07,0,1,5,0,28,2.0
CHEMBL69998,FIROCOXIB,CC1(C)OC(=O)C(OCC2CC2)=C1c1ccc(S(C)(=O)=O)cc1,336.409,2.563,69.67,0,5,5,1,23,4.0
CHEMBL70046,SORIVUDINE,O=c1[nH]c(=O)n([C@@H]2O[C@H](CO)[C@@H](O)[C@@H]2O)cc1/C=C/Br,349.137,-1.486,124.78,4,7,3,1,20,1.0
CHEMBL70088,RITIPENEM,C[C@@H](O)[C@H]1C(=O)N2C(C(=O)O)=C(COC(N)=O)S[C@H]12,288.281,-0.71,130.16,3,6,4,0,19,1.0
CHEMBL70141,2-MERCAPTOBENZIMIDAZOLE,Sc1nc2ccccc2[nH]1,150.206,1.852,28.68,2,2,0,2,10,2.0
CHEMBL70159,CARMOXIROLE,O=C(O)c1ccc2[nH]cc(CCCCN3CC=C(c4ccccc4)CC3)c2c1,374.484,4.978,56.33,2,2,7,3,28,1.0
CHEMBL70209,ZALTIDINE,Cc1ncc(-c2csc(N=C(N)N)n2)[nH]1,222.277,0.747,105.97,3,4,2,2,15,1.0
CHEMBL70246,ACEFYLLINE,Cn1c(=O)c2c(ncn2CC(=O)O)n(C)c1=O,238.203,-1.482,99.12,1,7,2,2,17,2.0
CHEMBL70302,SERAVSHANIN,CC(=O)O[C@@H]1[C@H](OC(=O)C(C)C)c2c(ccc3ccc(=O)oc23)OC1(C)C,374.389,3.136,92.04,0,7,3,2,27,2.0
CHEMBL70352,BENACTYZINE,CCN(CC)CCOC(=O)C(O)(c1ccccc1)c1ccccc1,327.424,2.808,49.77,1,4,8,2,24,4.0
CHEMBL70418,CLOBAZAM,CN1C(=O)CC(=O)N(c2ccccc2)c2cc(Cl)ccc21,300.745,3.371,40.62,0,2,1,2,21,4.0
CHEMBL70501,THUNBERGINOL B,O=c1oc(-c2ccc(O)c(O)c2)cc2cc(O)cc(O)c12,286.239,2.282,111.13,4,6,1,3,21,2.0
CHEMBL70556,OXYPHYLLENONE B,C[C@@]12CCC(=O)C=C1[C@](C)(O)[C@H](O)CC2,210.273,1.188,57.53,2,3,0,0,15,2.0
CHEMBL70566,EPTAZOCINE,CN1CC[C@]2(C)C[C@@H](Cc3ccc(O)cc32)C1,231.339,2.548,23.47,1,2,0,1,17,4.0
CHEMBL70586,SPIRADOLINE,CN(C(=O)Cc1ccc(Cl)c(Cl)c1)[C@H]1CC[C@@]2(CCCO2)C[C@@H]1N1CCCC1,425.4,4.56,32.78,0,3,4,1,28,2.0
CHEMBL70590,BORRELIDIN,C[C@@H]1C[C@H](C)C[C@H](C)[C@@H](O)CC(=O)O[C@H]([C@@H]2CCC[C@H]2C(=O)O)C/C=C/C=C(/C#N)[C@H](O)[C@@H](C)C1,489.653,4.636,127.85,3,6,2,0,35,0.0
CHEMBL70598,TEMELASTINE,Cc1ccc(Cc2c[nH]c(NCCCCc3ncc(Br)cc3C)nc2=O)cn1,442.361,3.965,83.56,2,5,8,3,28,1.0
CHEMBL70611,AZALANSTAT,Nc1ccc(SC[C@@H]2CO[C@](CCc3ccc(Cl)cc3)(Cn3ccnc3)O2)cc1,429.973,4.656,62.3,1,6,8,3,29,2.0
CHEMBL70663,DAPIVIRINE,Cc1cc(C)c(Nc2ccnc(Nc3ccc(C#N)cc3)n2)c(C)c1,329.407,4.761,73.63,2,5,4,3,25,1.0
CHEMBL70927,DEFERIPRONE,Cc1c(O)c(=O)ccn1C,139.154,0.399,42.23,1,3,0,1,10,3.0
CHEMBL70971,CARBENDAZIM,COC(=O)Nc1nc2ccccc2[nH]1,191.19,1.741,67.01,2,3,1,2,14,2.0
CHEMBL70972,SERATRODAST,CC1=C(C)C(=O)C(C(CCCCCC(=O)O)c2ccccc2)=C(C)C1=O,354.446,4.61,71.44,1,3,8,1,26,2.0
CHEMBL70999,PACLITAXEL C7 ACETYLCARBOXYLIC ACID ESTER,CC(=O)O[C@H]1C(=O)[C@]2(C)[C@@H](OC(C)=O)C[C@H]3OC[C@@]3(OC(C)=O)[C@H]2[C@H](OC(=O)c2ccccc2)[C@]2(O)C[C@H](OC(=O)[C@H](O)[C@@H](NC(=O)c3ccccc3)c3ccccc3)C(C)=C1C2(C)C,895.955,4.307,227.36,3,15,11,3,65,0.0
CHEMBL71046,DESCYANOTHIACLOPRID,N=C1SCCN1Cc1ccc(Cl)nc1,227.72,2.219,39.98,1,3,2,1,14,4.0
CHEMBL71263,VADIMEZAN,Cc1ccc2c(=O)c3cccc(CC(=O)O)c3oc2c1C,282.295,3.19,67.51,1,3,2,3,21,4.0
CHEMBL71358,SESALIN,CC1(C)C=Cc2c(ccc3ccc(=O)oc23)O1,228.247,2.977,39.44,0,3,0,2,17,4.0
CHEMBL71393,OXYPHYLLENODIOL B,CC(C)[C@H]1CCC(=O)C2=C1[C@H](O)[C@](C)(O)CC2,238.327,1.824,57.53,2,3,1,0,17,2.0
CHEMBL71537,OXYPHYLLENONE A,C[C@@]12CCC(=O)C=C1[C@@](C)(O)[C@H](O)CC2,210.273,1.188,57.53,2,3,0,0,15,2.0
CHEMBL71589,PILOCARBINE,CC[C@@H]1C(=O)OC[C@@H]1c1cncn1C,194.234,1.087,44.12,0,4,2,1,14,3.0
CHEMBL71595,HYDROGEN PEROXIDE,OO,34.014,0.017,40.46,2,2,0,0,2,2.0
CHEMBL71685,DALTROBAN,O=C(O)Cc1ccc(CCNS(=O)(=O)c2ccc(Cl)cc2)cc1,353.827,2.488,83.47,2,3,7,2,23,2.0
CHEMBL71702,THUNBERGINOL D,O=C1OC(c2ccc(O)c(O)c2)Cc2cc(O)cc(O)c21,288.255,1.963,107.22,4,6,1,2,21,1.0
CHEMBL71733,TRIGONELLAMIDE,C[n+]1cccc(C(N)=O)c1,137.162,-0.39,46.97,1,1,1,1,10,3.0
CHEMBL71752,VINPOCETINE,CCOC(=O)C1=C[C@]2(CC)CCCN3CCc4c(n1c1ccccc41)[C@@H]32,350.462,4.148,34.47,0,4,3,2,26,3.0
CHEMBL71851,SCOPOLETIN,COc1cc2ccc(=O)oc2cc1O,192.17,1.507,59.67,1,4,1,2,14,3.0
CHEMBL71873,SULFAMIC ACID PENTACHLOROPHENYL ESTER,NS(=O)(=O)Oc1c(Cl)c(Cl)c(Cl)c(Cl)c1Cl,345.418,3.536,69.39,1,3,2,1,16,4.0
CHEMBL71876,PTERYXIN,C/C=C(\C)C(=O)O[C@@H]1c2c(ccc3ccc(=O)oc23)OC(C)(C)[C@@H]1OC(C)=O,386.4,3.446,92.04,0,7,3,2,28,2.0
CHEMBL71893,ABIETIC ACID,CC(C)C1=CC2=CC[C@@H]3[C@](C)(CCC[C@@]3(C)C(=O)O)[C@H]2CC1,302.458,5.206,37.3,1,1,2,0,22,3.0
CHEMBL71920,"U-92,016-A",CCCN(CCC)[C@@H]1CCc2ccc3[nH]c(C#N)cc3c2C1,295.43,4.019,42.82,1,2,5,2,22,3.0
CHEMBL72115,SUPIDIMIDE,O=C1NCCCC1N1C(=O)c2ccccc2S1(=O)=O,280.305,0.11,83.55,1,4,1,1,19,2.0
CHEMBL72255,PHENYLMETHYLSEMICARBAZONE,NC(=O)N/N=C/Cc1ccccc1,177.207,0.883,67.48,2,2,3,1,13,2.0
CHEMBL72400,ZOLOPERONE,COc1ccccc1N1CCN(CCc2oc(=O)[nH]c2-c2ccc(F)cc2)CC1,397.45,3.147,61.71,1,5,6,3,29,3.0
CHEMBL72427,NORBURIMAMIDE,C/N=C(\S)NCCCc1c[nH]cn1,198.295,0.847,53.07,3,2,4,1,13,2.0
CHEMBL72443,SAPUNIFIRAM,CC(=O)NC1CCN(S(=O)(=O)c2ccc(F)cc2)CC1,300.355,1.115,66.48,1,3,3,1,20,3.0
CHEMBL72590,PHENYLSEMICARBAZONE,NC(=O)N/N=C\c1ccccc1,163.18,0.689,67.48,2,2,2,1,12,2.0
CHEMBL72617,ARTOCARPIN,COc1cc2oc(-c3ccc(O)cc3O)c(CC=C(C)C)c(=O)c2c(O)c1/C=C/C(C)C,436.504,5.763,100.13,3,6,6,3,32,0.0
CHEMBL72628,2-PICOLINIC ACID,O=C(O)c1ccccn1,123.111,0.78,50.19,1,2,1,1,9,3.0
CHEMBL72631,INDOMETHACIN MORPHOLINYLAMIDE,COc1ccc2c(c1)c(CC(=O)N1CCOCC1)c(C)n2C(=O)c1ccc(Cl)cc1,426.9,3.702,60.77,0,5,4,3,30,3.0
CHEMBL72637,CIRSILIOL,COc1cc2oc(-c3ccc(O)c(O)c3)cc(=O)c2c(O)c1OC,330.292,2.594,109.36,3,7,3,3,24,2.0
CHEMBL72838,ENOLTASOSARTAN,Cc1nc(C)c2c(O)cc(=O)n(Cc3ccc(-c4ccccc4-c4nn[nH]n4)cc3)c2n1,425.452,3.009,122.47,2,8,4,5,32,1.0
CHEMBL72844,AMINOPOTENTIDINE,N#CN/C(=N\CCNC(=O)c1ccc(N)cc1)NCCCOc1cccc(CN2CCCCC2)c1,477.613,2.47,127.8,4,6,11,2,35,1.0
CHEMBL72958,NS-49,CS(=O)(=O)Nc1ccc(F)c([C@@H](O)CN)c1,248.279,0.189,92.42,3,4,4,1,16,1.0
CHEMBL73050,A-77003,CC(C)[C@H](NC(=O)N(C)Cc1ccccn1)C(=O)N[C@@H](Cc1ccccc1)[C@H](O)[C@H](O)[C@H](Cc1ccccc1)NC(=O)[C@@H](NC(=O)N(C)Cc1ccccn1)C(C)C,794.998,3.686,189.12,6,8,19,4,58,1.0
CHEMBL73151,TERGURIDE,CCN(CC)C(=O)N[C@H]1C[C@@H]2c3cccc4[nH]cc(c34)C[C@H]2N(C)C1,340.471,2.932,51.37,2,2,3,2,25,3.0
CHEMBL73193,FIDEXABAN,CN1CCN=C1c1cccc(Oc2nc(Oc3cc(C(=N)N)ccc3O)c(F)c(N(C)CC(=O)O)c2F)c1,526.5,3.147,157.59,4,9,9,3,38,1.0
CHEMBL73234,CARBETAPENTANE,CCN(CC)CCOCCOC(=O)C1(c2ccccc2)CCCC1,333.472,3.4,38.77,0,4,10,1,24,4.0
CHEMBL73383,LODIPERONE,O=c1[nH]c(-c2ccc(F)cc2)c(CCN2CCN(c3cc(Cl)cc(Cl)c3)CC2)o1,436.314,4.446,52.48,1,4,5,3,29,2.0
CHEMBL73416,SARIPIDEM,CCCC(=O)N(C)Cc1c(-c2ccc(Cl)cc2)nc2ccccn12,341.842,4.413,37.61,0,3,5,3,24,3.0
CHEMBL73451,MEQUITAZINE,c1ccc2c(c1)Sc1ccccc1N2CC1CN2CCC1CC2,322.477,4.631,6.48,0,3,2,2,23,3.0
CHEMBL73461,IRINDALONE,O=C1NCCN1CCN1CCN([C@@H]2C[C@@H](c3ccc(F)cc3)c3ccccc32)CC1,408.521,3.045,38.82,1,3,5,2,30,3.0
CHEMBL73622,BROBACTAM,CC1(C)S[C@@H]2[C@H](Br)C(=O)N2[C@H]1C(=O)O,280.143,0.897,57.61,1,3,1,0,14,3.0
CHEMBL73639,BUTENONE,CC(=O)/C=C/c1ccccc1,146.189,2.289,17.07,0,1,2,1,11,4.0
CHEMBL73648,MORIN PENTAETHYL ETHER,CCOc1ccc(-c2oc3cc(OCC)cc(O)c3c(=O)c2OCC)c(OCC)c1,414.454,4.76,87.36,1,7,9,3,30,1.0
CHEMBL73822,APAZIQUONE,Cn1c(/C=C/CO)c(CO)c2c1C(=O)C=C(N1CC1)C2=O,288.303,0.101,82.54,2,6,4,1,21,1.0
CHEMBL73930,TANGERETIN,COc1ccc(-c2cc(=O)c3c(OC)c(OC)c(OC)c(OC)c3o2)cc1,372.373,3.503,76.36,0,7,6,3,27,2.0
CHEMBL73933,4'-HYDROXY-FLAVANONE,O=C1CC(c2ccc(O)cc2)Oc2ccccc21,240.258,3.099,46.53,1,3,1,2,18,4.0
CHEMBL73962,BENZOLAMIDE,NS(=O)(=O)c1nnc(NS(=O)(=O)c2ccccc2)s1,320.377,-0.014,132.11,2,7,4,2,19,1.0
CHEMBL73991,TERNATIN,COc1cc(-c2oc3c(OC)c(OC)cc(O)c3c(=O)c2OC)ccc1O,374.345,2.906,107.59,2,8,5,3,27,1.0
CHEMBL74063,ISOCAFFIENE,Cn1c(=O)c2ncn(C)c2n(C)c1=O,194.194,-1.029,61.82,0,6,0,2,14,3.0
CHEMBL74190,HOMOCAMPTOTHECIN,CC[C@@]1(O)CC(=O)OCc2c1cc1n(c2=O)Cc2cc3ccccc3nc2-1,362.385,2.47,81.42,1,6,1,3,27,2.0
CHEMBL74355,VOLINANSERIN,COc1cccc([C@H](O)C2CCN(CCc3ccc(F)cc3)CC2)c1OC,373.468,3.831,41.93,1,4,7,2,27,3.0
CHEMBL74397,PHENYL(BUTYL)SEMICARBAZONE,CCCC/C(=N\NC(N)=O)c1ccccc1,219.288,2.249,67.48,2,2,5,1,16,3.0
CHEMBL74415,CANNABINOL,CCCCCc1cc(O)c2c(c1)OC(C)(C)c1ccc(C)cc1-2,310.437,5.728,29.46,1,2,4,2,23,3.0
CHEMBL74465,DIPHENYLSEMICARBAZONE,NC(=O)NN=C(c1ccccc1)c1ccccc1,239.278,2.107,67.48,2,2,3,2,18,3.0
CHEMBL74469,PARAQUAT,C[n+]1ccc(-c2cc[n+](C)cc2)cc1,186.258,1.003,7.76,0,0,1,2,14,3.0
CHEMBL74474,DODINE,CCCCCCCCCCCCNC(=N)N,227.396,3.39,61.9,3,1,11,0,16,3.0
CHEMBL74583,VPN-4090CE,CS(=O)(=O)NN(CCCl)S(C)(=O)=O,250.729,-1.049,83.55,1,4,5,0,13,2.0
CHEMBL74590,"7Z-3,4,4'-TRIMETHOXYSTILBENE",COc1ccc(/C=C\c2ccc(OC)c(OC)c2)cc1,270.328,3.883,27.69,0,3,5,2,20,4.0
CHEMBL74632,MOXALACTAM,CO[C@@]1(NC(=O)C(C(=O)O)c2ccc(O)cc2)C(=O)N2C(C(=O)O)=C(CSc3nnnn3C)CO[C@@H]21,520.48,-1.128,206.3,4,12,9,2,36,0.0
CHEMBL74635,PHENYLETHENYLSEMICARBAZONE,NC(=O)N/N=C/C=C/c1ccccc1,189.218,1.354,67.48,2,2,3,1,14,2.0
CHEMBL74656,REL-CISAPRIDE,COc1cc(N)c(Cl)cc1C(=O)N[C@H]1CCN(CCCOc2ccc(F)cc2)C[C@H]1OC,465.953,3.358,86.05,2,6,9,2,32,1.0
CHEMBL74689,PHENYL(METHYL)THIOSEMICARBAZONE,C/C(=N\N=C(/N)S)c1ccccc1,193.275,1.655,50.74,2,2,2,1,13,2.0
CHEMBL74898,AYANIN,COc1cc(O)c2c(=O)c(OC)c(-c3ccc(OC)c(O)c3)oc2c1,344.319,2.897,98.36,2,7,4,3,25,2.0
CHEMBL74926,PHENSERINE,CN1CC[C@@]2(C)c3cc(OC(=O)Nc4ccccc4)ccc3N(C)[C@@H]12,337.423,3.667,44.81,1,4,2,2,25,4.0
CHEMBL75013,ZANAPEZIL,O=C(CCC1CCN(Cc2ccccc2)CC1)c1ccc2c(c1)NCCCC2,376.544,5.31,32.34,1,3,6,2,28,2.0
CHEMBL75094,PRINOMASTAT,CC1(C)SCCN(S(=O)(=O)c2ccc(Oc3ccncc3)cc2)[C@H]1C(=O)NO,423.516,2.264,108.83,2,7,5,2,28,1.0
CHEMBL75124,NONIVAMIDE,CCCCCCCCC(=O)NCc1ccc(O)c(OC)c1,293.407,3.768,58.56,2,3,10,1,21,3.0
CHEMBL75133,IRX-4204,CC(/C=C/[C@@H]1C[C@]1(C)c1ccc2c(c1)C(C)(C)CCC2(C)C)=C\C(=O)O,352.518,5.9,37.3,1,1,4,1,26,3.0
CHEMBL75153,TIFURAC,CSc1ccc(C(=O)c2cc(CC(=O)O)cc3ccoc23)cc1,326.373,4.013,67.51,1,4,5,3,23,3.0
CHEMBL75228,1-PHENETHYLPIPERIDINE,c1ccc(CCN2CCCCC2)cc1,189.302,2.715,3.24,0,1,3,1,14,4.0
CHEMBL75245,TIOPINAC,O=C(O)Cc1ccc2c(c1)SCc1ccccc1C2=O,284.336,3.15,54.37,1,3,2,2,20,4.0
CHEMBL75267,"7,8-DIHYDROXYFLAVONE",O=c1cc(-c2ccccc2)oc2c(O)c(O)ccc12,254.241,2.871,70.67,2,4,1,3,19,2.0
CHEMBL75349,TETRAMETHYLSCUTELLAREIN,COc1ccc(-c2cc(=O)c3c(OC)c(OC)c(OC)cc3o2)cc1,342.347,3.494,67.13,0,6,5,3,25,4.0
CHEMBL75410,NEBURON,CCCCN(C)C(=O)Nc1ccc(Cl)c(Cl)c1,275.179,4.257,32.34,1,1,4,1,17,3.0
CHEMBL75435,DEXKETOPROFEN,C[C@H](C(=O)O)c1cccc(C(=O)c2ccccc2)c1,254.285,3.106,54.37,1,2,4,2,19,4.0
CHEMBL75589,OMBUINE,COc1cc(O)c2c(=O)c(O)c(-c3ccc(OC)c(O)c3)oc2c1,330.292,2.594,109.36,3,7,3,3,24,2.0
CHEMBL75680,ALOISINE A,CCCCc1c(-c2ccc(O)cc2)[nH]c2nccnc12,267.332,3.673,61.8,2,3,4,3,20,3.0
CHEMBL75753,XAMOTEROL,O=C(NCCNCC(O)COc1ccc(O)cc1)N1CCOCC1,339.392,-0.237,103.29,4,6,8,1,24,1.0
CHEMBL75756,2-PHENYL-1H-INDOLE,c1ccc(-c2cc3ccccc3[nH]2)cc1,193.249,3.835,15.79,1,0,1,3,15,4.0
CHEMBL75782,DIHYDROOROTATE,O=C1CC(C(=O)O)NC(=O)N1,158.113,-1.331,95.5,3,3,1,0,11,1.0
CHEMBL75797,MIXIDINE,COc1ccc(CC/N=C2/CCCN2C)cc1OC,262.353,2.37,34.06,0,3,5,1,19,4.0
CHEMBL75838,MILACEMIDE,CCCCCNCC(N)=O,144.218,0.252,55.12,2,2,6,0,10,2.0
CHEMBL75880,PERHEXILINE,C1CCC(C(CC2CCCCN2)C2CCCCC2)CC1,277.496,5.295,12.03,1,1,4,0,20,3.0
CHEMBL75897,2'-HYDROXY-FLAVANONE,O=C1CC(c2ccccc2O)Oc2ccccc21,240.258,3.099,46.53,1,3,1,2,18,4.0
CHEMBL75945,METHANETHIOSULFONIC ACID PENTAFLUOROPHENYLMETHYL ESTER,CS(=O)(=O)SCc1c(F)c(F)c(F)c(F)c1F,292.25,2.575,34.14,0,3,3,1,17,4.0
CHEMBL75967,PENTACHLOROPHENOL,Oc1c(Cl)c(Cl)c(Cl)c(Cl)c1Cl,266.338,4.659,20.23,1,1,0,1,12,3.0
CHEMBL75978,5-DEMETHYLNOBILETIN,COc1ccc(-c2cc(=O)c3c(O)c(OC)c(OC)c(OC)c3o2)cc1OC,388.372,3.209,96.59,1,8,6,3,28,2.0
CHEMBL76098,XEMILOFIBAN,C#C[C@H](CC(=O)OCC)NC(=O)CCC(=O)Nc1ccc(C(=N)N)cc1,358.398,0.761,134.37,4,5,9,1,26,1.0
CHEMBL76222,REBIMASTAT,CNC(=O)[C@@H](NC(=O)[C@H](CC(C)C)NC(=O)[C@@H](S)CCN1C(=O)N(C)C(C)(C)C1=O)C(C)(C)C,499.678,1.155,127.92,4,6,10,0,34,0.0
CHEMBL76232,D-GLUTAMATE,N[C@H](CCC(=O)O)C(=O)O,147.13,-0.737,100.62,3,3,4,0,10,1.0
CHEMBL76370,TEGASEROD,CCCCCNC(=N)N/N=C/c1c[nH]c2ccc(OC)cc12,301.394,2.815,85.29,4,3,7,2,22,2.0
CHEMBL76447,NOBILETIN,COc1ccc(-c2cc(=O)c3c(OC)c(OC)c(OC)c(OC)c3o2)cc1OC,402.399,3.512,85.59,0,8,7,3,29,2.0
CHEMBL76591,LAUROCAPRAM,CCCCCCCCCCCCN1CCCCCC1=O,281.484,5.31,20.31,0,1,11,0,20,3.0
CHEMBL76602,alpha-CYANO-4-HYDROXYCINNAMIC ACID,N#C/C(=C\c1ccc(O)cc1)C(=O)O,189.17,1.384,81.32,2,3,2,1,14,1.0
CHEMBL76612,NONANOIC ACID BENZYLAMIDE,CCCCCCCCC(=O)NCc1ccccc1,247.382,4.053,29.1,1,1,9,1,18,3.0
CHEMBL76640,(+)-PHYSOSTIGMINE,CNC(=O)Oc1ccc2c(c1)[C@@]1(C)CCN(C)C1N2C,275.352,1.774,44.81,1,4,1,1,20,3.0
CHEMBL76688,SIVELESTAT,CC(C)(C)C(=O)Oc1ccc(S(=O)(=O)Nc2ccccc2C(=O)NCC(=O)O)cc1,434.47,2.253,138.87,3,6,7,2,30,1.0
CHEMBL76725,GUANOXAN,N=C(N)NCC1COc2ccccc2O1,207.233,0.309,80.36,3,3,2,1,15,1.0
CHEMBL76729,DEOXY ADENOSINEDIPHOSPHATE,Nc1nc(O)c2ncn(C3OC(COP(=O)(O)OP(=O)(O)O)CC3O)c2n1,427.203,-1.011,232.6,6,12,6,2,27,0.0
CHEMBL76768,GUVACINE,O=C(O)C1=CCCNC1,127.143,-0.009,49.33,2,2,1,0,9,2.0
CHEMBL76897,4-DAMP,C[N+]1(C)CCC(OC(=O)C(c2ccccc2)c2ccccc2)CC1.[I-],451.348,0.605,26.3,0,2,4,2,24,2.0
CHEMBL76903,OLVANIL,CCCCCCCC/C=C\CCCCCCCC(=O)NCc1ccc(O)c(OC)c1,417.634,7.055,58.56,2,3,18,1,30,1.0
CHEMBL76904,TYRPHOSTIN 23,N#CC(C#N)=Cc1ccc(O)c(O)c1,186.17,1.528,88.04,2,4,1,1,14,1.0
CHEMBL77030,TYRPHOSTIN 47,N#C/C(=C\c1ccc(O)c(O)c1)C(N)=S,220.253,1.291,90.27,3,4,2,1,15,1.0
CHEMBL77098,"3-HYDROXY-3',4'-DIMETHOXYFLAVONE",COc1ccc(-c2oc3ccccc3c(=O)c2O)cc1OC,298.294,3.183,68.9,1,5,3,3,22,4.0
CHEMBL77101,DIETHYLHOMOSPERMINE,CCNCCCCNCCCCNCCCCNCC,286.508,1.725,48.12,4,4,17,0,20,2.0
CHEMBL77131,CARBAZERAN,CCNC(=O)OC1CCN(c2nncc3cc(OC)c(OC)cc23)CC1,360.414,2.362,85.81,1,7,5,2,26,2.0
CHEMBL77236,TAXCULTIN,CCCC(=O)N[C@@H](c1ccccc1)[C@@H](O)C(=O)O[C@H]1C[C@@]2(O)[C@@H](OC(=O)c3ccccc3)[C@@H]3[C@]4(OC(C)=O)CO[C@@H]4C[C@H](O)[C@@]3(C)C(=O)[C@H](OC(C)=O)C(=C1C)C2(C)C,819.901,3.222,221.29,4,14,11,2,59,1.0
CHEMBL77305,RUBITECAN,CC[C@@]1(O)C(=O)OCc2c1cc1n(c2=O)Cc2cc3c([N+](=O)[O-])cccc3nc2-1,393.355,1.988,124.56,1,8,2,3,29,1.0
CHEMBL77456,TYRPHOSTIN 1,COc1ccc(C=C(C#N)C#N)cc1,184.198,2.126,56.81,0,3,2,1,14,4.0
CHEMBL77484,(S)-NIPECOTIC ACID,O=C(O)[C@H]1CCCNC1,129.159,0.071,49.33,2,2,1,0,9,2.0
CHEMBL77502,LY-510929,Cc1oc(-c2cccs2)nc1CCOc1ccc(C[C@](C)(Oc2ccccc2)C(=O)O)cc1,463.555,5.798,81.79,1,6,10,4,33,1.0
CHEMBL77517,INDISULAM,NS(=O)(=O)c1ccc(S(=O)(=O)Nc2cccc3c(Cl)c[nH]c23)cc1,385.854,2.27,122.12,3,4,4,3,24,1.0
CHEMBL77552,CENTAUREIDIN,COc1ccc(-c2oc3cc(O)c(OC)c(O)c3c(=O)c2OC)cc1O,360.318,2.603,118.59,3,8,4,3,26,1.0
CHEMBL77575,(R)-NIPECOTIC ACID,O=C(O)[C@@H]1CCCNC1,129.159,0.071,49.33,2,2,1,0,9,2.0
CHEMBL77622,DOPEXAMINE,Oc1ccc(CCNCCCCCCNCCc2ccccc2)cc1O,356.51,3.623,64.52,4,4,13,2,26,3.0
CHEMBL77651,SOPHOFLAVESCENOL,COc1cc(O)c(CC=C(C)C)c2oc(-c3ccc(O)cc3)c(O)c(=O)c12,368.385,4.094,100.13,3,6,4,3,27,0.0
CHEMBL77705,GARDENIN,COc1cc(-c2cc(=O)c3c(O)c(OC)c(OC)c(OC)c3o2)cc(OC)c1OC,418.398,3.217,105.82,1,9,7,3,30,2.0
CHEMBL77751,NRB 03731,C[C@]12CC[C@H](O)CC1=CCC1C2CC[C@]2(C)/C(=N/NC(N)=O)CCC12,345.487,3.334,87.71,3,3,1,0,25,2.0
CHEMBL77921,MEDETOMIDINE,Cc1cccc(C(C)c2c[nH]cn2)c1C,200.285,3.178,28.68,1,1,2,2,15,4.0
CHEMBL77966,RETUSIN,COc1cc(O)c2c(=O)c(OC)c(-c3ccc(OC)c(OC)c3)oc2c1,358.346,3.2,87.36,1,7,5,3,26,3.0
CHEMBL77993,"3,5,6,7,8,3',4'-HEPTAMETHOXYFLAVONE",COc1ccc(-c2oc3c(OC)c(OC)c(OC)c(OC)c3c(=O)c2OC)cc1OC,432.425,3.52,94.82,0,9,8,3,31,2.0
CHEMBL78010,PECTOLINARIGENIN,COc1ccc(-c2cc(=O)c3c(O)c(OC)c(O)cc3o2)cc1,314.293,2.888,89.13,2,6,3,3,23,2.0
CHEMBL78150,TYRPHOSTIN A9,CC(C)(C)c1cc(C=C(C#N)C#N)cc(C(C)(C)C)c1O,282.387,4.418,67.81,1,3,1,1,21,3.0
CHEMBL78249,TRYPHOSTIN,N#CC(Cc1ccc(O)c(O)c1)C(=N)S,222.269,1.687,88.1,4,4,3,1,15,1.0
CHEMBL78257,TYRPHOSTIN 51,N#CC(C#N)=C(N)/C(C#N)=C/c1cc(O)c(O)c(O)c1,268.232,0.97,158.08,4,7,2,1,20,1.0
CHEMBL78535,ANCRIVIROC,CCO/N=C(\c1ccc(Br)cc1)C1CCN(C2(C)CCN(C(=O)c3c(C)cc[n+]([O-])c3C)CC2)CC1,557.533,4.847,72.08,0,5,6,2,36,1.0
CHEMBL78562,PHENYL METHYL BORINIC ACID,CB(O)c1ccccc1,119.96,0.507,20.23,1,1,1,,,3.0
CHEMBL78628,NEGAMYCIN,CN(CC(=O)O)NC(=O)C[C@H](N)C[C@@H](O)CN,248.283,-2.539,141.91,5,6,8,0,17,1.0
CHEMBL78746,ACETYLPROLYLTHREONYLPROLYLSERINAMIDE(ACPTPSNH2),CC(=O)N1CCC[C@@H]1C(=O)N[C@H](C(=O)N1CCC[C@@H]1C(=O)N[C@@H](CO)C(N)=O)[C@@H](C)O,441.485,-3.184,182.37,5,7,8,0,31,0.0
CHEMBL78871,GANTOFIBAN,CCOC(=O)CN1CCN(C[C@@H]2CN(c3ccc(C(=N)NC(=O)OC)cc3)C(=O)O2)CC1,447.492,0.874,124.5,2,9,7,1,32,0.0
CHEMBL79129,KUKOAMINE A,O=C(CCc1ccc(O)c(O)c1)NCCCNCCCCNCCCNC(=O)CCc1ccc(O)c(O)c1,530.666,2.046,163.18,8,8,19,2,38,1.0
CHEMBL79261,DU 125530,O=C1c2ccccc2S(=O)(=O)N1CCCCN1CCN(c2cc(Cl)cc3c2OCCO3)CC1,491.997,2.858,79.39,0,7,6,2,33,2.0
CHEMBL79280,BATABULIN,COc1ccc(NS(=O)(=O)c2c(F)c(F)c(F)c(F)c2F)cc1F,371.258,3.331,55.4,1,3,4,2,24,3.0
CHEMBL79451,THIOXANTHENE,c1ccc2c(c1)Cc1ccccc1S2,198.29,3.742,0.0,0,1,0,2,14,4.0
CHEMBL79487,ESULATIN D,C=C1[C@H](OC(C)=O)C[C@@H](OC(C)=O)C(C)(C)/C=C/[C@@H](C)C(=O)[C@@]2(OC(C)=O)C[C@@](C)(OC(C)=O)[C@H](OC(C)=O)[C@@H]2[C@H]1OC(C)=O,636.691,3.104,174.87,0,13,6,0,45,2.0
CHEMBL79512,4-PHENYL-BUTYLAMINE,NCCCCc1ccccc1,149.237,1.968,26.02,1,1,4,1,11,3.0
CHEMBL79533,16-HYDROXYVERRUCARIN A,CC1CCOC(=O)/C=C/C=C\C(=O)O[C@@H]2C[C@H]3O[C@@H]4C=C(CO)CC[C@]4(COC(=O)C1O)[C@]2(C)C31CO1,518.559,1.143,141.12,2,10,1,0,37,0.0
CHEMBL79834,SPIRAMIDE,O=C1NCN(c2ccccc2)C12CCN(CCCOc1ccc(F)cc1)CC2,383.467,3.023,44.81,1,4,6,2,28,3.0
CHEMBL79993,Z-PRO-PROLINAL,O=C[C@@H]1CCCN1C(=O)[C@@H]1CCCN1C(=O)OCc1ccccc1,330.384,1.977,66.92,0,4,4,1,24,3.0
CHEMBL80025,AVERMECTIN,CCC(C)[C@H]1O[C@]2(C=C[C@@H]1C)C[C@@H]1C[C@@H](C/C=C(\C)[C@@H](O[C@H]3C[C@H](OC)[C@@H](O[C@H]4C[C@H](OC)[C@@H](O)[C@H](C)O4)[C@H](C)O3)[C@@H](C)/C=C/C=C3\CO[C@@H]4[C@H](O)C(C)=C[C@@H](C(=O)O1)[C@]34O)O2,873.09,5.377,170.06,3,14,8,0,62,0.0
CHEMBL80257,D-PROLINE,O=C(O)[C@H]1CCCN1,115.132,-0.177,49.33,2,2,1,0,8,2.0
CHEMBL80386,IVOSPEMIN,CCNCC[C@H](O)CNCCCCNC[C@@H](O)CCNCC,318.506,-0.333,88.58,6,6,17,0,22,1.0
CHEMBL80460,PLATANIC ACID,CC(=O)[C@@H]1CC[C@]2(C(=O)O)CC[C@]3(C)[C@H](CC[C@@H]4[C@@]5(C)CC[C@H](O)C(C)(C)[C@@H]5CC[C@]43C)[C@@H]12,458.683,6.102,74.6,2,3,2,0,33,0.0
CHEMBL80548,GLYCYL PROLINE,NCC(=O)N1CCC[C@H]1C(=O)O,172.184,-0.979,83.63,2,3,2,0,12,1.0
CHEMBL80632,BUTITAXEL,CC(=O)O[C@@]12COC1C[C@H](O)[C@@]1(C)C(=O)[C@H](O)C3=C(C)[C@@H](OC(=O)[C@H](O)[C@@H](NC(=O)c4ccccc4)C(C)(C)C)C[C@@](O)([C@@H](OC(=O)c4ccccc4)[C@@H]12)C3(C)C,791.891,2.838,215.22,5,13,8,2,57,1.0
CHEMBL80830,BUCILLAMINE,CC(C)(S)C(=O)N[C@@H](CS)C(=O)O,223.319,0.194,66.4,4,4,4,0,13,2.0
CHEMBL80937,LERGOTRILE,CN1C[C@H](CC#N)C[C@@H]2c3cccc4[nH]c(Cl)c(c34)C[C@H]21,299.805,3.695,42.82,1,2,1,2,21,4.0
CHEMBL81089,MURISOLIN,CCCCCCCCCCCC[C@@H](O)[C@H]1CC[C@H]([C@H](O)CCCCCCCCCC[C@@H](O)CC2=C[C@H](C)OC2=O)O1,580.891,8.091,96.22,3,6,26,0,41,0.0
CHEMBL81290,16-HYDROXYRORIDIN A,CC(O)C1/C=C/C=C\C(=O)O[C@@H]2C[C@H]3O[C@@H]4C=C(CO)CC[C@]4(COC(=O)C(O)C(C)CCO1)[C@]2(C)C31CO1,548.629,1.366,144.28,3,10,2,0,39,0.0
CHEMBL81324,NORCHLORCYCLIZINE,Clc1ccc(C(c2ccccc2)N2CCNCC2)cc1,286.806,3.335,15.27,1,2,3,2,20,4.0
CHEMBL81379,RETINAL,CC1=C(/C=C/C(C)=C/C=C/C(C)=C/C=O)C(C)(C)CCC1,284.443,5.717,17.07,0,1,5,0,21,3.0
CHEMBL81421,(+)-ALPHA-TOCOPHERYL SUCCINATE,Cc1c(C)c2c(c(C)c1OC(=O)CCC(=O)O)CC[C@@](C)(CCC[C@H](C)CCC[C@H](C)CCCC(C)C)O2,530.79,8.905,72.83,1,4,16,1,38,1.0
CHEMBL81556,DIPHENYL BORINIC ACID,OB(c1ccccc1)c1ccccc1,182.031,0.785,20.23,1,1,2,,,3.0
CHEMBL81721,TRIIODOPHENOL,Oc1c(I)cc(I)cc1I,471.801,3.206,20.23,1,1,0,1,10,3.0
CHEMBL81880,ACRIDINE ORANGE,CN(C)c1ccc2cc3ccc(N(C)C)cc3nc2c1,265.36,3.52,19.37,0,3,2,3,20,4.0
CHEMBL81923,DEHYDROEVODIAMINE,C[n+]1c2n(c(=O)c3ccccc31)CCc1c-2[nH]c2ccccc12,302.357,2.53,41.67,1,2,0,4,23,4.0
CHEMBL81977,3-AMINOBENZAMIDE,NC(=O)c1cccc(N)c1,136.154,0.368,69.11,2,2,1,1,10,2.0
CHEMBL82019,ACETYLTHREONYLPROLYLSERYLPROLINAMIDE(ACTPSPNH2),CC(=O)N[C@H](C(=O)N1CCC[C@H]1C(=O)N[C@@H](CO)C(=O)N1CCC[C@H]1C(N)=O)[C@@H](C)O,441.485,-3.184,182.37,5,7,8,0,31,0.0
CHEMBL82026,BENZO[B]ACRONYCINE,COc1cc2c(c3c1c(=O)c1cc4ccccc4cc1n3C)C=CC(C)(C)O2,371.436,5.038,40.46,0,4,1,4,28,2.0
CHEMBL82202,PYRIDOXAL PHOSPHATE ANHYDROUS,Cc1ncc(COP(=O)(O)O)c(C=O)c1O,247.143,0.517,116.95,3,5,4,1,16,1.0
CHEMBL82242,QUERCITRIN,C[C@@H]1O[C@@H](Oc2c(-c3ccc(O)c(O)c3)oc3cc(O)cc(O)c3c2=O)[C@H](O)[C@H](O)[C@H]1O,448.38,0.489,190.28,7,11,3,3,32,0.0
CHEMBL82293,PALMITIC ACID,CCCCCCCCCCCCCCCC(=O)O,256.43,5.552,37.3,1,1,14,0,18,3.0
CHEMBL82298,IMMETHRIDINE,c1cc(Cc2cnc[nH]2)ccn1,159.192,1.395,41.57,1,2,2,2,12,3.0
CHEMBL82301,VICRIVIROC,COC[C@@H](c1ccc(C(F)(F)F)cc1)N1CCN(C2(C)CCN(C(=O)c3c(C)ncnc3C)CC2)C[C@@H]1C,533.639,4.501,61.8,0,6,6,2,38,2.0
CHEMBL82303,PICROPODOPHYLLONE,COc1cc([C@@H]2c3cc4c(cc3C(=O)[C@H]3COC(=O)[C@@H]23)OCO4)cc(OC)c1OC,412.394,2.559,89.52,0,8,4,2,30,2.0
CHEMBL82411,INDOLE-3-ACETIC ACID,O=C(O)Cc1c[nH]c2ccccc12,175.187,1.795,53.09,2,1,2,2,13,2.0
CHEMBL82446,AGOSTEROL A,CC(=O)O[C@@H]1[C@@H]2[C@@H](OC(C)=O)C=C3[C@H]([C@H](O)C[C@]4(C)[C@@H]([C@H](C)[C@H](O)CCC(C)C)CC[C@@H]34)[C@@]2(C)CC[C@@H]1OC(C)=O,576.771,4.984,119.36,2,8,8,0,41,0.0
CHEMBL82452,ECHIGUANINE A,N=C(N)CCNC(=O)c1c[nH]c2nc(N)nc(O)c12,263.261,-0.698,166.79,6,6,4,2,19,1.0
CHEMBL82492,PHENOXATHIINE,c1ccc2c(c1)Oc1ccccc1S2,200.262,3.944,9.23,0,2,0,2,14,4.0
CHEMBL82519,PRIMAPERONE,O=C(CCCN1CCCCC1)c1ccc(F)cc1,249.329,3.275,20.31,0,2,5,1,18,4.0
CHEMBL82570,MYCOTHIOL BIMANE,CC(=O)N[C@H](CSCc1c(C)c(=O)n2c(=O)c(C)c(C)n12)C(=O)NC1C(OC2C(O)C(O)C(O)C(O)C2O)OC(CO)C(O)C1O,676.698,-6.013,281.46,10,17,10,2,46,0.0
CHEMBL82663,SIBENADET,O=S(=O)(CCCOCCc1ccccc1)CCNCCc1ccc(O)c2nc(O)sc12,464.609,2.904,108.75,3,8,13,3,31,1.0
CHEMBL82700,STRINOLINE,c1ccc2c(c1)ncc1ncnnc12,182.186,1.573,51.56,0,4,0,3,14,3.0
CHEMBL82970,SALICYLANILIDE,O=C(Nc1ccccc1)c1ccccc1O,213.236,2.645,49.33,2,2,2,2,16,3.0
CHEMBL83063,RITODRINE,CC(NCCc1ccc(O)cc1)C(O)c1ccc(O)cc1,287.359,2.352,72.72,4,4,6,2,21,2.0
CHEMBL83139,UNDECYLPRODIGININE,CCCCCCCCCCCC1=N/C(=C\c2[nH]c(-c3ccc[nH]3)cc2OC)C=C1,393.575,7.291,53.17,2,2,13,2,29,1.0
CHEMBL83148,PHENYL(PHENYLSULFONYL)AMINE,O=S(=O)(Nc1ccccc1)c1ccccc1,233.292,2.487,46.17,1,2,3,2,16,4.0
CHEMBL83154,2-AMINOANTHRACENE,Nc1ccc2cc3ccccc3cc2c1,193.249,3.575,26.02,1,1,0,3,15,4.0
CHEMBL83294,COUMARIN-3-CARBOXYLIC ACID,O=C(O)c1cc2ccccc2oc1=O,190.154,1.491,67.51,1,3,1,2,14,3.0
CHEMBL83520,LOSOXANTRONE,O=C1c2c(O)cccc2-c2nn(CCNCCO)c3ccc(NCCNCCO)c1c23,425.489,0.529,131.67,6,9,11,3,31,0.0
CHEMBL83527,PTEROSTILBENE,COc1cc(/C=C/c2ccc(O)cc2)cc(OC)c1,256.301,3.58,38.69,1,3,4,2,19,4.0
CHEMBL83626,SUCCINOBUCOL,CC(C)(Sc1cc(C(C)(C)C)c(O)c(C(C)(C)C)c1)Sc1cc(C(C)(C)C)c(OC(=O)CCC(=O)O)c(C(C)(C)C)c1,616.93,9.973,83.83,2,6,8,2,42,0.0
CHEMBL83628,CHROMOCARB,O=C(O)c1cc(=O)c2ccccc2o1,190.154,1.491,67.51,1,3,1,2,14,3.0
CHEMBL83668,TOLNAFTATE,Cc1cccc(N(C)C(=S)Oc2ccc3ccccc3c2)c1,307.418,4.948,12.47,0,2,2,3,22,3.0
CHEMBL83747,PSAMMAPLIN A,O=C(NCCSSCCNC(=O)/C(Cc1ccc(O)c(Br)c1)=N/O)/C(Cc1ccc(O)c(Br)c1)=N/O,664.398,3.682,163.84,6,10,13,2,36,1.0
CHEMBL83894,FANANSERIN,O=S1(=O)c2cccc3cccc(c23)N1CCCN1CCN(c2ccc(F)cc2)CC1,425.529,3.7,43.86,0,4,5,3,30,3.0
CHEMBL83906,IODOALPHIONIC ACID,O=C(O)C(Cc1cc(I)c(O)c(I)c1)c1ccccc1,494.066,4.012,57.53,2,2,4,2,20,1.0
CHEMBL83980,BOHEMINE,CC(C)n1cnc2c(NCc3ccccc3)nc(NCCCO)nc21,340.431,2.814,87.89,3,7,8,3,25,2.0
CHEMBL84011,NIFURTHIAZOLE,O=CNNc1nc(-c2ccc([N+](=O)[O-])o2)cs1,254.227,1.384,110.3,2,7,5,2,17,1.0
CHEMBL84060,"(R,S)-FIDARESTAT",NC(=O)[C@H]1C[C@]2(NC(=O)NC2=O)c2cc(F)ccc2O1,279.227,-0.503,110.52,3,4,1,1,20,1.0
CHEMBL84158,TIAPRIDE,CCN(CC)CCNC(=O)c1cc(S(C)(=O)=O)ccc1OC,328.434,1.17,75.71,1,5,8,1,22,2.0
CHEMBL84336,THIOCYANIC ACID,N#CS,59.093,0.397,23.79,1,2,0,0,3,3.0
CHEMBL84446,FIDARESTAT,NC(=O)[C@@H]1C[C@]2(NC(=O)NC2=O)c2cc(F)ccc2O1,279.227,-0.503,110.52,3,4,1,1,20,1.0
CHEMBL84567,TRACAZOLATE,CCCCNc1c(C(=O)OCC)c(C)nc2c1cnn2CC,304.394,3.148,69.04,1,6,7,2,22,4.0
CHEMBL84617,TREFENTANIL,CCC(=O)N(c1ccccc1F)C1(c2ccccc2)CCN(CCn2nnn(CC)c2=O)CC1,466.561,3.033,76.26,0,7,8,3,34,2.0
CHEMBL84844,DEOXYMANNOJIRIMYCIN,OC[C@H]1NC[C@@H](O)[C@@H](O)[C@@H]1O,163.173,-2.967,92.95,5,5,1,0,11,1.0
CHEMBL84963,BENZOTRIAZOLE,c1ccc2[nH]nnc2c1,119.127,0.958,41.57,1,2,0,2,9,3.0
CHEMBL85065,NAPHTHYLCOMBRETASTATIN,COc1cc(/C=C\c2ccc3ccccc3c2)cc(OC)c1OC,320.388,5.036,27.69,0,3,5,3,24,3.0
CHEMBL85074,MERIBENDAN,CC1CC(=O)NN=C1c1ccc2[nH]c(-c3cc[nH]n3)nc2c1,294.318,1.813,98.82,3,4,2,3,22,1.0
CHEMBL85109,ORTHOTOLIDINE,Cc1cc(-c2ccc(N)c(C)c2)ccc1N,212.296,3.135,52.04,2,2,1,2,16,3.0
CHEMBL85139,RUTAECARPINE,O=c1c2ccccc2nc2n1CCc1c-2[nH]c2ccccc12,287.322,3.101,50.68,1,3,0,4,22,4.0
CHEMBL85140,PROTHEOBROMINE,CC(O)Cn1c(=O)c2c(ncn2C)n(C)c1=O,238.247,-1.186,82.05,1,7,2,2,17,2.0
CHEMBL85164,CAMOSTAT MESILATE,CN(C)C(=O)COC(=O)Cc1ccc(OC(=O)c2ccc(NC(=N)N)cc2)cc1.CS(=O)(=O)O,494.526,0.889,189.18,4,8,7,2,29,0.0
CHEMBL85231,MEDIFOXAMINE,CN(C)CC(Oc1ccccc1)Oc1ccccc1,257.333,3.032,21.7,0,3,6,2,19,4.0
CHEMBL85233,"4,4-DIANTIPYRYLMETHANE MONOHYDRATE",Cc1c(Cc2c(C)n(C)n(-c3ccccc3)c2=O)c(=O)n(-c2ccccc2)n1C,388.471,2.873,53.86,0,6,4,4,29,3.0
CHEMBL85320,KELATORPHAN,C[C@H](NC(=O)[C@@H](CC(=O)NO)Cc1ccccc1)C(=O)O,294.307,0.33,115.73,4,4,7,1,21,1.0
CHEMBL85398,THIAZOLIDINEDIONE,O=C1CSC(=O)N1,117.129,-0.031,46.17,1,3,0,0,7,3.0
CHEMBL85557,ESTER OF PHOSPHOLIPID,CCCCCCCCCCP(=O)(O)OC(COCCCCCCCCCC(=O)OC)COP(=O)([O-])OCC[N+](C)(C)C,645.752,6.216,140.65,1,9,30,0,42,1.0
CHEMBL85685,CHRYSENE,c1ccc2c(c1)ccc1c3ccccc3ccc21,228.294,5.146,0.0,0,0,0,4,18,3.0
CHEMBL85724,DIMETHYLROSOXACIN,CCn1cc(C(=O)O)c(=O)c2ccc(-c3cc(C)nc(C)c3)cc21,322.364,3.398,72.19,1,4,3,3,24,3.0
CHEMBL85728,"4,4'-METHYLENEDIANILINE",Nc1ccc(Cc2ccc(N)cc2)cc1,198.269,2.442,52.04,2,2,2,2,15,3.0
CHEMBL85799,ETIOCHOLANOLONE,C[C@]12CC[C@@H](O)C[C@H]1CC[C@@H]1[C@@H]2CC[C@]2(C)C(=O)CC[C@@H]12,290.447,3.959,37.3,1,2,0,0,21,4.0
CHEMBL85907,Geranyl gallate,CC(C)=CCC/C(C)=C/COC(=O)c1cc(O)c(O)c(O)c1,306.358,3.653,86.99,3,5,6,1,22,2.0
CHEMBL85959,ENAZADREM,Cc1nc(NCCCCCCc2ccccc2)nc(C)c1O,299.418,4.014,58.04,2,4,8,2,22,2.0
CHEMBL86075,CALEBI A,COc1cc(/C=C/C(=O)COC(=O)/C=C/c2ccc(O)c(OC)c2)ccc1O,384.384,2.954,102.29,2,7,8,2,28,1.0
CHEMBL86304,MOCLOBEMIDE,O=C(NCCN1CCOCC1)c1ccc(Cl)cc1,268.744,1.402,41.57,1,3,4,1,18,3.0
CHEMBL86416,COSTUNOLIDE,C=C1C(=O)O[C@@H]2/C=C(\C)CC/C=C(\C)CC[C@@H]12,232.323,3.551,26.3,0,2,0,0,17,4.0
CHEMBL86491,14-EPI-7'-DEOXYRITTERAZINE B,C[C@H]1C2C(C[C@H]3C4CCC5Cc6nc7c(nc6C[C@]5(C)C4C[C@@H](O)[C@]23C)CC2CCC3C4=CC5O[C@]6(CC[C@](C)(O)CO6)[C@@H](C)C5(O)[C@@]4(C)[C@H](O)CC3[C@@]2(C)C7)OC12CCC(C)(C)O2,883.224,7.433,143.62,4,10,0,1,64,0.0
CHEMBL86537,SPLITOMICIN,O=C1CCc2c(ccc3ccccc23)O1,198.221,2.691,26.3,0,2,0,2,15,4.0
CHEMBL86715,PROCYCLIDINE,OC(CCN1CCCC1)(c1ccccc1)C1CCCCC1,287.447,3.94,23.47,1,2,5,1,21,4.0
CHEMBL86749,MABUTEROL,CC(C)(C)NCC(O)c1cc(Cl)c(N)c(C(F)(F)F)c1,310.747,3.363,58.28,3,3,3,1,20,3.0
CHEMBL86754,IODOQUINOL,Oc1c(I)cc(I)c2cccnc12,396.953,3.15,33.12,1,2,0,2,13,3.0
CHEMBL86795,INDAZOLE,c1ccc2[nH]ncc2c1,118.139,1.563,28.68,1,1,0,2,9,3.0
CHEMBL86882,ETILEFRINE,CCNCC(O)c1cccc(O)c1,181.235,1.035,52.49,3,3,4,1,13,2.0
CHEMBL86954,AMINOMETHYLAMIDE,NCC(N)=O,74.083,-1.57,69.11,2,2,1,0,5,2.0
CHEMBL87045,CIFENLINE,c1ccc(C2(c3ccccc3)CC2C2=NCCN2)cc1,262.356,2.994,24.39,1,2,3,2,20,4.0
CHEMBL87112,BENZOTHIOPHENE,c1ccc2sccc2c1,134.203,2.901,0.0,0,1,0,2,9,4.0
CHEMBL87223,AMINOQUINURIDE,Cc1cc(N)c2cc(NC(=O)Nc3ccc4nc(C)cc(N)c4c3)ccc2n1,372.432,4.208,118.95,4,5,2,4,28,0.0
CHEMBL87285,ANDROSTERONE,C[C@]12CC[C@@H](O)C[C@@H]1CC[C@@H]1[C@@H]2CC[C@]2(C)C(=O)CC[C@@H]12,290.447,3.959,37.3,1,2,0,0,21,4.0
CHEMBL87333,CIS-RESVERATROL,Oc1ccc(/C=C\c2cc(O)cc(O)c2)cc1,228.247,2.974,60.69,3,3,2,2,17,3.0
CHEMBL87379,BENZOVESAMICOL,O[C@@H]1Cc2ccccc2C[C@H]1N1CCC(c2ccccc2)CC1,307.437,3.394,23.47,1,2,2,2,23,4.0
CHEMBL87385,CLOPENTHIXOL,OCCN1CCN(CC/C=C2\c3ccccc3Sc3ccc(Cl)cc32)CC1,400.975,4.236,26.71,1,4,5,2,27,2.0
CHEMBL87482,4-AMINO-3- (5-CHLOROTHIEN-2-YL)BUTANOIC ACID,NCC(CC(=O)O)c1ccc(Cl)s1,219.693,1.918,63.32,2,3,4,1,13,2.0
CHEMBL87493,FENFLURAMINE,CCNC(C)Cc1cccc(C(F)(F)F)c1,231.261,3.246,12.03,1,1,4,1,16,4.0
CHEMBL87543,LORCAINIDE,CC(C)N1CCC(N(C(=O)Cc2ccccc2)c2ccc(Cl)cc2)CC1,370.924,4.789,23.55,0,2,5,2,26,2.0
CHEMBL87563,GABEXATE,CCOC(=O)c1ccc(OC(=O)CCCCCNC(=N)N)cc1,321.377,1.812,114.5,3,5,9,1,23,1.0
CHEMBL87697,EPANOLOL,N#Cc1ccccc1OCC(O)CNCCNC(=O)Cc1ccc(O)cc1,369.421,0.952,114.61,4,6,10,2,27,0.0
CHEMBL87708,LOFEPRAMINE,CN(CCCN1c2ccccc2CCc2ccccc21)CC(=O)c1ccc(Cl)cc1,418.968,5.782,23.55,0,3,7,3,30,2.0
CHEMBL87728,ELAROFIBAN,O=C(O)C[C@H](NC(=O)[C@@H]1CCCN(C(=O)CCC2CCNCC2)C1)c1cccnc1,416.522,1.732,111.63,3,5,8,1,30,0.0
CHEMBL87967,ITACONIC ANHYDRIDE,C=C1CC(=O)OC1=O,112.084,0.016,43.37,0,3,0,0,8,3.0
CHEMBL87992,ESLICARBAZEPINE ACETATE,CC(=O)O[C@H]1Cc2ccccc2N(C(N)=O)c2ccccc21,296.326,3.064,72.63,1,3,1,2,22,3.0
CHEMBL88055,RIMITEROL,Oc1ccc(C(O)C2CCCCN2)cc1O,223.272,1.273,72.72,4,4,2,1,16,1.0
CHEMBL88153,CDC-801,COc1ccc(C(CC(N)=O)N2C(=O)c3ccccc3C2=O)cc1OC1CCCC1,408.454,3.229,98.93,1,5,7,2,30,2.0
CHEMBL88158,TETRADECANAMIDE,CCCCCCCCCCCCCC(N)=O,227.392,4.173,43.09,1,1,12,0,16,3.0
CHEMBL88240,ALNIDITAN,c1ccc2c(c1)CC[C@H](CNCCCNC1=NCCCN1)O2,302.422,1.299,57.68,3,5,6,1,22,2.0
CHEMBL88244,BETA-EUDESMOL,C=C1CCC[C@]2(C)CC[C@@H](C(C)(C)O)C[C@@H]12,222.372,3.92,20.23,1,1,1,0,16,4.0
CHEMBL88259,GLYFOLINE,COc1c(OC)c(OC)c2c(c1O)c(=O)c1ccc(O)c(OC)c1n2C,361.35,2.137,99.38,2,8,4,3,26,1.0
CHEMBL88311,OCTADECANOIC ACID AMIDE,CCCCCCCCCCCCCCCCCC(N)=O,283.5,5.733,43.09,1,1,16,0,20,3.0
CHEMBL88316,AZACYCLOTRIDECANE,C1CCCCCCNCCCCC1,183.339,3.491,12.03,1,1,0,0,13,4.0
CHEMBL88402,"RS-102,221",COc1cc(OC)c(C(=O)CCCCN2CCC3(CC2)NC(=O)NC3=O)cc1NS(=O)(=O)c1ccc(C(F)(F)F)cc1,612.627,3.55,143.14,3,8,11,2,42,1.0
CHEMBL88611,8-CHLOROTHEOPHYLLINE,Cn1c(=O)c2[nH]c(Cl)nc2n(C)c1=O,214.612,-0.386,72.68,1,5,0,2,14,2.0
CHEMBL88691,PIROLATE,CCOC(=O)c1nc(=O)c2cc3cc(OC)c(OC)cc3nc2[nH]1,329.312,1.665,103.4,1,7,4,3,24,2.0
CHEMBL88700,ISOVANILLIC ACID,COc1ccc(C(=O)O)cc1O,168.148,1.099,66.76,2,3,2,1,12,2.0
CHEMBL88712,VELIFLAPON,O=C(O)[C@@H](c1ccc(OCc2ccc3ccccc3n2)cc1)C1CCCC1,361.441,5.172,59.42,1,3,6,3,27,2.0
CHEMBL88804,(S)-2-AMINOADIPIC ACID,N[C@@H](CCCC(=O)O)C(=O)O,161.157,-0.347,100.62,3,3,5,0,11,1.0
CHEMBL88972,"PYRIDINE-2,5-DICARBOXYLIC ACID",O=C(O)c1ccc(C(=O)O)nc1,167.12,0.478,87.49,2,3,2,1,12,1.0
CHEMBL88985,DEHYDROCOSTUSLACTONE,C=C1CC[C@H]2C(=C)CC[C@H]3C(=C)C(=O)O[C@@H]3[C@@H]12,230.307,3.017,26.3,0,2,0,0,17,4.0
CHEMBL88990,NITRAQUAZONE,CCn1c(=O)c2ccccc2n(-c2cccc([N+](=O)[O-])c2)c1=O,311.297,2.081,87.14,0,6,3,3,23,3.0
CHEMBL89138,CURACIN A,C=CC[C@@H](CC/C(C)=C/C=C/CC/C=C\[C@@H]1CSC([C@@H]2C[C@@H]2C)=N1)OC,373.606,6.367,21.59,0,3,12,0,26,2.0
CHEMBL89295,SODIUM AZIDE,[N-]=[N+]=[N-].[Na+],65.011,-2.13,58.7,0,0,0,0,3,3.0
CHEMBL89306,DIHYDROCOUMARIN,O=C1CCc2ccccc2O1,148.161,1.538,26.3,0,2,0,1,11,3.0
CHEMBL89311,SANTAMARIN,C=C1C(=O)O[C@@H]2[C@H]3C(C)=CC[C@@H](O)[C@]3(C)CC[C@@H]12,248.322,2.211,46.53,1,3,0,0,18,4.0
CHEMBL89326,MOXILUBANT,COc1cc(C(=O)N(C(C)C)C(C)C)ccc1OCCCCCOc1ccc(C(=N)N)cc1,455.599,4.866,97.87,2,5,13,2,33,0.0
CHEMBL89401,HYDNOCARPIN,COc1cc([C@H]2Oc3cc(-c4cc(=O)c5c(O)cc(O)cc5o4)ccc3O[C@@H]2CO)ccc1O,464.426,3.459,138.82,4,9,4,4,34,1.0
CHEMBL89445,TERPYRIDINE,c1ccc(-c2cccc(-c3ccccn3)n2)nc1,233.274,3.206,38.67,0,3,2,3,18,4.0
CHEMBL89598,VIGABATRIN,C=CC(N)CCC(=O)O,129.159,0.365,63.32,2,2,4,0,9,2.0
CHEMBL89700,METHYLHONOKIOL,C=CCc1ccc(O)c(-c2ccc(OC)c(CC=C)c2)c1,280.367,4.525,29.46,1,2,6,2,21,3.0
CHEMBL89705,TALLIMUSTINE,Cn1cc(NC(=O)c2cc(NC(=O)c3cc(NC(=O)c4ccc(N(CCCl)CCCl)cc4)cn3C)cn2C)cc1C(=O)NCCC(=N)N,697.628,3.799,184.3,6,9,15,4,48,1.0
CHEMBL89780,SODIUM PHENYL ETHOXYCARBONYLPHOSPHONATE,CCOC(=O)P(=O)([O-])Oc1ccccc1.[Na+],252.138,-1.221,75.66,0,5,4,1,15,2.0
CHEMBL89786,2-PHENYLQUINOLINE,c1ccc(-c2ccc3ccccc3n2)cc1,205.26,3.902,12.89,0,1,1,3,16,4.0
CHEMBL89905,4'-DEMETHYLDEOXYPODOPHYLLOTOXIN,COc1cc([C@@H]2c3cc4c(cc3C[C@H]3COC(=O)[C@@H]32)OCO4)cc(OC)c1O,384.384,2.615,83.45,1,7,3,2,28,2.0
CHEMBL90017,ALPHA-TERTHIENYL,c1csc(-c2ccc(-c3cccs3)s2)c1,248.397,5.205,0.0,0,3,2,3,15,3.0
CHEMBL90019,IMBUTAMINE,NCCCCc1c[nH]cn1,139.202,0.691,54.7,2,2,4,1,10,2.0
CHEMBL90039,BENZOPHENONE,O=C(c1ccccc1)c1ccccc1,182.222,2.918,17.07,0,1,2,2,14,4.0
CHEMBL90095,SODIUM BUTYL METHOXYCARBONYLPHOSPHONATE,CCCCOP(=O)([O-])C(=O)OC.[Na+],218.121,-1.873,75.66,0,5,5,0,12,2.0
CHEMBL90200,DISODIUM (BENZYLOXY)CARBONYLPHOSPHONATE,O=C(OCc1ccccc1)P(=O)([O-])[O-].[Na+].[Na+],260.093,-5.755,89.49,0,5,3,1,14,2.0
CHEMBL90214,TICOLUBANT,O=C(O)/C=C/c1nc(CSc2c(Cl)cccc2Cl)ccc1OCCc1ccccc1,460.382,6.4,59.42,1,4,9,3,30,2.0
CHEMBL90437,METHYL DIBUTOXYPHOSPHINECARBOXYLATE OXIDE,CCCCOP(=O)(OCCCC)C(=O)OC,252.247,3.579,61.83,0,5,9,0,16,4.0
CHEMBL90534,SODIUM ETHYL ETHOXYCARBONYLPHOSPHONATE,CCOC(=O)P(=O)([O-])OCC.[Na+],204.094,-2.263,75.66,0,5,4,0,11,2.0
CHEMBL90555,VINCRISTINE,CC[C@]1(O)C[C@H]2CN(CCc3c([nH]c4ccccc34)[C@@](C(=O)OC)(c3cc4c(cc3OC)N(C=O)[C@H]3[C@@](O)(C(=O)OC)[C@H](OC(C)=O)[C@]5(CC)C=CCN6CC[C@]43[C@@H]65)C2)C1,824.972,3.518,171.17,3,12,8,3,60,1.0
CHEMBL90564,MIDAFOTEL,O=C(O)[C@H]1CN(C/C=C/P(=O)(O)O)CCN1,250.191,-0.964,110.1,4,4,4,0,16,1.0
CHEMBL90568,DIOSMETIN,COc1ccc(-c2cc(=O)c3c(O)cc(O)cc3o2)cc1O,300.266,2.585,100.13,3,6,2,3,22,2.0
CHEMBL90572,THIOACETATE ESTER,CC(=O)SCCO/N=[N+](\[O-])N(C)C,207.255,0.637,67.97,0,5,5,0,13,3.0
CHEMBL90593,PRASTERONE,C[C@]12CC[C@H](O)CC1=CC[C@@H]1[C@@H]2CC[C@]2(C)C(=O)CC[C@@H]12,288.431,3.879,37.3,1,2,0,0,21,4.0
CHEMBL90852,N-OXALYLGLYCINE ,O=C(O)CNC(=O)C(=O)O,147.086,-1.728,103.7,3,3,2,0,10,1.0
CHEMBL90949,BUTYL DIMETHOXYPHOSPHINECARBOXYLATE OXIDE,CCCCOC(=O)P(=O)(OC)OC,210.166,2.409,61.83,0,5,6,0,13,4.0
CHEMBL90964,DISODIUM METHOXY(OXIDO)PHOSPHINECARBOXYLATE OXIDE,COP(=O)([O-])C(=O)[O-].[Na+].[Na+],183.995,-7.462,89.49,0,5,2,0,8,2.0
CHEMBL90982,DISODIUM BUTOXYCARBONYLPHOSPHONATE,CCCCOC(=O)P(=O)([O-])[O-].[Na+].[Na+],226.076,-6.155,89.49,0,5,4,0,11,2.0
CHEMBL90983,TERAMEPROCOL,COc1ccc(C[C@@H](C)[C@@H](C)Cc2ccc(OC)c(OC)c2)cc1OC,358.478,4.778,36.92,0,4,9,2,26,3.0
CHEMBL91153,"3',4'-DIMETHOXYFLAVONE",COc1ccc(-c2cc(=O)c3ccccc3o2)cc1OC,282.295,3.477,48.67,0,4,3,3,21,4.0
CHEMBL91174,DISODIUM PHENOXYCARBONYLPHOSPHONATE,O=C(Oc1ccccc1)P(=O)([O-])[O-].[Na+].[Na+],246.066,-5.893,89.49,0,5,2,1,13,2.0
CHEMBL91193,THERMINE,NCCCNCCCNCCCN,188.319,-0.747,76.1,4,4,10,0,13,1.0
CHEMBL91194,MADINDOLINE A,CCCCC1=C(C)C(=O)[C@](C)(CN2c3ccccc3[C@]3(O)CCOC23)C1=O,369.461,3.105,66.84,1,5,5,1,27,3.0
CHEMBL91202,CYCLOPENTYLMETHYL DIMETHOXYPHOSPHINECARBOXYLATE OXIDE,COP(=O)(OC)C(=O)OCC1CCCC1,236.204,2.799,61.83,0,5,5,0,15,4.0
CHEMBL91238,IPROCLOZIDE,CC(C)NNC(=O)COc1ccc(Cl)cc1,242.706,1.748,50.36,2,3,5,1,16,2.0
CHEMBL91262,CYCLOHEXYL DIMETHOXYPHOSPHINECARBOXYLATE OXIDE,COP(=O)(OC)C(=O)OC1CCCCC1,236.204,2.942,61.83,0,5,4,0,15,4.0
CHEMBL91353,HOMOHISTAMINE,NCCCc1c[nH]cn1,125.175,0.301,54.7,2,2,3,1,9,2.0
CHEMBL91397,RUPATADINE,Cc1cncc(CN2CCC(=C3c4ccc(Cl)cc4CCc4cccnc43)CC2)c1,415.968,5.635,29.02,0,3,2,3,30,2.0
CHEMBL91500,METHYL DIISOPROPOXYPHOSPHINECARBOXYLATE OXIDE,COC(=O)P(=O)(OC(C)C)OC(C)C,224.193,2.796,61.83,0,5,5,0,14,4.0
CHEMBL91546,PHENYL DIMETHOXYPHOSPHINECARBOXYLATE OXIDE,COP(=O)(OC)C(=O)Oc1ccccc1,230.156,2.671,61.83,0,5,4,1,15,4.0
CHEMBL91564,DISODIUM (CYCLOPENTYLMETHOXY)CARBONYLPHOSPHONATE,O=C(OCC1CCCC1)P(=O)([O-])[O-].[Na+].[Na+],252.114,-5.765,89.49,0,5,3,0,13,2.0
CHEMBL91590,ISOPROPYL DIMETHOXYPHOSPHINECARBOXYLATE OXIDE,COP(=O)(OC)C(=O)OC(C)C,196.139,2.017,61.83,0,5,4,0,12,4.0
CHEMBL91591,BENZYL DIMETHOXYPHOSPHINECARBOXYLATE OXIDE,COP(=O)(OC)C(=O)OCc1ccccc1,244.183,2.809,61.83,0,5,5,1,16,4.0
CHEMBL91672,AZUMOLENE SODIUM,O=C1CN(/N=C/c2ncc(-c3ccc(Br)cc3)o2)C(=O)[N-]1.[Na+],371.126,-0.222,89.87,0,5,3,2,21,1.0
CHEMBL91688,DECIMEMIDE,CCCCCCCCCCOc1c(OC)cc(C(N)=O)cc1OC,337.46,4.322,70.78,1,4,13,1,24,2.0
CHEMBL91704,K-777,CN1CCN(C(=O)N[C@@H](Cc2ccccc2)C(=O)N[C@H](/C=C/S(=O)(=O)c2ccccc2)CCc2ccccc2)CC1,574.747,3.66,98.82,2,5,11,3,41,1.0
CHEMBL91732,ALDICARB,CNC(=O)O/N=C/C(C)(C)SC,190.268,1.47,50.69,1,4,3,0,12,3.0
CHEMBL91777,VALYLTRYPTOPHAN,CC(C)[C@H](N)C(=O)N[C@@H](Cc1c[nH]c2ccccc12)C(=O)O,303.362,1.263,108.21,4,3,6,2,22,1.0
CHEMBL91829,RUBOXISTAURIN,CN(C)C[C@@H]1CCn2cc(c3ccccc32)C2=C(C(=O)NC2=O)c2cn(c3ccccc23)CCO1,468.557,3.514,68.5,1,6,2,4,35,3.0
CHEMBL91834,DISODIUM OXIDO(PHENOXY)PHOSPHINECARBOXYLATE OXIDE,O=C([O-])P(=O)([O-])Oc1ccccc1.[Na+].[Na+],246.066,-6.03,89.49,0,5,3,1,13,2.0
CHEMBL91883,DISODIUM ETHOXY(OXIDO)PHOSPHINECARBOXYLATE OXIDE,CCOP(=O)([O-])C(=O)[O-].[Na+].[Na+],198.022,-7.072,89.49,0,5,3,0,9,2.0
CHEMBL91913,DIHYDROKOPSINGINE,COC(=O)N1c2c(OC)cccc2[C@@]23CCN4CCC[C@]5(CC[C@]12[C@](O)(C(=O)OC)[C@@H]5O)[C@H]43,458.511,1.185,108.77,2,8,2,1,33,0.0
CHEMBL92024,N-HYDROXYMETHYLNICOTINAMIDE,O=C(NCO)c1cccnc1,152.153,-0.239,62.22,2,3,2,1,11,2.0
CHEMBL92129,CRYPTOLEPINE HYDROCHLORIDE,C[n+]1c2ccccc2cc2[n-]c3ccccc3c21.Cl,268.747,3.35,17.98,0,0,0,4,18,4.0
CHEMBL92173,PHENYL DIPHENOXYPHOSPHINECARBOXYLATE OXIDE,O=C(Oc1ccccc1)P(=O)(Oc1ccccc1)Oc1ccccc1,354.298,5.537,61.83,0,5,6,3,25,3.0
CHEMBL92230,ABIKOVIROMYCIN,C/C=C1\C=CC2=NCC[C@H]3OC213,161.204,1.485,24.89,0,2,0,0,12,3.0
CHEMBL92281,FLUACIZINE,CCN(CC)CCC(=O)N1c2ccccc2Sc2ccc(C(F)(F)F)cc21,394.462,5.567,23.55,0,3,5,2,27,2.0
CHEMBL92306,DISODIUM ETHOXYCARBONYLPHOSPHONATE,CCOC(=O)P(=O)([O-])[O-].[Na+].[Na+],198.022,-6.935,89.49,0,5,2,0,9,2.0
CHEMBL92401,IPRONIAZID,CC(C)NNC(=O)c1ccncc1,179.223,0.724,54.02,2,3,3,1,13,2.0
CHEMBL92444,NIDROXYZONE,NC(=O)N(CCO)/N=C/c1ccc([N+](=O)[O-])o1,242.191,-0.105,135.2,2,6,5,1,17,1.0
CHEMBL92484,APTIGANEL,CCc1cccc(N(C)C(=N)Nc2cccc3ccccc23)c1,303.409,4.885,39.12,2,1,3,3,23,2.0
CHEMBL92501,CIZOLIRTINE,CN(C)CCOC(c1ccccc1)c1ccnn1C,259.353,2.088,30.29,0,4,6,2,19,4.0
CHEMBL92583,CHLORCYCLOGUANIL,CC1(C)N=C(N)N=C(N)N1c1ccc(Cl)c(Cl)c1,286.166,2.179,80.0,2,5,1,1,18,2.0
CHEMBL92590,ACETAMINOSALOL,CC(=O)Nc1ccc(OC(=O)c2ccccc2O)cc1,271.272,2.57,75.63,2,4,3,2,20,2.0
CHEMBL92708,CALPEPTIN,CCCC[C@@H](C=O)NC(=O)[C@H](CC(C)C)NC(=O)OCc1ccccc1,362.47,3.201,84.5,2,4,11,1,26,1.0
CHEMBL92735,CALANOLIDE E2,CCCC1CC(=O)Oc2c(C(=O)C(C)C(C)O)c(O)c3c(c21)OC(C)(C)C=C3,388.46,3.969,93.06,2,6,5,1,28,1.0
CHEMBL92870,LIDOFLAZINE,Cc1cccc(C)c1NC(=O)CN1CCN(CCCC(c2ccc(F)cc2)c2ccc(F)cc2)CC1,491.626,5.75,35.58,1,3,9,3,36,2.0
CHEMBL92890,HYDROXYPREGNENOLONE,CC(=O)[C@@]1(O)CC[C@H]2[C@@H]3CC[C@@H]4C[C@H](O)CC[C@]4(C)[C@H]3CC[C@@]21C,334.5,3.71,57.53,2,3,1,0,24,3.0
CHEMBL92915,AMINOPENTAMIDE SULFATE,CC(CC(C(N)=O)(c1ccccc1)c1ccccc1)N(C)C,296.414,2.798,46.33,1,2,6,2,22,4.0
CHEMBL92922,CYCLOHEPTANONE OXIME,ON=C1CCCCCC1,127.187,2.171,32.59,1,2,0,0,9,4.0
CHEMBL92957,ALAZOPEPTIN,C=CCNC(CCC(=O)C=[N+]=[N-])C(=O)NC(CCC(=O)C=[N+]=[N-])C(=O)O,364.362,-1.0,185.37,3,5,14,0,26,0.0
CHEMBL92963,NARCOBARBITAL,C=C(Br)CC1(C(C)C)C(=O)NC(=O)N(C)C1=O,303.156,1.636,66.48,1,3,3,0,17,3.0
CHEMBL92974,DOXENITOIN,O=C1NCNC1(c1ccccc1)c1ccccc1,238.29,1.607,41.13,2,2,2,2,18,2.0
CHEMBL93018,ACETYLPHENETURIDE,CCC(C(=O)NC(=O)NC(C)=O)c1ccccc1,248.282,1.553,75.27,2,3,3,1,18,1.0
CHEMBL93029,TETRANTOIN,O=C1NC(=O)C2(CCc3ccccc3C2)N1,216.24,0.754,58.2,2,2,0,1,16,2.0
CHEMBL93047,ETHADIONE,CCN1C(=O)OC(C)(C)C1=O,157.169,0.764,46.61,0,3,1,0,11,3.0
CHEMBL93070,ALLOMETHADIONE,C=CCN1C(=O)OC(C)C1=O,155.153,0.54,46.61,0,3,2,0,11,3.0
CHEMBL93077,ADRAFINIL,O=C(C[S+]([O-])C(c1ccccc1)c1ccccc1)NO,289.356,2.03,72.39,2,3,5,2,20,2.0
CHEMBL93124,PITTSBURGH COMPOUND B,CNc1ccc(-c2nc3ccc(O)cc3s2)cc1,256.33,3.711,45.15,2,4,2,3,18,3.0
CHEMBL93136,DESBROMOARBORESCIDINE A,c1ccc2c3c([nH]c2c1)[C@@H]1CCCCN1CC3,226.323,3.251,19.03,1,1,0,2,17,4.0
CHEMBL93218,PHETHARBITAL,CCC1(CC)C(=O)NC(=O)N(c2ccccc2)C1=O,260.293,2.076,66.48,1,3,3,1,19,4.0
CHEMBL93233,CINROMIDE,CCNC(=O)/C=C/c1cccc(Br)c1,254.127,2.598,29.1,1,1,3,1,14,4.0
CHEMBL93240,METITEPINE,CSc1ccc2c(c1)C(N1CCN(C)CC1)Cc1ccccc1S2,356.56,4.404,6.48,0,4,2,2,24,3.0
CHEMBL93268,SODIUM NITRITE,O=N[O-].[Na+],68.995,-2.745,52.49,0,3,0,0,3,3.0
CHEMBL93298,AROTINOLOL,CC(C)(C)NCC(O)CSc1nc(-c2ccc(C(N)=O)s2)cs1,371.553,2.812,88.24,3,7,7,2,23,1.0
CHEMBL93309,FLUORESONE,CCS(=O)(=O)c1ccc(F)cc1,188.223,1.619,34.14,0,2,2,1,12,3.0
CHEMBL93353,ARISTOLOCHIC ACID,COc1cccc2c1cc([N+](=O)[O-])c1c(C(=O)O)cc3c(c12)OCO3,341.275,3.337,108.13,1,6,3,3,25,3.0
CHEMBL93355,KOPSININE,COC(=O)[C@@H]1CC23CCCN4CC[C@@]5(c6ccccc6NC15CC2)[C@@H]43,338.451,2.93,41.57,1,4,1,1,25,4.0
CHEMBL93385,AMOSCANATE,O=[N+]([O-])c1ccc(Nc2ccc(N=C=S)cc2)cc1,271.301,4.073,67.53,1,5,4,2,19,3.0
CHEMBL93412,HEXAMETHYLOLMELAMINE,OCNc1nc(NCO)nc(NCO)n1,216.201,-2.043,135.45,6,9,6,1,15,1.0
CHEMBL93515,GAMMA-AMINO-BETA-HYDROXYBUTYRIC ACID,NCC(O)CC(=O)O,119.12,-1.219,83.55,3,3,3,0,8,1.0
CHEMBL93645,ACECLOFENAC,O=C(O)COC(=O)Cc1ccccc1Nc1c(Cl)cccc1Cl,354.189,3.907,75.63,2,4,6,2,23,2.0
CHEMBL93747,NETOGLITAZONE,O=C1NC(=O)C(Cc2ccc3cc(OCc4ccccc4F)ccc3c2)S1,381.428,4.452,55.4,1,4,5,3,27,2.0
CHEMBL93836,VALPROMIDE,CCCC(CCC)C(N)=O,143.23,1.688,43.09,1,1,5,0,10,3.0
CHEMBL93885,NIMIDANE,Cc1cc(Cl)ccc1N=C1SCS1,229.757,4.073,12.36,0,3,1,1,13,3.0
CHEMBL94007,ETHACRIDINE,CCOc1ccc2nc3cc(N)ccc3c(N)c2c1,253.305,2.951,74.16,2,4,2,3,19,2.0
CHEMBL94081,ALCLOFENAC,C=CCOc1ccc(CC(=O)O)cc1Cl,226.659,2.532,46.53,1,2,5,1,15,4.0
CHEMBL94087,GLYBUTHIAZOL,CC(C)(C)c1nnc(NS(=O)(=O)c2ccc(N)cc2)s1,312.42,2.219,97.97,2,6,3,2,20,2.0
CHEMBL94113,LOTRIFEN,Clc1ccc(-c2nc3c4ccccc4ccn3n2)cc1,279.73,4.203,30.19,0,3,1,4,20,3.0
CHEMBL94124,HYDROXYPHENSTATIN,COc1ccc(C(=O)c2cc(OC)c(OC)c(OC)c2)c(O)c1O,334.324,2.363,94.45,2,7,6,2,24,2.0
CHEMBL94127,METHETOIN,CCC1(c2ccccc2)C(=O)NC(=O)N1C,218.256,1.474,49.41,1,2,2,1,16,3.0
CHEMBL94181,ACETAMIDOEUGENOL,C=CCc1ccc(OCC(=O)N(CC)CC)c(OC)c1,277.364,2.671,38.77,0,3,8,1,20,4.0
CHEMBL94192,AMPHOTALIDE,Nc1ccc(OCCCCCN2C(=O)c3ccccc3C2=O)cc1,324.38,3.114,72.63,1,4,7,2,24,3.0
CHEMBL94346,(PROPYLAMINO)CARBONYLPHOSPHONIC ACID,CCCNC(=O)P(=O)(O)O,167.101,0.284,86.63,3,2,3,0,10,1.0
CHEMBL94348,(ETHYLAMINO)CARBONYLPHOSPHONIC ACID,CCNC(=O)P(=O)(O)O,153.074,-0.106,86.63,3,2,2,0,9,1.0
CHEMBL94394,BUFEXAMAC,CCCCOc1ccc(CC(=O)NO)cc1,223.272,1.913,58.56,2,3,6,1,16,2.0
CHEMBL94427,HOMOEPIBATIDINE,Clc1ccc(C2CC3CCCC2N3)cn1,222.719,2.733,24.92,1,2,1,1,15,4.0
CHEMBL94454,MIZOLASTINE,CN(c1nccc(=O)[nH]1)C1CCN(c2nc3ccccc3n2Cc2ccc(F)cc2)CC1,432.503,3.412,70.05,1,6,5,4,32,2.0
CHEMBL94657,PATUPILONE,C/C(=C\c1csc(C)n1)[C@@H]1C[C@@H]2O[C@]2(C)CCC[C@H](C)[C@H](O)[C@@H](C)C(=O)C(C)(C)[C@@H](O)CC(=O)O1,507.693,4.478,109.25,2,8,2,1,35,0.0
CHEMBL94739,FEMOXETINE,COc1ccc(OC[C@H]2CN(C)CC[C@@H]2c2ccccc2)cc1,311.425,3.81,21.7,0,3,5,2,23,4.0
CHEMBL94809,HEXADECANESULFONYL FLUORIDE,CCCCCCCCCCCCCCCCS(=O)(=O)F,308.503,5.767,34.14,0,2,15,0,20,3.0
CHEMBL95064,DISODIUM SALT DISUCCINATE DIESTER OF ASTAXANTHIN,CC1=C(/C=C/C(C)=C/C=C/C(C)=C/C=C/C=C(C)/C=C/C=C(C)/C=C/C2=C(C)C(=O)C(OC(=O)CCC(=O)[O-])CC2(C)C)C(C)(C)CC(OC(=O)CCC(=O)[O-])C1=O.[Na+].[Na+],840.962,1.075,167.0,0,10,18,0,58,1.0
CHEMBL95067,DISULERGINE,CN1C[C@@H](NS(=O)(=O)N(C)C)C[C@@H]2c3cccc4[nH]cc(c34)C[C@H]21,348.472,1.276,68.44,2,3,3,2,24,2.0
CHEMBL95155,TROVAFLOXACIN4,N[C@@H]1[C@H]2CN(c3nc4c(cc3F)c(=O)c(C(=O)O)cn4C3CC3)C[C@@H]12,344.346,0.962,101.45,2,6,3,2,25,1.0
CHEMBL95203,COUMARINIC ACID METHYL ETHER,COc1ccccc1/C=C/C(=O)O,178.187,1.793,46.53,1,2,3,1,13,3.0
CHEMBL95308,"3,5-DIHYDROXYBENZOIC ACID",O=C(O)c1cc(O)cc(O)c1,154.121,0.796,77.76,3,3,1,1,11,1.0
CHEMBL95352,THIACLOPRID OLEFIN,N#C/N=c1\sccn1Cc1ccc(Cl)nc1,250.714,2.028,53.97,0,5,2,2,16,4.0
CHEMBL95367,DEHYDROIMIDACLOPRID,O=[N+]([O-])Nc1nccn1Cc1ccc(Cl)nc1,253.649,1.583,85.88,1,5,4,2,17,2.0
CHEMBL95431,CARBOXYAMIDOTRIAZOLE,NC(=O)c1nnn(Cc2cc(Cl)c(C(=O)c3ccc(Cl)cc3)c(Cl)c2)c1N,424.675,3.199,116.89,2,6,5,3,27,1.0
CHEMBL95476,ARCYRIAFLAVIN C,O=C1NC(=O)c2c1c1c3ccc(O)cc3[nH]c1c1[nH]c3cc(O)ccc3c21,357.325,3.25,118.21,5,4,0,5,27,2.0
CHEMBL95569,BCH-1393,CN(C)c1ncnc2c1ncn2CCCCCOC(=O)N[C@@H](CCCNC(=N)N)C(=O)O,449.516,0.505,184.37,5,9,13,2,32,0.0
CHEMBL95606,CYTIDINE,Nc1ccn([C@@H]2O[C@H](CO)[C@@H](O)[C@H]2O)c(=O)n1,243.219,-2.563,130.83,4,8,2,1,17,1.0
CHEMBL95636,TEFLUDAZINE,OCCN1CCN([C@@H]2C[C@@H](c3ccc(F)cc3)c3ccc(C(F)(F)F)cc32)CC1,408.439,4.031,26.71,1,3,4,2,29,2.0
CHEMBL95681,BUTYROLACTONE,O=C1CCCO1,86.09,0.323,26.3,0,2,0,0,6,3.0
CHEMBL95692,SB-242235,COc1nccc(-c2c(-c3ccc(F)cc3)ncn2C2CCNCC2)n1,353.401,3.079,64.86,1,6,4,3,26,4.0
CHEMBL95763,(CYCLOBUTYLAMINO)CARBONYLPHOSPHONIC ACID,O=C(NC1CCC1)P(=O)(O)O,179.112,0.426,86.63,3,2,2,0,11,1.0
CHEMBL95764,GLYPHOSATE,O=C(O)CNCP(=O)(O)O,169.073,-1.204,106.86,4,3,4,0,10,1.0
CHEMBL95770,4-METHOXYCINNAMIC ACID,COc1ccc(/C=C/C(=O)O)cc1,178.187,1.793,46.53,1,2,3,1,13,3.0
CHEMBL95804,SEMATILIDE,CCN(CC)CCNC(=O)c1ccc(NS(C)(=O)=O)cc1,313.423,1.13,78.51,2,4,8,1,21,1.0
CHEMBL95855,NICARBAZIN,Cc1cc(C)nc(O)n1.O=C(Nc1ccc([N+](=O)[O-])cc1)Nc1ccc([N+](=O)[O-])cc1,426.389,3.946,173.42,3,8,4,,,1.0
CHEMBL95889,BETAINE,C[N+](C)(C)CC(=O)O,118.156,-0.223,37.3,1,1,2,0,8,3.0
CHEMBL95951,LB80317,Nc1nc(O)c2ncn(CC3(OCP(=O)(O)O)CC3)c2n1,315.226,-0.202,156.61,4,8,5,2,21,1.0
CHEMBL95956,4-METHOXY ETHYL CINNAMATE,CCOC(=O)/C=C/c1ccc(OC)cc1,206.241,2.272,35.53,0,3,4,1,15,4.0
CHEMBL96051,SCRIPTAID,O=C(CCCCCN1C(=O)c2cccc3cccc(c23)C1=O)NO,326.352,2.502,86.71,2,4,6,2,24,2.0
CHEMBL96132,KOPSINGANOL,COC(=O)N1c2c(OC)cccc2[C@@]23CCN4CC[C@H](O)[C@]5(CC[C@]12[C@](O)(C(=O)OC)[C@@H]5O)[C@H]43,474.51,0.156,129.0,3,9,2,1,34,0.0
CHEMBL96153,TERIKALANT,COc1ccc(C2CCN(CC[C@H]3CCOc4ccccc43)CC2)cc1OC,381.516,4.84,30.93,0,4,6,2,28,2.0
CHEMBL96172,EPOTHILONE D,C/C1=C/C[C@@H](/C(C)=C/c2csc(C)n2)OC(=O)C[C@H](O)C(C)(C)C(=O)[C@H](C)[C@@H](O)[C@@H](C)CCC1,491.694,5.266,96.72,2,7,2,1,34,0.0
CHEMBL96179,LAHADININE A,COC(=O)N1c2c(ccc3c2OCO3)[C@@]23CCN4CCCC5(CCC12[C@](O)(C(=O)OC)C5)[C@]43C#N,481.505,1.828,121.56,1,9,1,1,35,1.0
CHEMBL96292,IMPROSULFAN,CS(=O)(=O)OCCCNCCCOS(C)(=O)=O,289.375,-0.691,98.77,1,7,10,0,17,2.0
CHEMBL96438,(DIBUTYLAMINO)CARBONYLPHOSPHONIC ACID,CCCCN(CCCC)C(=O)P(=O)(O)O,237.236,2.186,77.84,2,2,7,0,15,2.0
CHEMBL96596,KOPSILONGINE,COC(=O)N1c2c(OC)cccc2[C@@]23CCN4CCCC5(CCC12[C@](O)(C(=O)OC)C5)[C@H]43,442.512,2.214,88.54,1,7,2,1,32,2.0
CHEMBL96695,CAPURAMYCIN,CO[C@H]1[C@@H](O)[C@H](n2ccc(=O)[nH]c2=O)O[C@@H]1[C@@H](O[C@H]1OC(C(=O)N[C@H]2CCCCNC2=O)=C[C@H](O)[C@@H]1O)C(N)=O,569.524,-4.573,253.76,7,13,8,1,40,0.0
CHEMBL96712,NEU5AC2EN,CC(=O)N[C@H]1[C@H]([C@H](O)[C@H](O)CO)OC(C(=O)O)=C[C@@H]1O,291.256,-3.067,156.55,6,7,5,0,20,1.0
CHEMBL96783,XYLITOL,OC[C@@H](O)[C@H](O)[C@@H](O)CO,152.146,-2.946,101.15,5,5,4,0,10,1.0
CHEMBL96807,NITROANILIDE,O=[N+]([O-])Nc1ccccc1,138.126,1.29,55.17,1,2,2,1,10,3.0
CHEMBL96868,DIETHADIONE,CCC1(CC)COC(=O)NC1=O,171.196,1.059,55.4,1,3,2,0,12,3.0
CHEMBL96885,HEXANESULFONYL FLUORIDE,CCCCCCS(=O)(=O)F,168.233,1.866,34.14,0,2,5,0,10,3.0
CHEMBL96904,FRUTICOSAMINE,COC(=O)N1c2ccccc2[C@@]23[C@@H]4CN5CCC[C@]6(CC[C@]12[C@@H](O)[C@@H]6C4=O)[C@H]53,380.444,1.697,70.08,1,5,0,1,28,1.0
CHEMBL96926,THAPSIGARGIN,C/C=C(/C)C(=O)O[C@H]1C(C)=C2[C@H]([C@@H]1OC(=O)CCCCCCC)[C@@](C)(OC(C)=O)C[C@H](OC(=O)CCC)[C@@]1(O)[C@H]2OC(=O)[C@@]1(C)O,650.762,3.928,171.96,2,12,13,0,46,1.0
CHEMBL97034,(ISOPROPYLAMINO)CARBONYLPHOSPHONIC ACID,CC(C)NC(=O)P(=O)(O)O,167.101,0.282,86.63,3,2,2,0,10,1.0
CHEMBL97038,DODECANESULFONYL FLUORIDE,CCCCCCCCCCCCS(=O)(=O)F,252.395,4.207,34.14,0,2,11,0,16,3.0
CHEMBL97057,(DIETHYLAMINO)CARBONYLPHOSPHONIC ACID,CCN(CC)C(=O)P(=O)(O)O,181.128,0.626,77.84,2,2,3,0,11,1.0
CHEMBL97137,ROBENIDINE,N=C(N/N=C/c1ccc(Cl)cc1)N/N=C/c1ccc(Cl)cc1,334.21,3.475,72.63,3,3,4,2,22,2.0
CHEMBL97138,TIQUINAMIDE,Cc1cnc2c(c1)CCCC2C(N)=S,206.314,2.096,38.91,1,2,1,1,14,4.0
CHEMBL97343,5-AZIDOIMIDACLOPRID,[N-]=[N+]=Nc1cc(CN2CCN/C2=N\[N+](=O)[O-])cnc1Cl,296.678,1.63,132.42,1,4,4,1,20,2.0
CHEMBL97350,AMPROLIUM,CCCc1ncc(C[n+]2ccccc2C)c(N)n1.[Cl-],278.787,-1.34,55.68,1,3,4,2,18,3.0
CHEMBL97388,(METHYLAMINO)CARBONYLPHOSPHONIC ACID,CNC(=O)P(=O)(O)O,139.047,-0.497,86.63,3,2,1,0,8,1.0
CHEMBL97389,SODIUM HYDROGEN (BUTYLAMINO)CARBONYLPHOSPHONATE,CCCCNC(=O)P(=O)([O-])O.[Na+],203.11,-2.954,89.46,2,3,4,0,11,1.0
CHEMBL97453,WEDELOLACTONE,COc1cc(O)c2c(c1)oc(=O)c1c3cc(O)c(O)cc3oc21,314.249,2.818,113.27,3,7,1,4,23,2.0
CHEMBL97485,6-DIAZO-5-OXO-L-NORLEUCINE,[N-]=[N+]=CC(=O)CC[C@H](N)C(=O)O,171.156,-0.952,116.79,2,3,5,0,12,1.0
CHEMBL97542,7-HYDROXYFLAVANONE,O=C1CC(c2ccccc2)Oc2cc(O)ccc21,240.258,3.099,46.53,1,3,1,2,18,4.0
CHEMBL97543,BETA-PELTATIN A,COc1cc([C@@H]2c3cc4c(c(O)c3C[C@H]3COC(=O)[C@@H]32)OCO4)cc(OC)c1OC,414.41,2.624,92.68,1,8,4,2,30,2.0
CHEMBL97614,(CYCLOHEPTYLAMINO)CARBONYLPHOSPHONIC ACID,O=C(NC1CCCCCC1)P(=O)(O)O,221.193,1.596,86.63,3,2,2,0,14,1.0
CHEMBL97709,(CYCLOOCTYLAMINO)CARBONYLPHOSPHONIC ACID,O=C(NC1CCCCCCC1)P(=O)(O)O,235.22,1.987,86.63,3,2,2,0,15,1.0
CHEMBL97893,FOSFRUCTOSE,O=P(O)(O)OC[C@H]1O[C@](O)(COP(=O)(O)O)[C@@H](O)[C@@H]1O,340.114,-2.986,203.44,7,8,6,0,20,1.0
CHEMBL97951,CYCLOHEXYLMETHYLCARBAMOYLPHOSPHONIC ACID,O=C(NCC1CCCCC1)P(=O)(O)O,221.193,1.454,86.63,3,2,3,0,14,1.0
CHEMBL97972,PYRROLNITRIN,O=[N+]([O-])c1c(Cl)cccc1-c1c[nH]cc1Cl,257.076,3.897,58.93,1,2,2,2,16,4.0
CHEMBL98034,TRESPERIMUS,N=C(N)NCCCCCCNC(=O)COC(=O)NCCCCNCCCN,387.529,-0.409,167.38,7,6,17,0,27,0.0
CHEMBL98123,PAPAVERINE HYDROCHLORIDE,COc1ccc(Cc2nccc3cc(OC)c(OC)cc23)cc1OC.Cl,375.852,4.282,49.81,0,5,6,3,25,2.0
CHEMBL98206,NODULISPORIC ACID A1,C=C(C)[C@H]1C(=O)c2c3c(cc4c5c(n1c24)[C@@]1(C)[C@@H](CC[C@@H]2[C@]1(C)CC[C@]1(O)O[C@H](/C=C(\C)C(=O)O)C[C@@]21C)C5)C1=CC(C)(C)OC(C)(C)[C@H]1[C@@H]3O,695.897,7.744,118.22,3,7,3,2,51,0.0
CHEMBL98350,LY-294002,O=c1cc(N2CCOCC2)oc2c(-c3ccccc3)cccc12,307.349,3.297,42.68,0,4,2,3,23,4.0
CHEMBL98610,CARDOL,CCCCCCCCCCCCCCCc1cc(O)cc(O)c1,320.517,6.732,40.46,2,2,14,1,23,2.0
CHEMBL98664,LUCARTAMIDE,CNC(=S)C1(c2cccc(C)n2)CCCS1,252.408,2.659,24.92,1,3,2,1,16,4.0
CHEMBL98745,NARCICLASINE,O=C1N[C@@H]2C(=C[C@H](O)[C@@H](O)[C@H]2O)c2cc3c(c(O)c21)OCO3,307.258,-1.287,128.48,5,7,0,1,22,1.0
CHEMBL98778,2'-ETHYNYL-D-CYTIDINE,C#C[C@@]1(O)[C@H](O)[C@@H](CO)O[C@H]1n1ccc(N)nc1=O,267.241,-2.56,130.83,4,8,2,1,19,1.0
CHEMBL98797,NITROSOBENZENE,O=Nc1ccccc1,107.112,2.085,29.43,0,2,1,1,8,4.0
CHEMBL99050,ETHYL (ETHOXYCARBONYL)OXY(METHYLSULFONYL)CARBAMATE,CCOC(=O)ON(C(=O)OCC)S(C)(=O)=O,255.248,0.493,99.21,0,7,3,0,16,2.0
CHEMBL99203,IODOTUBERCIDIN,Nc1ncnc2c1c(I)cn2[C@@H]1O[C@H](CO)[C@@H](O)[C@H]1O,392.153,-0.77,126.65,4,8,2,2,20,0.0
CHEMBL99369,PIRIDRONIC ACID,O=P(O)(O)C(Cc1ccccn1)P(=O)(O)O,267.114,0.306,127.95,4,3,4,1,16,1.0
CHEMBL99486,DIBENZEPINE,CN(C)CCN1C(=O)c2ccccc2Nc2ccccc21,281.359,2.952,35.58,1,3,3,2,21,4.0
CHEMBL99585,ERSENTILIDE,CS(=O)(=O)Nc1ccc(OCC(O)CNCCOc2ccc(-n3ccnc3)cc2)cc1,446.529,1.652,114.71,3,8,12,3,31,0.0
CHEMBL99668,TOYOCAMYCIN,N#Cc1cn([C@@H]2O[C@H](CO)[C@@H](O)[C@H]2O)c2ncnc(N)c12,291.267,-1.503,150.44,4,9,2,2,21,1.0
CHEMBL99701,IMIDAPRILAT,C[C@H](N[C@@H](CCc1ccccc1)C(=O)O)C(=O)N1C(=O)N(C)C[C@H]1C(=O)O,377.397,0.398,127.25,3,5,8,1,27,0.0
CHEMBL99779,PAULLONE,O=C1Cc2c([nH]c3ccc(Br)cc23)-c2ccccc2N1Cc1ccccc1,417.306,5.687,36.1,1,1,2,4,27,2.0
CHEMBL99932,8-AMINOQUINOLINE,Nc1cccc2cccnc12,144.177,1.817,38.91,1,2,0,2,11,3.0
CHEMBL99946,LEVOMILNACIPRAN,CCN(CC)C(=O)[C@@]1(c2ccccc2)C[C@H]1CN,246.354,1.771,46.33,1,2,5,1,18,3.0
CHEMBL100014,AN-9,CCCC(=O)OCOC(=O)C(C)(C)C,202.25,1.876,52.6,0,4,4,0,14,3.0
CHEMBL100116,PENTAZOCINE,CC(C)=CCN1CCC2(C)c3cc(O)ccc3CC1C2C,285.431,3.883,23.47,1,2,2,1,21,4.0
CHEMBL100259,URIDINE,O=c1ccn([C@@H]2O[C@H](CO)[C@@H](O)[C@H]2O)c(=O)[nH]1,244.203,-2.852,124.78,4,7,2,1,17,1.0
CHEMBL100424,PICARTAMIDE,CNC(=S)C1(c2ccccn2)CCCS1,238.381,2.351,24.92,1,3,2,1,15,4.0
CHEMBL100473,U-0126,N#CC(=C(/N)Sc1ccccc1N)/C(C#N)=C(/N)Sc1ccccc1N,380.502,3.123,151.66,4,8,5,2,26,1.0
CHEMBL100622,HEXAMETHONIUM,C[N+](C)(C)CCCCCC[N+](C)(C)C,202.386,1.959,0.0,0,0,7,0,14,3.0
CHEMBL100684,ACTINOPLANIC ACID A,CCC(CC(C)C(=O)O)C(=O)CC/C1=C/C(C)C/C(C)=C/C(C)C(O)C(C)CCC(CCCC/C=C/C(C)CCC(C)OC(=O)CC(CC(=O)O)C(=O)O)OC(=O)CC(C(=O)O)CC(=O)OC1,949.185,8.765,265.4,5,12,24,0,67,0.0
CHEMBL100749,rac-VOROZOLE,Cn1nnc2ccc(C(c3ccc(Cl)cc3)n3cncn3)cc21,324.775,2.851,61.42,0,6,3,4,23,4.0
CHEMBL100815,CHAETOMELLIC ACID B,CCCCCCCC/C=C\CCCCCC/C(C(=O)O)=C(\C)C(=O)O,352.515,6.12,74.6,2,2,16,0,25,1.0
CHEMBL100922,"(E)-3,4-STILBENDIOL",Oc1ccc(/C=C/c2ccccc2)cc1O,212.248,3.268,40.46,2,2,2,2,16,3.0
CHEMBL100940,NALTRIBEN,Oc1ccc2c3c1O[C@H]1c4oc5ccccc5c4C[C@@]4(O)[C@@H](C2)N(CC2CC2)CC[C@]314,415.489,3.838,66.07,2,5,2,3,31,2.0
CHEMBL101253,VATALANIB,Clc1ccc(Nc2nnc(Cc3ccncc3)c3ccccc23)cc1,346.821,5.013,50.7,1,4,4,4,25,3.0
CHEMBL101263,4-NITROBENZOIC ACID,O=C(O)c1ccc([N+](=O)[O-])cc1,167.12,1.293,80.44,1,3,2,1,12,2.0
CHEMBL101284,ENCIPRAZINE,COc1ccccc1N1CCN(CC(O)COc2cc(OC)c(OC)c(OC)c2)CC1,432.517,2.283,72.86,1,8,10,2,31,2.0
CHEMBL101309,AVASIMIBE,CC(C)c1cc(C(C)C)c(CC(=O)NS(=O)(=O)Oc2c(C(C)C)cccc2C(C)C)c(C(C)C)c1,501.733,7.286,72.47,1,4,10,2,35,1.0
CHEMBL101326,FIPRONIL,N#Cc1nn(-c2c(Cl)cc(C(F)(F)F)cc2Cl)c(N)c1[S+]([O-])C(F)(F)F,437.152,4.279,90.69,1,5,2,2,26,1.0
CHEMBL101506,PINOSYLVIN,Oc1cc(O)cc(/C=C/c2ccccc2)c1,212.248,3.268,40.46,2,2,2,2,16,3.0
CHEMBL101740,CIDOXEPIN,CN(C)CC/C=C1/c2ccccc2COc2ccccc21,279.383,3.962,12.47,0,2,3,2,21,4.0
CHEMBL101776,METHYL (METHOXYCARBONYL)OXY(METHYLSULFONYL)CARBAMATE,COC(=O)ON(C(=O)OC)S(C)(=O)=O,227.194,-0.288,99.21,0,7,1,0,14,2.0
CHEMBL101892,SANGIVAMYCIN,NC(=O)c1cn([C@@H]2O[C@H](CO)[C@@H](O)[C@H]2O)c2ncnc(N)c12,309.282,-2.276,169.74,5,9,3,2,22,1.0
CHEMBL102201,COPALIC ACID,C=C1CC[C@@H]2C(C)(C)CCC[C@@]2(C)[C@@H]1CC/C(C)=C/C(=O)O,304.474,5.596,37.3,1,1,4,0,22,3.0
CHEMBL102276,IMINOCTADIENE,N=C(N)NCCCCCCCCNCCCCCCCCNC(=N)N,355.575,2.223,135.83,7,3,18,0,25,2.0
CHEMBL102358,IDROCILAMIDE,O=C(/C=C/c1ccccc1)NCCO,191.23,0.808,49.33,2,2,4,1,14,2.0
CHEMBL102405,FELOPRENTAN,COc1ccc(CCOC(c2ccccc2)(c2ccccc2)C(Oc2nc(C)cc(C)n2)C(=O)O)cc1OC,528.605,5.146,100.0,1,7,12,4,39,1.0
CHEMBL102714,SB-216763,Cn1cc(C2=C(c3ccc(Cl)cc3Cl)C(=O)NC2=O)c2ccccc21,371.223,4.052,51.1,1,3,2,3,25,2.0
CHEMBL102740,ARCAINE,N=C(N)NCCCCNC(=N)N,172.236,-1.267,123.8,6,2,5,0,12,1.0
CHEMBL102817,N-METHYL-MITOMYCIN A,COC1=C(C)C(=O)C2=C(C1=O)[C@@H](COC(N)=O)[C@@]1(OC)[C@@H]3[C@H](CN21)N3C,363.37,-0.621,111.17,1,8,4,0,26,1.0
CHEMBL102970,PYRIDOXAL,Cc1ncc(CO)c(C=O)c1O,167.164,0.4,70.42,2,4,2,1,12,1.0
CHEMBL103046,AMPELOPSIN A,Oc1ccc([C@H]2c3c(O)cc(O)cc3[C@H]3c4c(cc(O)cc4[C@@H]2O)O[C@@H]3c2ccc(O)cc2)cc1,470.477,4.659,130.61,6,7,2,4,35,0.0
CHEMBL103104,GW831090X,NS(=O)(=O)c1ccc(Nc2cc(-c3cccc(O)c3)n[nH]2)cc1,330.369,2.173,121.1,4,5,4,3,23,2.0
CHEMBL103111,PYRIDOXAL ISONICOTINOYL HYDRAZONE,Cc1ncc(CO)c(/C=N/NC(=O)c2ccncc2)c1O,286.291,0.747,107.7,3,6,4,2,21,1.0
CHEMBL103115,GW831091X,NS(=O)(=O)c1ccc(Nc2cc(-c3ccc(O)c(F)c3)n[nH]2)cc1,348.359,2.312,121.1,4,5,4,3,24,2.0
CHEMBL103247,DIAMINOPROPANOIC ACID,NC[C@H](N)C(=O)O,104.109,-1.643,89.34,3,3,2,0,7,1.0
CHEMBL103356,3-AMINO- 3-DEOXYTHYMIDINE,Cc1cn([C@H]2C[C@H](N)[C@@H](CO)O2)c(=O)[nH]c1=O,241.247,-1.548,110.34,3,6,2,1,17,1.0
CHEMBL103552,LAVENDUSTIN A,O=C(O)c1cc(N(Cc2ccccc2O)Cc2cc(O)ccc2O)ccc1O,381.384,3.414,121.46,5,6,6,3,28,1.0
CHEMBL103600,DIMETHYLNORDIHYDROGUARIERATE ACID,COc1ccc(C[C@@H](C)[C@@H](C)Cc2ccc(OC)c(O)c2)cc1O,330.424,4.172,58.92,2,4,7,2,24,2.0
CHEMBL103667,DORAMAPIMOD,Cc1ccc(-n2nc(C(C)(C)C)cc2NC(=O)Nc2ccc(OCCN3CCOCC3)c3ccccc23)cc1,527.669,5.986,80.65,2,6,7,4,39,0.0
CHEMBL103686,D-ORNITHINE,NCCC[C@@H](N)C(=O)O,132.163,-0.863,89.34,3,3,4,0,9,1.0
CHEMBL103735,ATIPRIMOD,CCCC1(CCC)CCC2(CCN(CCCN(CC)CC)C2)CC1,336.608,5.571,6.48,0,2,10,0,24,3.0
CHEMBL103794,NUCLEOSIDE TRIPHOSPHATE ANAOGUE,Cc1cn(CC(=O)N(C)CCOP(=O)(O)OP(=O)(O)OP(=O)(O)O)c(=O)[nH]c1=O,481.184,-1.353,234.99,5,10,10,1,29,0.0
CHEMBL103955,CHAETOMELLIC ACID A,CCCCCCCCCCCCCC/C(C(=O)O)=C(\C)C(=O)O,326.477,5.563,74.6,2,2,15,0,23,1.0
CHEMBL104186,BO-653,CCCCCC1(CCCCC)Cc2c(cc(C(C)(C)C)c(O)c2C(C)(C)C)O1,388.636,7.822,29.46,1,2,8,1,28,2.0
CHEMBL104255,FLAVOKAWAIN B,COc1cc(O)c(C(=O)/C=C/c2ccccc2)c(OC)c1,284.311,3.306,55.76,1,4,5,2,21,4.0
CHEMBL104270,TOSUFLOXACIN TOSYLATE,Cc1ccc(S(=O)(=O)O)cc1.NC1CCN(c2nc3c(cc2F)c(=O)c(C(=O)O)cn3-c2ccc(F)cc2F)C1,576.553,3.28,155.82,3,8,4,3,29,1.0
CHEMBL104515,ANISOPIROL,COc1ccccc1N1CCN(CCCC(O)c2ccc(F)cc2)CC1,358.457,3.47,35.94,1,4,7,2,26,4.0
CHEMBL104560,CHLORPROPHAM,CC(C)OC(=O)Nc1cccc(Cl)c1,213.664,3.297,38.33,1,2,2,1,14,4.0
CHEMBL104718,LEPADIN F,CCCCC/C=C/C(=O)O[C@H]1C[C@@H]2[C@H](CCCCC(O)CCC)CCC[C@@H]2N[C@H]1C,421.666,5.923,58.56,2,4,13,0,30,1.0
CHEMBL104829,"FURO[2,3D]PYRIMIDINE ANTIFOLATE",CN(Cc1coc2nc(N)nc(N)c12)c1ccc(C(=O)N[C@@H](CCC(=O)O)C(=O)O)cc1,442.432,1.071,197.9,5,9,9,3,32,0.0
CHEMBL104845,N-DODECYL LYSINE AMIDE,CCCCCCCCCCCCNC(=O)[C@@H](N)CCCCN,313.53,3.48,81.14,3,3,16,0,22,2.0
CHEMBL104875,D-HISTIDINE,N[C@H](Cc1c[nH]cn1)C(=O)O,155.157,-0.636,92.0,3,3,3,1,11,1.0
CHEMBL104943,MONOETHANOLAMINE,NCCO,61.084,-1.063,46.25,2,2,1,0,4,2.0
CHEMBL105060,DNK333,CN(C(=O)c1cc(C(F)(F)F)cc(C(F)(F)F)c1)[C@@H](/C=C/C(=O)N[C@@H]1CCCCNC1=O)Cc1ccc(Cl)c(Cl)c1,624.409,6.055,78.51,2,3,7,2,41,0.0
CHEMBL105184,BIFENDATE,COC(=O)c1cc(OC)c2c(c1-c1c(C(=O)OC)cc(OC)c3c1OCO3)OCO2,418.354,2.401,107.98,0,10,5,2,30,2.0
CHEMBL105278,GUANIDINOETHYLDISULFIDE,N=C(N)NCCSSCCNC(=N)N,236.37,-0.666,123.8,6,4,7,0,14,1.0
CHEMBL105310,"2',4'-DIHYDROXYCHALCONE",O=C(/C=C/c1ccccc1)c1ccc(O)cc1O,240.258,2.994,57.53,2,3,3,2,18,3.0
CHEMBL105318,ALOVUDINE,Cc1cn([C@H]2C[C@H](F)[C@@H](CO)O2)c(=O)[nH]c1=O,244.222,-0.537,84.32,2,5,2,1,17,1.0
CHEMBL105350,BISDEMETHOXYCURCUMIN,O=C(/C=C/c1ccc(O)cc1)CC(=O)/C=C/c1ccc(O)cc1,308.333,3.353,74.6,2,4,6,2,23,2.0
CHEMBL105432,GERMACRENE D,C=C1/C=C/[C@H](C(C)C)CC/C(C)=C/CC1,204.357,4.891,0.0,0,0,1,0,15,3.0
CHEMBL105442,CI-1040,O=C(NOCC1CC1)c1ccc(F)c(F)c1Nc1ccc(I)cc1Cl,478.664,5.038,50.36,2,3,6,2,25,1.0
CHEMBL105496,4-METHOXY CHALCONE,COc1ccc(/C=C/C(=O)c2ccccc2)cc1,238.286,3.591,26.3,0,2,4,2,18,4.0
CHEMBL105608,HEXAMETHONIUM CHLORIDE,C[N+](C)(C)CCCCCC[N+](C)(C)C.[Cl-].[Cl-],273.292,-4.033,0.0,0,0,7,0,14,3.0
CHEMBL105712,PHENACYL CHLORIDE,O=C(CCl)c1ccccc1,154.596,2.108,17.07,0,1,2,1,10,4.0
CHEMBL105789,ISOFEBRIFUGINE,O=c1c2ccccc2ncn1CC1(O)C[C@@H]2NCCC[C@@H]2O1,301.346,0.626,76.38,2,6,2,2,22,1.0
CHEMBL105809,METALAXYL,COCC(=O)N(c1c(C)cccc1C)C(C)C(=O)OC,279.336,1.844,55.84,0,4,5,1,20,3.0
CHEMBL105912,RASPBERRYKETONE,CC(=O)CCc1ccc(O)cc1,164.204,1.914,37.3,1,2,3,1,12,3.0
CHEMBL106124,SENKTIDE,CSCC[C@H](NC(=O)[C@H](CC(C)C)NC(=O)CNC(=O)[C@H](Cc1ccccc1)N(C)C(=O)[C@H](Cc1ccccc1)NC(=O)[C@H](CC(=O)O)NC(=O)CCC(=O)O)C(N)=O,841.985,-0.022,283.5,8,10,26,2,59,0.0
CHEMBL106258,AMINOREX,NC1=NCC(c2ccccc2)O1,162.192,1.073,47.61,1,3,1,1,12,3.0
CHEMBL106265,8-CYCLOPENTYLTHEOPHYLLINE,Cn1c(=O)c2nc(C3CCCC3)[nH]c2n(C)c1=O,248.286,0.618,72.68,1,5,1,2,18,2.0
CHEMBL106296,CARACASANDIAMIDE,COc1ccc(C2C(c3ccc(OC)c(OC)c3)[C@H](C(=O)NCCCC/N=C(\N)NCC=C(C)C)[C@@H]2C(=O)NCCCC/N=C(\N)NCC=C(C)C)cc1OC,777.024,4.368,195.94,6,8,22,2,56,0.0
CHEMBL106425,5-N-ALLYL-ARGININE,C=CC/N=C(/N)NCCC[C@H](N)C(=O)O,214.269,-0.731,113.73,4,3,7,0,15,1.0
CHEMBL106502,ALAMIFOVIR,COc1ccc(Sc2nc(N)nc3c2ncn3CCOCP(=O)(OCC(F)(F)F)OCC(F)(F)F)cc1,575.428,4.893,123.61,1,11,12,3,37,1.0
CHEMBL106509,DEHYDROZINGERONE,COc1cc(/C=C/C(C)=O)ccc1O,192.214,2.003,46.53,1,3,3,1,14,4.0
CHEMBL106516,THIOCITRULLINE,CSC(=N)NCCC[C@H](N)C(=O)O,205.283,0.066,99.2,4,4,5,0,13,1.0
CHEMBL106562,"2-Methoxy-1,4-naphthoquinone",COC1=CC(=O)c2ccccc2C1=O,188.182,1.596,43.37,0,3,1,1,14,3.0
CHEMBL106593,PRALMORELIN,C[C@H](NC(=O)[C@@H](Cc1ccc2ccccc2c1)NC(=O)[C@@H](C)N)C(=O)N[C@@H](Cc1c[nH]c2ccccc12)C(=O)N[C@H](Cc1ccccc1)C(=O)N[C@@H](CCCCN)C(N)=O,817.992,1.754,256.42,9,8,21,5,60,0.0
CHEMBL106612,IMIFURAMINE,NC[C@H]1CC[C@H](c2c[nH]cn2)O1,167.212,0.588,63.93,2,3,2,1,12,2.0
CHEMBL106666,GW7845,COC(=O)c1ccccc1N[C@@H](Cc1ccc(OCCc2nc(-c3ccccc3)oc2C)cc1)C(=O)O,500.551,5.166,110.89,2,7,11,4,37,0.0
CHEMBL106687,LYCETAMINE,CCCCCCCCCCCCCCCCNC(=O)[C@@H](N)CCCCN,369.638,5.04,81.14,3,3,20,0,26,0.0
CHEMBL106847,AMENTANTRONE,O=C1c2cccc(O)c2C(=O)c2c(NCCNCCO)ccc(NCCNCCO)c21,428.489,0.155,142.95,7,9,12,2,31,0.0
CHEMBL106939,DASB,CN(C)Cc1ccccc1Sc1ccc(C#N)cc1N,283.4,3.353,53.05,1,4,4,2,20,4.0
CHEMBL106971,CALDIAMIDE,CNC(=O)CN(CCN(CCN(CC(=O)O)CC(=O)NC)CC(=O)O)CC(=O)O,419.435,-3.362,179.82,5,8,16,0,29,0.0
CHEMBL107131,DIMETHYLPINOCEMBRIN,COc1cc(OC)c2c(c1)OC(c1ccccc1)CC2=O,284.311,3.41,44.76,0,4,3,2,21,4.0
CHEMBL107172,"7-METHYL-8-OXO-5-P-TOLYL-7,8-DIHYDRO-[1,7]NAPHTHYRIDINE-6-CARBOXYLIC ACID (3,5-BIS-TRIFLUOROMETHYL-BENZYL)-METHYL-AMIDE (STRUCTURAL MIX)",Cc1ccc(-c2c(C(=O)N(C)Cc3cc(C(F)(F)F)cc(C(F)(F)F)c3)n(C)c(=O)c3ncccc23)cc1,533.472,6.219,55.2,0,4,4,4,38,2.0
CHEMBL107217,DITIOCARB SODIUM,CCN(CC)C(=S)[S-].[Na+],171.266,-1.836,3.24,0,2,2,0,8,3.0
CHEMBL107251,1400W,CC(=N)NCc1cccc(CN)c1,177.251,1.232,61.9,3,2,3,1,13,2.0
CHEMBL107360,QUINUPRAMINE,c1ccc2c(c1)CCc1ccccc1N2C1CN2CCC1CC2,304.437,4.018,6.48,0,2,1,2,23,3.0
CHEMBL107367,FARGLITAZAR,Cc1oc(-c2ccccc2)nc1CCOc1ccc(C[C@H](Nc2ccccc2C(=O)c2ccccc2)C(=O)O)cc1,546.623,6.61,101.66,2,6,12,5,41,0.0
CHEMBL107400,SOBETIROME,Cc1cc(OCC(=O)O)cc(C)c1Cc1ccc(O)c(C(C)C)c1,328.408,4.187,66.76,2,3,6,2,24,2.0
CHEMBL107430,NRX195183,CC1(C)CCC(C)(C)c2c1cc(C(=O)Nc1cc(F)c(C(=O)O)c(F)c1)c(O)c2Cl,437.87,5.623,86.63,3,3,3,2,30,0.0
CHEMBL107498,DECANOIC ACID,CCCCCCCCCC(=O)O,172.268,3.212,37.3,1,1,8,0,12,4.0
CHEMBL107514,(R)-EDELFOSINE,CCCCCCCCCCCCCCCCCCOC[C@H](COP(=O)([O-])OCC[N+](C)(C)C)OC,523.736,6.487,77.05,0,6,27,0,35,1.0
CHEMBL107747,GEMOPATRILAT,CC1(C)CCC[C@H](NC(=O)[C@@H](S)Cc2ccccc2)C(=O)N1CC(=O)O,378.494,1.888,86.71,3,4,6,1,26,0.0
CHEMBL107874,TRIDECANOATE,CCCCCCCCCCCCC(=O)O,214.349,4.382,37.3,1,1,11,0,15,3.0
CHEMBL108030,UNDECANOATE,CCCCCCCCCCC(=O)O,186.295,3.602,37.3,1,1,9,0,13,4.0
CHEMBL108084,FAGOMINE,OC[C@H]1NCC[C@@H](O)[C@@H]1O,147.174,-1.938,72.72,4,4,1,0,10,1.0
CHEMBL108111,LAMIFIBAN,N=C(N)c1ccc(C(=O)N[C@@H](Cc2ccc(O)cc2)C(=O)N2CCC(OCC(=O)O)CC2)cc1,468.51,1.11,166.04,5,6,9,2,34,0.0
CHEMBL108299,EUGENYL ACETATE,C=CCc1ccc(OC(C)=O)c(OC)c1,206.241,2.349,35.53,0,3,4,1,15,4.0
CHEMBL108335,EXAMORELIN,Cc1[nH]c2ccccc2c1C[C@@H](NC(=O)[C@@H](N)Cc1c[nH]cn1)C(=O)N[C@@H](C)C(=O)N[C@@H](Cc1c[nH]c2ccccc12)C(=O)N[C@H](Cc1ccccc1)C(=O)N[C@@H](CCCCN)C(N)=O,887.059,1.337,300.89,11,9,23,6,65,0.0
CHEMBL108358,TIAZOFURIN,NC(=O)c1csc([C@@H]2O[C@H](CO)[C@@H](O)[C@H]2O)n1,260.271,-1.604,125.9,4,7,3,1,17,1.0
CHEMBL108436,NONANOATE,CCCCCCCCC(=O)O,158.241,2.822,37.3,1,1,7,0,11,4.0
CHEMBL108505,DIHYDROBETULINIC ACID,CC(C)[C@@H]1CC[C@]2(C(=O)O)CC[C@]3(C)C(CCC4[C@@]5(C)CC[C@H](O)C(C)(C)C5CC[C@]43C)C12,458.727,7.169,57.53,2,2,2,0,33,1.0
CHEMBL108541,TRINITROPHENOL,O=[N+]([O-])c1cc([N+](=O)[O-])c(O)c([N+](=O)[O-])c1,229.104,1.117,149.65,1,7,3,1,16,2.0
CHEMBL108545,METHYL SALICYLATE,COC(=O)c1ccccc1O,152.149,1.179,46.53,1,3,1,1,11,3.0
CHEMBL108766,DODECANOATE,CCCCCCCCCCCC(=O)O,200.322,3.992,37.3,1,1,10,0,14,4.0
CHEMBL108821,SITAFLOXACIN ANHYDROUS,N[C@@H]1CN(c2c(F)cc3c(=O)c(C(=O)O)cn([C@@H]4C[C@@H]4F)c3c2Cl)CC12CC2,409.82,2.703,88.56,2,5,3,2,28,1.0
CHEMBL108829,2-PHENYLPHENOL,Oc1ccccc1-c1ccccc1,170.211,3.059,20.23,1,1,1,2,13,4.0
CHEMBL108861,METHYLEUGENOL,C=CCc1ccc(OC)c(OC)c1,178.231,2.432,18.46,0,2,4,1,13,4.0
CHEMBL108862,CHAVICOL,C=CCc1ccc(O)cc1,134.178,2.121,20.23,1,1,2,1,10,4.0
CHEMBL108877,2-CHLOROPHENOL,Oc1ccccc1Cl,128.558,2.046,20.23,1,1,0,1,8,4.0
CHEMBL108925,SALICYLADEHYDE,O=Cc1ccccc1O,122.123,1.205,37.3,1,2,1,1,9,3.0
CHEMBL108947,DOTHIEPIN,CN(C)CC/C=C1/c2ccccc2CSc2ccccc21,295.451,4.676,3.24,0,2,3,2,21,3.0
CHEMBL108962,COROSSOLONE,CCCCCCCCCCCC[C@@H](O)[C@H]1CC[C@@H]([C@@H](O)CCCCC(=O)CCCCCCCC2=C[C@H](C)OC2=O)O1,578.875,8.299,93.06,2,6,26,0,41,0.0
CHEMBL109095,TRICLOFENOL,Oc1cc(Cl)c(Cl)cc1Cl,197.448,3.352,20.23,1,1,0,1,10,4.0
CHEMBL109252,CORONARIN E,C=C1CC[C@H]2C(C)(C)CCC[C@]2(C)[C@H]1/C=C/c1ccoc1,284.443,6.092,13.14,0,1,2,1,21,3.0
CHEMBL109266,RHAPONTIN,COc1ccc(/C=C/c2cc(O)cc(O[C@@H]3O[C@H](CO)[C@@H](O)[C@H](O)[C@H]3O)c2)cc1O,420.414,0.455,149.07,6,9,6,2,30,0.0
CHEMBL109317,GITOXIN,C[C@H]1O[C@@H](O[C@H]2[C@@H](O)C[C@H](O[C@H]3[C@@H](O)C[C@H](O[C@H]4CC[C@@]5(C)[C@H](CC[C@@H]6[C@@H]5CC[C@]5(C)[C@@H](C7=CC(=O)OC7)[C@@H](O)C[C@]65O)C4)O[C@@H]3C)O[C@@H]2C)C[C@H](O)[C@@H]1O,780.949,2.218,203.06,6,14,7,0,55,1.0
CHEMBL109341,SINAPINATE,COc1cc(/C=C/C(=O)O)cc(OC)c1O,224.212,1.507,75.99,2,4,4,1,16,1.0
CHEMBL109378,DETERENOL,CC(C)NCC(O)c1ccc(O)cc1,195.262,1.424,52.49,3,3,4,1,14,2.0
CHEMBL109480,TANESPIMYCIN,C=CCNC1=C2C[C@@H](C)C[C@H](OC)[C@H](O)[C@@H](C)/C=C(\C)[C@H](OC(N)=O)[C@@H](OC)/C=C\C=C(/C)C(=O)NC(=CC1=O)C2=O,585.698,2.538,166.28,4,9,6,0,42,1.0
CHEMBL109648,CLAZOSENTAN,COc1ccccc1Oc1c(NS(=O)(=O)c2ccc(C)cn2)nc(-c2ccnc(-c3nnn[nH]3)c2)nc1OCCO,577.583,2.395,200.11,3,13,11,5,41,1.0
CHEMBL109652,SYRINGOL,COc1cccc(OC)c1O,154.165,1.409,38.69,1,3,2,1,11,3.0
CHEMBL109653,TEPRALOXYDIM,CC/C(=N\OC/C=C/Cl)C1=C(O)CC(C2CCOCC2)CC1=O,341.835,3.739,68.12,1,5,6,0,23,4.0
CHEMBL109745,DARBUFELONE MESYLATE,CC(C)(C)c1cc(/C=C2\SC(=N)NC2=O)cc(C(C)(C)C)c1O.CS(=O)(=O)O,428.576,3.63,127.55,4,6,1,1,23,1.0
CHEMBL109747,TRIMETHYL-TETRADECYL-AMMONIUM CHLORIDE,CCCCCCCCCCCCCC[N+](C)(C)C.[Cl-],291.951,2.398,0.0,0,0,13,0,18,4.0
CHEMBL109819,DECYLAMINE,CCCCCCCCCCN,157.301,3.086,26.02,1,1,8,0,11,4.0
CHEMBL109831,DEXELVUCITABINE,Nc1nc(=O)n([C@H]2C=C[C@@H](CO)O2)cc1F,227.195,-0.59,90.37,2,6,2,1,16,1.0
CHEMBL109904,DODECYLAMINE,CCCCCCCCCCCCN,185.355,3.866,26.02,1,1,10,0,13,4.0
CHEMBL109962,SELENOCYSTEINE,N[C@@H](C[SeH])C(=O)O,168.054,-1.283,63.32,2,2,2,,,2.0
CHEMBL110011,TETRADECYLAMINE,CCCCCCCCCCCCCCN,213.409,4.646,26.02,1,1,12,0,15,3.0
CHEMBL110012,ICOSYLAMINE,CCCCCCCCCCCCCCCCCCCCN,297.571,6.987,26.02,1,1,18,0,21,3.0
CHEMBL110057,TRIOXIFENE,COc1ccc(C2=C(C(=O)c3ccc(OCCN4CCCC4)cc3)c3ccccc3CC2)cc1,453.582,5.91,38.77,0,4,8,3,34,2.0
CHEMBL110059,ORCINOL,Cc1cc(O)cc(O)c1,124.139,1.406,40.46,2,2,0,1,9,2.0
CHEMBL110073,CHLORCORTOLONE,C[C@@H]1CC2C3C[C@H](Cl)C4=CC(=O)C=CC4(C)C3C(O)CC2(C)C1C(=O)CO,392.923,2.906,74.6,2,4,2,0,27,1.0
CHEMBL110094,MELITRACEN,CN(C)CCC=C1c2ccccc2C(C)(C)c2ccccc21,291.438,4.709,3.24,0,1,3,2,22,3.0
CHEMBL110111,GALACTOCEREBROSIDE,CCCCCCCCCCCCC/C=C\C(O)C(CO)NC(=O)O[C@@H]1O[C@H](CO)[C@H](O)[C@H](O)[C@H]1O,505.649,1.492,168.94,7,9,18,0,35,0.0
CHEMBL110183,ANNONACINONE,CCCCCCCCCCCC[C@@H](O)[C@H]1CC[C@H]([C@H](O)CCCCC(=O)CCCCC[C@@H](O)CC2=C[C@H](C)OC2=O)O1,594.874,7.27,113.29,3,7,26,0,42,0.0
CHEMBL110203,ROSETTACIN,O=c1c2ccccc2cc2n1Cc1cc3ccccc3nc1-2,284.318,3.578,34.89,0,3,0,4,22,4.0
CHEMBL110317,ACETRYPTINE,CC(=O)c1ccc2[nH]cc(CCN)c2c1,202.257,1.872,58.88,2,2,3,2,15,2.0
CHEMBL110333,MOLVIZARIN,CCCCCCCCCC[C@H](O)[C@H]1CC[C@H]([C@H]2CC[C@H]([C@H](O)CCCCCCCC[C@@H](O)CC3=C[C@H](C)OC3=O)O2)O1,594.874,7.078,105.45,3,7,23,0,42,0.0
CHEMBL110441,ANNOMONTACIN,CCCCCCCCCCCC[C@H](O)[C@@H]1CC[C@@H]([C@@H](O)CCCCCCC(O)CCCCC[C@@H](O)CC2=C[C@H](C)OC2=O)O1,624.944,7.842,116.45,4,7,28,0,44,0.0
CHEMBL110458,MIGALASTAT,OC[C@H]1NC[C@H](O)[C@@H](O)[C@H]1O,163.173,-2.967,92.95,5,5,1,0,11,1.0
CHEMBL110526,TIRON,O=S(=O)([O-])c1cc(O)c(O)c(S(=O)(=O)[O-])c1.[Na+].[Na+],314.204,-7.086,154.86,2,8,2,1,16,1.0
CHEMBL110691,CHLORMADINONE ACETATE,CC(=O)O[C@]1(C(C)=O)CC[C@H]2[C@@H]3C=C(Cl)C4=CC(=O)CC[C@]4(C)[C@H]3CC[C@@]21C,404.934,4.752,60.44,0,4,2,0,28,2.0
CHEMBL110739,CORTICOSTERONE,C[C@]12C[C@H](O)[C@H]3[C@@H](CCC4=CC(=O)CC[C@@]43C)[C@@H]1CC[C@@H]2C(=O)CO,346.467,2.667,74.6,2,4,2,0,25,2.0
CHEMBL110830,DIDEOXYIMINOXYLITOL,O[C@H]1[C@H](O)CNC[C@@H]1O,133.147,-2.328,72.72,4,4,0,0,9,1.0
CHEMBL111016,SODIUM PYROSULFATE,O=S(=O)([O-])OS(=O)(=O)[O-].[Na+].[Na+],222.107,-8.069,123.63,0,7,2,0,9,2.0
CHEMBL111058,CLETHODIM,CCSC(C)CC1CC(=O)C(/C(CC)=N/OC/C=C/Cl)=C(O)C1,359.919,4.844,58.89,1,5,9,0,23,3.0
CHEMBL111076,ANTHRACENE40,CN(C)CCNC1CC2c3ccccc3C1c1ccccc12,292.426,3.187,15.27,1,2,4,2,22,4.0
CHEMBL111077,MYRISTIC ACID,CCCCCCCCCCCCCC(=O)O,228.376,4.772,37.3,1,1,12,0,16,3.0
CHEMBL111103,FALINTOLOL,C/C(=N\OCC(O)CNC(C)(C)C)C1CC1,228.336,1.538,53.85,2,4,6,0,16,2.0
CHEMBL111134,HYDROXYCHAVICOL,C=CCc1ccc(O)c(O)c1,150.177,1.826,40.46,2,2,2,1,11,2.0
CHEMBL111232,ROCICLOVIR,CC(C)OCC(COC(C)C)OCn1cnc2cnc(N)nc21,323.397,1.601,97.31,1,8,9,2,23,2.0
CHEMBL111234,DIHYDRORESVERATROL,Oc1ccc(CCc2cc(O)cc(O)c2)cc1,230.263,2.589,60.69,3,3,3,2,17,3.0
CHEMBL111272,M-FLUOROBENZYLGUANIDINE,N=C(N)NCc1cccc(F)c1,167.187,0.809,61.9,3,1,2,1,12,2.0
CHEMBL111469,GALEGINE,CC(C)=CCN=C(N)N,127.191,0.226,64.4,2,1,2,0,9,2.0
CHEMBL111612,ABT-546,CCCCN(CCCC)C(=O)CN1C[C@H](c2cc(OC)c3c(c2)OCO3)[C@@H](C(=O)O)[C@@H]1CC(C)(C)CCC,532.722,5.538,88.54,1,6,15,1,38,1.0
CHEMBL111617,ALLOXYDIM,C=CCO/N=C(\CCC)C1=C(O)C(C(=O)OC)C(C)(C)CC1=O,323.389,2.945,85.19,1,6,7,0,23,3.0
CHEMBL111639,FLUOROCARAZOLOL,CC(CF)NCC(O)COc1cccc2[nH]c3ccccc3c12,316.376,3.008,57.28,3,3,7,3,23,3.0
CHEMBL111654,2-MERCAPTOBENZOTHIAZOLE,Sc1nc2ccccc2s1,167.258,2.585,12.89,1,3,0,2,10,4.0
CHEMBL111659,ALTINICLINE,C#Cc1cncc([C@@H]2CCCN2C)c1,186.258,1.83,16.13,0,2,1,1,14,3.0
CHEMBL111739,CACOSPONGIONOLIDE B,C=C1CCC[C@H]2[C@](C)(CCC3=CCC(C4=CC(=O)OC4O)OC3)[C@H](C)CC[C@]12C,400.559,5.082,55.76,1,4,4,0,29,2.0
CHEMBL111743,STROPHANTHIDIN,C[C@]12CC[C@H]3[C@@H](CC[C@]4(O)C[C@@H](O)CC[C@]34C=O)[C@@]1(O)CC[C@@H]2C1=CC(=O)OC1,404.503,1.898,104.06,3,6,2,0,29,0.0
CHEMBL111825,LEUCETTAMINE A,Cn1c(N)nc(Cc2ccc3c(c2)OCO3)c1Cc1ccc2c(c1)OCO2,365.389,2.641,80.76,1,7,4,3,27,2.0
CHEMBL112302,SODIUM SELENITE,O=[Se]([O-])[O-].[Na+].[Na+],172.937,-8.87,63.19,0,3,0,,,3.0
CHEMBL112415,ACETYLALKANNIN,CC(=O)O[C@@H](CC=C(C)C)C1=CC(=O)c2c(O)ccc(O)c2C1=O,330.336,2.691,100.9,2,6,4,1,24,2.0
CHEMBL112481,VERAGUENSIN,COc1ccc([C@H]2O[C@@H](c3ccc(OC)c(OC)c3)[C@H](C)[C@H]2C)cc1OC,372.461,4.806,46.15,0,5,6,2,27,2.0
CHEMBL112570,CHOLESTEROL,CC(C)CCC[C@@H](C)[C@H]1CC[C@H]2[C@@H]3CC=C4C[C@@H](O)CC[C@]4(C)[C@H]3CC[C@]12C,386.664,7.389,20.23,1,1,5,0,28,2.0
CHEMBL112687,ACEDOBEN,CC(=O)Nc1ccc(C(=O)O)cc1,179.175,1.343,66.4,2,2,2,1,13,2.0
CHEMBL112709,CHRYSOPHANEIN,Cc1cc(O[C@@H]2O[C@H](CO)[C@@H](O)[C@H](O)[C@H]2O)c2c(c1)C(=O)c1cccc(O)c1C2=O,416.382,-0.345,153.75,5,9,3,2,30,0.0
CHEMBL112743,"6,6'-METHOXYGOSSYPOL",COc1c(O)c(C=O)c2c(O)c(-c3c(C)cc4c(C(C)C)c(OC)c(O)c(C=O)c4c3O)c(C)cc2c1C(C)C,546.616,6.988,133.52,4,8,7,4,40,0.0
CHEMBL112797,SGS-742,CCCCP(=O)(O)CCCN,179.2,1.406,63.32,2,2,6,0,11,2.0
CHEMBL113051,GIMATECAN,CC[C@@]1(O)C(=O)OCc2c1cc1n(c2=O)Cc2c-1nc1ccccc1c2/C=N/OC(C)(C)C,447.491,3.229,103.01,1,8,3,3,33,2.0
CHEMBL113142,ZM-241385,Nc1nc(NCCc2ccc(O)cc2)nc2nc(-c3ccco3)nn12,337.343,1.722,127.39,3,9,5,4,25,1.0
CHEMBL113178,SELENOMETHIONINE,C[Se]CC[C@H](N)C(=O)O,196.108,-0.041,63.32,2,2,4,,,2.0
CHEMBL113262,METHOXYARACHIDONOYL FLUOROPHOSPHONATE,CCCCC/C=C\C/C=C\C/C=C\C/C=C\CCCCP(=O)(F)OC,370.489,7.941,26.3,0,2,16,0,25,2.0
CHEMBL113263,METHYL DODECYLPHOSPHONOFLUORIDOATE,CCCCCCCCCCCCP(=O)(F)OC,266.337,5.716,26.3,0,2,12,0,17,3.0
CHEMBL113278,MEDROXALOL,CC(CCc1ccc2c(c1)OCO2)NCC(O)c1ccc(O)c(C(N)=O)c1,372.421,1.864,114.04,4,6,8,2,27,0.0
CHEMBL113313,CAPROMORELIN,CN1N=C2CCN(C(=O)[C@@H](COCc3ccccc3)NC(=O)C(C)(C)N)C[C@@]2(Cc2ccccc2)C1=O,505.619,1.715,117.33,2,6,9,2,37,0.0
CHEMBL113392,DIHYDRODIGITOXIN,C[C@H]1O[C@@H](O[C@H]2[C@@H](O)C[C@H](O[C@H]3[C@@H](O)C[C@H](O[C@H]4CC[C@@]5(C)[C@H](CC[C@@H]6[C@@H]5CC[C@]5(C)[C@H](C7COC(=O)C7)CC[C@]65O)C4)O[C@@H]3C)O[C@@H]2C)C[C@H](O)[C@@H]1O,766.966,3.327,182.83,5,13,7,0,54,1.0
CHEMBL113461,TEDISAMIL,C1CCC2(C1)C1CN(CC3CC3)CC2CN(CC2CC2)C1,288.479,3.23,6.48,0,2,4,0,21,4.0
CHEMBL113718,IQM-95333,CC(C)(C)OC(=O)N[C@@H](Cc1c[nH]c2ccccc12)C(=O)N[C@@H]1CCCN2C(=O)N(Cc3ccccc3)C(=O)C[C@@H]12,559.667,4.105,123.84,3,5,7,3,41,0.0
CHEMBL113830,"(S,R)-IFENPRODIL",C[C@H]([C@@H](O)c1ccc(O)cc1)N1CCC(Cc2ccccc2)CC1,325.452,3.769,43.7,2,3,5,2,24,3.0
CHEMBL113841,ZANKIREN,CC(C)C[C@H](O)[C@H](O)[C@H](CC1CCCCC1)NC(=O)[C@H](Cc1cscn1)NC(=O)[C@H](Cc1ccccc1)CS(=O)(=O)N1CCN(C)CC1,705.988,2.83,152.17,4,9,17,2,48,1.0
CHEMBL113940,TAXININE A,C=C1[C@@H](O)CC[C@@]2(C)[C@@H](OC(C)=O)[C@H](OC(C)=O)C3=C(C)C(=O)C[C@@H]([C@@H](OC(C)=O)[C@H]12)C3(C)C,476.566,3.06,116.2,1,8,3,0,34,2.0
CHEMBL113989,LAMININ,CC[C@H](C)[C@H](NC(=O)[C@H](N)Cc1ccc(O)cc1)C(=O)NCC(=O)N[C@@H](CO)C(=O)N[C@@H](CCCN=C(N)N)C(=O)O,594.67,-2.991,284.58,10,9,18,1,42,0.0
CHEMBL114062,TETRACHLOROETHYLENE,ClC(Cl)=C(Cl)Cl,165.834,3.068,0.0,0,0,0,0,6,4.0
CHEMBL114070,DINITROPHENYLENE,O=[N+]([O-])c1cccc([N+](=O)[O-])c1,168.108,1.503,86.28,0,4,2,1,12,2.0
CHEMBL114283,DANIQUIDONE,Nc1ccc2c(c1)CN1C(=O)c3ccccc3C1=N2,249.273,2.317,58.69,1,3,0,2,19,4.0
CHEMBL114325,AMIGLUMIDE,CCCCCN(CCCCC)C(=O)[C@@H](CCC(=O)O)NC(=O)c1ccc2ccccc2c1,440.584,5.012,86.71,2,3,14,2,32,0.0
CHEMBL114395,PINADOLINE,O=C(CCCCCl)NNC(=O)N1Cc2ccccc2Oc2ccc(Cl)cc21,408.285,4.602,70.67,2,3,4,2,27,0.0
CHEMBL114503,SODIUM SELENATE,O=[Se](=O)([O-])[O-].[Na+].[Na+],188.936,-8.988,80.26,0,4,0,,,2.0
CHEMBL114551,GW-274150,CC(=N)NCCSCC[C@H](N)C(=O)O,219.31,0.108,99.2,4,4,7,0,14,1.0
CHEMBL114586,SEPIMOSTAT,N=C(N)c1ccc2cc(OC(=O)c3ccc(NC4=NCCN4)cc3)ccc2c1,373.416,2.714,112.59,4,6,4,3,28,1.0
CHEMBL114648,BETA-NAPHTOIC ACID,O=C(O)c1ccc2ccccc2c1,172.183,2.538,37.3,1,1,1,2,13,4.0
CHEMBL114655,NYLIDRIN,CC(CCc1ccccc1)NC(C)C(O)c1ccc(O)cc1,299.414,3.425,52.49,3,3,7,2,22,3.0
CHEMBL114715,INOGATRAN,N=C(N)NCCCNC(=O)[C@@H]1CCCCN1C(=O)[C@@H](CC1CCCCC1)NCC(=O)O,438.573,0.37,160.64,6,5,11,0,31,0.0
CHEMBL114957,TOLUIC ACID,Cc1ccccc1C(=O)O,136.15,1.693,37.3,1,1,1,1,10,3.0
CHEMBL115079,"2,3,5-TRIIODOBENZOIC ACID",O=C(O)c1cc(I)cc(I)c1I,499.811,3.199,37.3,1,1,1,1,12,3.0
CHEMBL115216,REVEROMYCIN B,CCCC[C@]1([C@H](/C=C/C(C)=C/C(=O)O)OC(=O)CCC(=O)O)CC[C@]2(CC[C@H](C)[C@@H](C/C=C(C)/C=C/[C@H](O)[C@@H](C)/C=C/C(=O)O)O2)O1,660.801,6.131,176.89,4,8,18,0,47,0.0
CHEMBL115422,CONGOCIDINE,Cl.Cl.Cn1cc(NC(=O)c2cc(NC(=O)CNC(=N)N)cn2C)cc1C(=O)NCCC(=N)N,503.395,-0.063,208.93,8,7,9,2,31,0.0
CHEMBL115435,SUPLATAST TOSILATE,CCOCC(O)COc1ccc(NC(=O)CC[S+](C)C)cc1.Cc1ccc(S(=O)(=O)[O-])cc1,499.651,2.568,124.99,2,7,11,1,22,1.0
CHEMBL115452,BROUSSOCHALCONE A,CC(C)=CCc1cc(C(=O)/C=C/c2ccc(O)c(O)c2)c(O)cc1O,340.375,3.914,97.99,4,5,5,2,25,2.0
CHEMBL115523,N-PHENYLBENZAMIDE,O=C(Nc1ccccc1)c1ccccc1,197.237,2.939,29.1,1,1,2,2,15,4.0
CHEMBL115585,NEOCRYPTOLEPINE,Cn1c2nc3ccccc3c-2cc2ccccc21,232.286,3.831,17.82,0,2,0,2,18,4.0
CHEMBL115590,ACANTHOL,C=C[C@@]1(C)CC=C2C(CCC3[C@](C)(CO)CCC[C@@]23C)C1,288.475,5.114,20.23,1,1,2,0,21,3.0
CHEMBL115653,CIPEMASTAT,CN1C(=O)N(C[C@H](C(=O)NO)[C@@H](CC2CCCC2)C(=O)N2CCCCC2)C(=O)C1(C)C,436.553,1.99,110.26,2,5,7,0,31,0.0
CHEMBL115735,MIMIC A,COc1cccc(C(=O)O[C@H]2C=CC(=O)N3C[C@@H](OC(=O)[C@H](O)[C@H](C=C(C)C)NC(=O)OC(C)(C)C)C[C@H]23)c1,544.601,2.524,140.7,2,9,8,1,39,1.0
CHEMBL115794,MANIFAXINE,C[C@@H]1CO[C@@](O)(c2cc(F)cc(F)c2)[C@H](C)N1,243.253,1.507,41.49,2,3,1,1,17,2.0
CHEMBL115843,AMBROSIN,C=C1C(=O)O[C@@H]2[C@H]1CC[C@H](C)[C@@H]1C=CC(=O)[C@@]21C,246.306,2.276,43.37,0,3,0,0,18,4.0
CHEMBL115849,IODOMETHANE,CI,141.939,1.051,0.0,0,0,0,0,2,3.0
CHEMBL116040,5-FLUOROISATIN,O=C1Nc2ccc(F)cc2C1=O,165.123,0.96,46.17,1,2,0,1,12,3.0
CHEMBL116296,IODOBENZENE,Ic1ccccc1,204.01,2.291,0.0,0,0,0,1,7,4.0
CHEMBL116315,TOBORINONE,COc1ccc(CNCC(O)COc2ccc3[nH]c(=O)ccc3c2)cc1OC,384.432,2.075,92.81,3,6,9,3,28,1.0
CHEMBL116320,2-METHYL HEPTYL ISONICOTINATE,CCCCCC(C)COC(=O)c1ccncc1,235.327,3.455,39.19,0,3,7,1,17,4.0
CHEMBL116336,ETHYNE,C#C,26.038,0.249,0.0,0,0,0,0,2,3.0
CHEMBL116368,AMIPIZONE,CC(Cl)C(=O)Nc1ccc(C2=NNC(=O)CC2C)cc1,293.754,2.113,70.56,2,3,3,1,20,2.0
CHEMBL116438,CURCUMIN,COc1cc(/C=C/C(=O)/C=C(O)/C=C/c2ccc(O)c(OC)c2)ccc1O,368.385,3.853,96.22,3,6,7,2,27,1.0
CHEMBL116455,THIOGLYCOLIC ACID,O=C(O)CS,92.119,0.001,37.3,2,2,1,0,5,2.0
CHEMBL116468,ESTRADIOL METHYL ETHER,COc1ccc2c(c1)CC[C@@H]1[C@@H]2CC[C@]2(C)[C@@H](O)CC[C@@H]12,286.415,3.912,29.46,1,2,1,1,21,4.0
CHEMBL116583,CARBIMIDE,N=C=N,42.041,0.318,47.7,2,2,0,0,3,2.0
CHEMBL116675,TRIFLUOROETHANOL,OCC(F)(F)F,100.039,0.541,20.23,1,1,0,0,6,3.0
CHEMBL116736,FORMIC ACID,O=CO,46.025,-0.299,37.3,1,1,0,0,3,3.0
CHEMBL116833,ISONICOTINIC ACID OCTADECYL ESTER,CCCCCCCCCCCCCCCCCCOC(=O)c1ccncc1,375.597,7.5,39.19,0,3,18,1,27,2.0
CHEMBL116838,FLUOROMETHANE,CF,34.033,0.586,0.0,0,0,0,0,2,3.0
CHEMBL116841,METHYLPHENYLSULFONE,CS(=O)(=O)c1ccccc1,156.206,1.09,34.14,0,2,1,1,10,3.0
CHEMBL116902,PROPYNE,C#CC,40.065,0.64,0.0,0,0,0,0,3,3.0
CHEMBL116943,PENTYLENETETRAZOL,C1CCc2nnnn2CC1,138.174,0.399,43.6,0,4,0,1,10,3.0
CHEMBL116955,CONGO RED FREE ACID,Nc1c(/N=N/c2ccc(-c3ccc(/N=N/c4cc(S(=O)(=O)O)c5ccccc5c4N)cc3)cc2)cc(S(=O)(=O)O)c2ccccc12,652.714,8.149,210.22,4,10,7,6,46,0.0
CHEMBL117003,SPIROHYDANTOIN,O=C1NC(=O)[C@]2(C[C@H](CO)[C@@H](O)[C@H](O)[C@H]2O)N1,246.219,-3.341,139.12,6,6,1,0,17,1.0
CHEMBL117012,TRIFLUOROACETAMIDE,NC(=O)C(F)(F)F,113.038,0.034,43.09,1,1,0,0,7,3.0
CHEMBL117021,LYSOPHOSPHATIDIC ACID,CCCCCCCC/C=C\CCCCCCCC(=O)OC[C@@H](O)COP(=O)(O)O,436.526,5.037,113.29,3,5,20,0,29,0.0
CHEMBL117042,DAZEPINIL,CC1=Nc2ccccc2CC(c2ccccc2)N1C,250.345,3.966,15.6,0,2,1,2,19,4.0
CHEMBL117080,ISOPROPYLAMINE,CC(C)N,59.112,0.354,26.02,1,1,0,0,4,3.0
CHEMBL117181,DIETHYL SULFIDE,CCSCC,90.191,1.759,0.0,0,1,2,0,5,3.0
CHEMBL117213,PROPENE,C=CC,42.081,1.192,0.0,0,0,0,0,3,3.0
CHEMBL117287,PRUCALOPRIDE,COCCCN1CCC(NC(=O)c2cc(Cl)c(N)c3c2OCC3)CC1,367.877,2.088,76.82,2,5,6,1,25,1.0
CHEMBL117311,N-NITROSODIMETHYLAMINE,CN(C)N=O,74.083,0.229,32.67,0,2,1,0,5,3.0
CHEMBL117348,FOLITIXORIN,Nc1nc(=O)c2c([nH]1)NCC1CN(c3ccc(C(=O)N[C@@H](CCC(=O)O)C(=O)O)cc3)CN21,457.447,-0.522,193.98,6,9,7,2,33,0.0
CHEMBL117391,BANOXANTRONE,C[N+](C)([O-])CCNc1ccc(NCC[N+](C)(C)[O-])c2c1C(=O)c1c(O)ccc(O)c1C2=O,444.488,1.845,144.78,4,8,8,2,32,0.0
CHEMBL117447,PHENYL ISATIN,O=C1C(=O)N(c2ccccc2)c2ccccc21,223.231,2.548,37.38,0,2,1,2,17,4.0
CHEMBL117448,"OCTYL 3,4-DIHYDROXYBENZOATE",CCCCCCCCOC(=O)c1ccc(O)c(O)c1,266.337,3.615,66.76,2,4,8,1,19,3.0
CHEMBL117479,TOKARAMIDE A,CC(C)[C@H](NC(=O)c1ccc(O)cc1)C(=O)N[C@H](C(=O)N[C@H](C=O)CCCN=C(N)N)C(C)C,476.578,0.025,189.0,6,6,13,1,34,0.0
CHEMBL117545,CHLOROMETHANE,CCl,50.488,0.855,0.0,0,0,0,0,2,3.0
CHEMBL117649,TEMPOL HYDROXYLAMINE,CC1(C)CC(O)CC(C)(C)N1O,173.256,1.39,43.7,2,3,0,0,12,2.0
CHEMBL117741,CRAMBESCIDIN 800 TRIHYDROCHLORIDE,CC[C@H]1C=CCC[C@@]2(C[C@@H]3CC[C@@H]4[C@H](C(=O)OCCCCCCCCCCCCCCCC(=O)N(CCCN)C[C@@H](O)CCN)[C@]5(CCC[C@@H](C)O5)NC(=N2)N34)O1.Cl.Cl.Cl,910.554,8.082,164.97,4,11,25,0,57,0.0
CHEMBL117785,TETRABENAZINE,COc1cc2c(cc1OC)C1CC(=O)C(CC(C)C)CN1CC2,317.429,3.238,38.77,0,4,4,1,23,4.0
CHEMBL117822,ETHYLENE,C=C,28.054,0.802,0.0,0,0,0,0,2,3.0
CHEMBL118062,BENZOIC ACID OCTYL ESTER,CCCCCCCCOC(=O)c1ccccc1,234.339,4.204,26.3,0,2,8,1,17,3.0
CHEMBL118166,TRIPHENYLMETHANOL,OC(c1ccccc1)(c1ccccc1)c1ccccc1,260.336,3.971,20.23,1,1,3,3,20,4.0
CHEMBL118183,METHIONINE METHYL ESTER HYDROCHLORIDE,COC(=O)[C@@H](N)CCSC.Cl,199.703,0.662,52.32,1,4,4,0,10,3.0
CHEMBL118218,IROFULVEN,CC1=C(CO)C2=C(C)C3(CC3)[C@@](C)(O)C(=O)C2=C1,246.306,1.666,57.53,2,3,1,0,18,2.0
CHEMBL118238,ETHYL HYDROGEN BUTYLPHOSPHONATE,CCCCP(=O)(O)OCC,166.157,2.008,46.53,1,2,5,0,10,4.0
CHEMBL118305,5-NITROISATIN,O=C1Nc2ccc([N+](=O)[O-])cc2C1=O,192.13,0.73,89.31,1,4,1,1,14,2.0
CHEMBL118359,ISONICOTINIC ACID OCTYL ESTER,CCCCCCCCOC(=O)c1ccncc1,235.327,3.599,39.19,0,3,8,1,17,4.0
CHEMBL118409,ISONICOTINIC ACID HEXYL ESTER,CCCCCCOC(=O)c1ccncc1,207.273,2.819,39.19,0,3,6,1,15,4.0
CHEMBL118473,ISONICOTINIC ACID PENTYL ESTER,CCCCCOC(=O)c1ccncc1,193.246,2.429,39.19,0,3,5,1,14,4.0
CHEMBL118474,ISONICOTINIC ACID HEPTYL ESTER,CCCCCCCOC(=O)c1ccncc1,221.3,3.209,39.19,0,3,7,1,16,4.0
CHEMBL118478,ILEPCIMIDE,O=C(/C=C/c1ccc2c(c1)OCO2)N1CCCCC1,259.305,2.441,38.77,0,3,2,1,19,4.0
CHEMBL118539,CHLORMEQUAT CHLORIDE,C[N+](C)(C)CCCl.[Cl-],158.072,-2.065,0.0,0,0,2,0,7,3.0
CHEMBL118640,IRCINOL A,OC1=C[C@@]2(O)CC/C=C\CCCCN3CC[C@@H]1[C@]1(C[C@@H]4/C=C\CCCCN4[C@H]12)C3,398.591,4.185,46.94,2,4,0,0,29,1.0
CHEMBL118722,TRIBUTYRIN,CCCC(=O)OCC(COC(=O)CCC)OC(=O)CCC,302.367,2.385,78.9,0,6,11,0,21,3.0
CHEMBL118745,TRIMETHYL-OCTADECYL-AMMONIUM CHLORIDE,CCCCCCCCCCCCCCCCCC[N+](C)(C)C.[Cl-],348.059,3.958,0.0,0,0,17,0,22,4.0
CHEMBL118841,PYRAZOLOACRIDINE,COc1ccc2c(c1)-c1nn(CCCN(C)C)c3ccc([N+](=O)[O-])c(c13)N2,367.409,3.629,85.46,1,7,6,3,27,2.0
CHEMBL118865,SPIRADOLINE,CN(C(=O)Cc1ccc(Cl)c(Cl)c1)C1CCC2(CCCO2)CC1N1CCCC1,425.4,4.56,32.78,0,3,4,1,28,2.0
CHEMBL118903,VERATRIC ACID,COc1ccc(C(=O)O)cc1OC,182.175,1.402,55.76,1,3,3,1,13,3.0
CHEMBL119062,CONCANAMYCIN,C/C=C/[C@H]1O[C@@](O)([C@@H](C)[C@H](O)[C@H](C)[C@H]2OC(=O)/C(OC)=C/C(C)=C/[C@@H](C)[C@@H](O)[C@@H](CC)[C@@H](O)[C@H](C)C/C(C)=C/C=C/[C@@H]2OC)C[C@@H](O)[C@@H]1C,692.931,5.0,155.14,5,10,8,0,49,0.0
CHEMBL119096,CRYPTOLEPINE,C[n+]1c2ccccc2cc2[n-]c3ccccc3c21,232.286,2.928,17.98,0,0,0,4,18,4.0
CHEMBL119133,GLACHQLCA,CC(C)C[C@H](NC(=O)CN)C(=O)N[C@@H](C)C(=O)N[C@@H](CS)C(=O)N[C@@H](Cc1c[nH]cn1)C(=O)N[C@@H](CCC(N)=O)C(=O)N[C@@H](CC(C)C)C(=O)N[C@@H](CS)C(=O)N[C@@H](C)C(=O)O,915.11,-3.869,367.89,14,14,28,1,62,0.0
CHEMBL119178,METHOXYMETHANE,COC,46.069,0.263,9.23,0,1,0,0,3,3.0
CHEMBL119264,GR-55562,CN(C)CCCc1cc(C(=O)Nc2ccc(-c3ccncc3)cc2)ccc1O,375.472,4.201,65.46,2,4,7,3,28,1.0
CHEMBL119275,LIGNESFAL,CC[C@H](C)[C@H](NC(=O)[C@@H](N)CC(C)C)C(=O)NCC(=O)N[C@@H](CC(N)=O)C(=O)N[C@@H](CCC(=O)O)C(=O)N[C@@H](CO)C(=O)N[C@@H](Cc1ccccc1)C(=O)N[C@@H](C)C(=O)N[C@@H](CC(C)C)C(=O)O,963.1,-2.959,396.74,13,13,31,1,68,0.0
CHEMBL119385,NEFLAMAPIMOD,O=c1ncn2nc(Sc3ccc(F)cc3F)ccc2c1-c1c(Cl)cccc1Cl,436.27,5.493,47.26,0,5,3,4,28,2.0
CHEMBL119405,BENZENETHIOL,Sc1ccccc1,110.181,1.975,0.0,1,1,0,1,7,3.0
CHEMBL119423,TISOPURINE,Sc1ncnc2[nH]ncc12,152.182,0.642,54.46,2,4,0,2,10,2.0
CHEMBL119443,ERGONOVINE,C[C@@H](CO)NC(=O)[C@@H]1C=C2c3cccc4[nH]cc(c34)C[C@H]2N(C)C1,325.412,1.535,68.36,3,3,3,2,24,2.0
CHEMBL119445,PANEPOXYDONE,CC(C)=C[C@H](O)C1=C[C@@H](O)[C@@H]2O[C@@H]2C1=O,210.229,-0.049,70.06,2,4,2,0,15,1.0
CHEMBL119480,ETHYL HYDROGEN NONYLPHOSPHONATE,CCCCCCCCCP(=O)(O)OCC,236.292,3.959,46.53,1,2,10,0,15,4.0
CHEMBL119521,ETHYL HYDROGEN HEXYLPHOSPHONATE,CCCCCCP(=O)(O)OCC,194.211,2.789,46.53,1,2,7,0,12,4.0
CHEMBL119549,ANDOLAST,O=C(Nc1ccc(-c2nnn[nH]2)cc1)c1ccc(-c2nnn[nH]2)cc1,333.315,1.299,138.02,3,7,4,4,25,1.0
CHEMBL119596,2-ETHOXYETHANOL,CCOCCO,90.122,0.015,29.46,1,2,3,0,6,3.0
CHEMBL119604,DIETHANOLAMINE,OCCNCCO,105.137,-1.439,52.49,3,3,4,0,7,2.0
CHEMBL119625,ZONAMPANEL,O=C(O)Cn1c(=O)c(=O)[nH]c2cc([N+](=O)[O-])c(-n3ccnc3)cc21,331.244,-0.132,153.12,2,8,4,3,24,1.0
CHEMBL119709,IB-MECA,CNC(=O)[C@H]1O[C@@H](n2cnc3c(NCc4cccc(I)c4)ncnc32)[C@H](O)[C@@H]1O,510.292,0.408,134.42,4,9,5,3,29,0.0
CHEMBL119851,TLGIVCPIC,CC[C@H](C)[C@H](NC(=O)CNC(=O)[C@H](CC(C)C)NC(=O)[C@@H](N)[C@@H](C)O)C(=O)N[C@H](C(=O)N[C@@H](CS)C(=O)N1CCC[C@H]1C(=O)N[C@H](C(=O)N[C@@H](CS)C(=O)O)[C@@H](C)CC)C(C)C,918.194,-1.551,307.56,12,13,26,0,62,0.0
CHEMBL119865,PRIZIDILOL,CC(C)(C)NCC(O)COc1ccccc1-c1ccc(NN)nn1,331.42,1.557,105.32,4,7,7,2,24,1.0
CHEMBL119870,PHENAZINE,c1ccc2nc3ccccc3nc2c1,180.21,2.783,25.78,0,2,0,3,14,4.0
CHEMBL119888,THIOSALICYLIC ACID,O=C(O)c1ccccc1S,154.19,1.674,37.3,2,2,1,1,10,2.0
CHEMBL120004,DISULFONE,O=S(=O)(c1ccccc1)S(=O)(=O)c1ccccc1,282.342,1.849,68.28,0,4,3,2,18,3.0
CHEMBL120082,BIS(DIBENZYLAMINETHIOCARBONYL)DISULFIDE,S=C(SSC(=S)N(Cc1ccccc1)Cc1ccccc1)N(Cc1ccccc1)Cc1ccccc1,544.836,8.342,6.48,0,4,8,4,36,2.0
CHEMBL120276,ALPHA-TOCOTRIENOL,CC(C)=CCC/C(C)=C/CC/C(C)=C/CC[C@]1(C)CCc2c(C)c(O)c(C)c(C)c2O1,424.669,8.601,29.46,1,2,9,1,31,2.0
CHEMBL120373,BIS[({[(METHYLAMINO)CARBONOTHIOYL]DITHIO}CARBONOTHIOYL)AMINO]METHANE,C/N=C(\S)SS/C(S)=N/C/N=C(\S)SS/C(S)=N/C,408.737,4.11,49.44,4,8,2,0,19,1.0
CHEMBL120433,DIMETHYLAMINE,CNC,45.085,-0.164,12.03,1,1,0,0,3,3.0
CHEMBL120526,METHANANDAMIDE,CCCCC/C=C\C/C=C\C/C=C\C/C=C\CCCC(=O)N[C@H](C)CO,361.57,5.629,49.33,2,2,16,0,26,1.0
CHEMBL120563,THIRAM,CN(C)C(=S)SSC(=S)N(C)C,240.444,2.061,6.48,0,4,0,0,12,4.0
CHEMBL120568,VANILLIC ACID,COc1cc(C(=O)O)ccc1O,168.148,1.099,66.76,2,3,2,1,12,2.0
CHEMBL120632,TETRAGASTRIN,CSCC[C@H](NC(=O)[C@@H](N)Cc1c[nH]c2ccccc12)C(=O)N[C@@H](CC(=O)O)C(=O)N[C@@H](Cc1ccccc1)C(N)=O,596.71,0.448,209.5,7,7,16,3,42,0.0
CHEMBL120638,NOJIRIMYCIN,OC[C@H]1NC(O)[C@H](O)[C@@H](O)[C@@H]1O,179.172,-3.648,113.18,6,6,1,0,12,1.0
CHEMBL120686,"DISULFOXIDIE BIS(3,3 CHLORO BENZENE)",[O-][S+](c1ccc(Cl)cc1)[S+]([O-])c1ccc(Cl)cc1,319.234,3.824,46.12,0,2,3,2,18,4.0
CHEMBL120697,GAMMA-TOCOTRIENOL,CC(C)=CCC/C(C)=C/CC/C(C)=C/CC[C@]1(C)CCc2cc(O)c(C)c(C)c2O1,410.642,8.292,29.46,1,2,9,1,30,2.0
CHEMBL120951,FLAZALONE,CN1CCC(O)(c2ccc(F)cc2)C(C(=O)c2ccc(F)cc2)C1,331.362,2.987,40.54,1,3,3,2,24,4.0
CHEMBL121047,DIBENZYL DISULFIDE,c1ccc(CSSCc2ccccc2)cc1,246.4,4.768,0.0,0,2,5,2,16,3.0
CHEMBL121188,TROPOLONE,O=c1cccccc1O,122.123,0.752,37.3,1,2,0,1,9,3.0
CHEMBL121209,PALMITOYL GABA,CCCCCCCCCCCCCCCC(=O)NCCCC(=O)O,341.536,5.449,66.4,2,2,18,0,24,2.0
CHEMBL121305,DELTA-TOCOTRIENOL,CC(C)=CCC/C(C)=C/CC/C(C)=C/CC[C@]1(C)CCc2cc(O)cc(C)c2O1,396.615,7.984,29.46,1,2,9,1,29,2.0
CHEMBL121516,BIS(PIPERIDINYLTHIOCARBONYL)DISULFIDE,S=C(SSC(=S)N1CCCCC1)N1CCCCC1,320.574,3.909,6.48,0,4,0,0,18,4.0
CHEMBL121557,E637,CCc1occc(=O)c1O,140.138,0.908,50.44,1,3,1,1,10,3.0
CHEMBL121626,TOLFENAMIC ACID,Cc1c(Cl)cccc1Nc1ccccc1C(=O)O,261.708,4.09,49.33,2,2,3,2,18,2.0
CHEMBL121663,DEQUALINIUM CHLORIDE,Cc1cc(N)c2ccccc2[n+]1CCCCCCCCCC[n+]1c(C)cc(N)c2ccccc21.[Cl-].[Cl-],527.584,0.178,59.8,2,2,11,4,34,1.0
CHEMBL121721,HEXAMETHONIUM HYDROXIDE,C[N+](C)(C)CCCCCC[N+](C)(C)C.[OH-].[OH-],236.4,1.606,60.0,0,2,7,0,14,3.0
CHEMBL121754,PHOSPHORAMIDIC ACID,NP(=O)(O)O,97.01,-0.962,83.55,3,1,0,0,5,1.0
CHEMBL121810,GANSTIGMINE,CCc1ccccc1NC(=O)Oc1ccc2c(c1)[C@]1(C)CCN(C)O[C@@H]1N2C,381.476,4.161,54.04,1,5,3,2,28,2.0
CHEMBL121883,ZINVIROXIME,CC(C)S(=O)(=O)n1c(N)nc2ccc(/C(=N\O)c3ccccc3)cc21,358.423,2.431,110.57,2,7,4,3,25,2.0
CHEMBL121897,SPERMEXATOL,CN(O)C(=O)CCC(=O)N(CCCCNC(=O)c1cccc(O)c1O)CCCNC(=O)c1cccc(O)c1O,546.577,1.295,199.97,7,9,14,2,39,0.0
CHEMBL121919,"5,6,7,8-TETRAHYDROISOQUINOLINE",c1cc2c(cn1)CCCC2,133.194,1.96,12.89,0,1,0,1,10,3.0
CHEMBL121932,BENZOCLIDINE,O=C(OC1CN2CCC1CC2)c1ccccc1,231.295,1.938,29.54,0,3,2,1,17,3.0
CHEMBL121940,ACETOTHIOLUTAMIDE,CC(=O)Nc1ccc(SC[C@](C)(O)C(=O)Nc2ccc(C#N)c(C(F)(F)F)c2)cc1,437.443,4.017,102.22,3,5,6,2,30,0.0
CHEMBL121987,ACYLFULVENE,CC1=CC2=C(C)C3(CC3)[C@@](C)(O)C(=O)C2=C1,216.28,2.303,37.3,1,2,0,0,16,4.0
CHEMBL122005,(S)-WILLARDIINE,N[C@@H](Cn1ccc(=O)[nH]c1=O)C(=O)O,199.166,-2.052,118.18,3,5,3,1,14,1.0
CHEMBL122079,LIFARIZINE,Cc1ccc(-c2nc(CN3CCN(C(c4ccccc4)c4ccccc4)CC3)c(C)[nH]2)cc1,436.603,5.601,35.16,1,3,6,4,33,2.0
CHEMBL122135,LODAXAPRINE,OC1CCN(c2ccc(-c3ccccc3Cl)nn2)CC1,289.766,2.758,49.25,1,4,2,2,20,4.0
CHEMBL122192,EMODIN ANTHRONE,Cc1cc(O)c2c(c1)Cc1cc(O)cc(O)c1C2=O,256.257,2.247,77.76,3,4,0,2,19,2.0
CHEMBL122270,LOBELINE,CN1[C@@H](CC(=O)c2ccccc2)CCC[C@H]1C[C@H](O)c1ccccc1,337.463,4.236,40.54,1,3,6,2,25,3.0
CHEMBL122289,(Z)-Ajoene,C=CCSS/C=C\C[S+]([O-])CC=C,234.411,3.002,23.06,0,3,8,0,13,4.0
CHEMBL122334,HYDANTOIN,O=C1CNC(=O)N1,100.077,-1.174,58.2,2,2,0,0,7,2.0
CHEMBL122351,ADITEREN,COc1cc(Cc2cnc(N)nc2N)cc(OC)c1N,275.312,0.831,122.3,3,7,4,2,20,1.0
CHEMBL122404,AKUAMMIGINE,COC(=O)C1=CO[C@@H](C)[C@@H]2CN3CCc4c([nH]c5ccccc45)[C@H]3C[C@H]12,352.434,3.179,54.56,1,4,1,2,26,4.0
CHEMBL122455,LIDADRONIC ACID,CN(C)CCC(N)(P(=O)(O)O)P(=O)(O)O,262.139,-1.094,144.32,5,4,5,0,15,1.0
CHEMBL122536,METHIOTHEPINE,CSc1ccc2c(c1)C(CCN)=CC2,205.326,2.697,26.02,1,2,3,1,14,4.0
CHEMBL122588,DEANOL,CC(C)(N)CO,89.138,-0.284,46.25,2,2,1,0,6,2.0
CHEMBL122617,1-NAPHTHOL,Oc1cccc2ccccc12,144.173,2.545,20.23,1,1,0,2,11,4.0
CHEMBL122708,EMATE,C[C@]12CC[C@@H]3c4ccc(OS(N)(=O)=O)cc4CC[C@H]3[C@@H]1CCC2=O,349.452,2.694,86.46,1,4,2,1,24,3.0
CHEMBL122858,ENDIXAPRINE,OC1CCN(c2ccc(-c3ccc(Cl)cc3Cl)nn2)CC1,324.211,3.412,49.25,1,4,2,2,21,4.0
CHEMBL122890,AJOENE,C=CCSS/C=C/C[S+]([O-])CC=C,234.411,3.002,23.06,0,3,8,0,13,4.0
CHEMBL122899,7-DEAZAXANTHINE,O=c1[nH]c(=O)c2cc[nH]c2[nH]1,151.125,-0.456,81.51,3,2,0,2,11,1.0
CHEMBL122938,METHYL PHOSPHONATE,CP(=O)(O)O,96.022,-0.206,57.53,2,1,0,0,5,2.0
CHEMBL122972,2-ARACHIDONOYLGLYCEROL,CCCCC/C=C\C/C=C\C/C=C\C/C=C\CCCC(=O)OC(CO)CO,378.553,5.029,66.76,2,4,17,0,27,1.0
CHEMBL123040,ALLITRIDIN,C=CCSSSCC=C,178.347,3.388,0.0,0,3,6,0,9,4.0
CHEMBL123248,ESERIDINE,CNC(=O)Oc1ccc2c(c1)[C@]1(C)CCN(C)O[C@@H]1N2C,291.351,1.706,54.04,1,5,1,1,21,3.0
CHEMBL123292,CYCLOHEXIMIDE,C[C@@H]1C[C@@H]([C@H](O)CC2CC(=O)NC(=O)C2)C(=O)[C@@H](C)C1,281.352,1.041,83.47,2,4,3,0,20,1.0
CHEMBL123325,RAUWOLFIA SERPENTINA,COC(=O)C1=CO[C@@H](C)[C@H]2CN3CCc4c([nH]c5ccccc45)[C@@H]3C[C@H]12,352.434,3.179,54.56,1,4,1,2,26,4.0
CHEMBL123558,AZIMILIDE,CN1CCN(CCCCN2C(=O)CN(/N=C/c3ccc(-c4ccc(Cl)cc4)o3)C2=O)CC1,457.962,3.226,72.6,0,6,8,2,32,2.0
CHEMBL123648,SULFHYDRYL BORON HYDRIDE,N/C(S)=N\NS(=O)(=O)c1ccccc1,231.302,0.124,84.55,3,3,3,1,14,1.0
CHEMBL123693,TUAMINOHEPTANE,CCCCCC(C)N,115.22,1.914,26.02,1,1,4,0,8,3.0
CHEMBL123809,LEUCOCIANIDOL,Oc1cc(O)c2c(c1)OC(c1ccc(O)c(O)c1)C(O)C2O,306.27,1.037,130.61,6,7,1,2,22,1.0
CHEMBL124025,DIMINAZEN ACETURATE,CC(=O)NCC(=O)O.N=C(N)c1ccc(/N=N/Nc2ccc(C(=N)N)cc2)cc1,398.427,1.573,202.89,7,6,7,2,21,0.0
CHEMBL124162,CAMPTOTHECIN-20-O-PROPIONATE,CCC(=O)O[C@]1(CC)C(=O)OCc2c1cc1n(c2=O)Cc2cc3ccccc3nc2-1,404.422,3.041,87.49,0,7,3,3,30,2.0
CHEMBL124211,BUTETHAMINE,CC(C)CNCCOC(=O)c1ccc(N)cc1,236.315,1.671,64.35,2,4,6,1,17,2.0
CHEMBL124241,"2,2'-DIHYDROXYBENZPHENONE",O=C(c1ccccc1O)c1ccccc1O,214.22,2.329,57.53,2,3,2,2,16,3.0
CHEMBL124363,CENSAVUDINE,C#C[C@@]1(CO)C=C[C@H](n2cc(C)c(=O)[nH]c2=O)O1,248.238,-0.706,84.32,2,5,2,1,18,1.0
CHEMBL124440,ANTHRONE,O=C1c2ccccc2Cc2ccccc21,194.233,2.822,17.07,0,1,0,2,15,4.0
CHEMBL124477,SODIUM BISULFITE ADDUCT,CN(C)C(=O)/C=C/C1=CN2C(=O)c3cc4c(cc3NC(S(=O)(=O)[O-])[C@@H]2C1)OCO4.[Na+],443.413,-2.541,128.31,1,8,3,1,29,1.0
CHEMBL124495,NICOTINIC ACID HYDRAZIDE,NNC(=O)c1cccnc1,137.142,-0.315,68.01,2,3,1,1,10,2.0
CHEMBL124518,PHORBOL,CC1=C[C@H]2[C@@]3(O)[C@H](C)[C@@H](O)[C@]4(O)[C@H]([C@@H]3C=C(CO)C[C@]2(O)C1=O)C4(C)C,364.438,-0.07,118.22,5,6,1,0,26,0.0
CHEMBL124579,DIPLAMINE,CSC1=C(CCNC(C)=O)c2nc3ccccc3c3ccnc(c23)C1=O,363.442,3.58,71.95,1,5,4,3,26,2.0
CHEMBL124660,TANDUTINIB,COc1cc2c(N3CCN(C(=O)Nc4ccc(OC(C)C)cc4)CC3)ncnc2cc1OCCCN1CCCCC1,562.715,5.035,92.29,1,8,10,3,41,1.0
CHEMBL124706,PHTHALAZINONE,Oc1nncc2ccccc12,146.149,1.335,46.01,1,3,0,2,11,3.0
CHEMBL124804,DIAZAANTHRAQUINONE,Cc1cc(=O)n(C)c2c1C(=O)c1c(C)cc(=O)n(C)c1C2=O,298.298,0.476,78.14,0,6,0,2,22,2.0
CHEMBL124815,CHLORTHENOXAZINE,O=C1NC(CCCl)Oc2ccccc21,211.648,1.764,38.33,1,2,2,1,14,3.0
CHEMBL124881,(S)-BICALUTAMIDE,C[C@@](O)(CS(=O)(=O)c1ccc(F)cc1)C(=O)Nc1ccc(C#N)c(C(F)(F)F)c1,430.379,2.88,107.26,2,5,5,2,29,1.0
CHEMBL125229,DIKETOPIPERAZINE,O=C1CNC(=O)CN1,114.104,-1.768,58.2,2,2,0,0,8,2.0
CHEMBL125278,CARBAMIC ACID,NC(=O)O,61.04,-0.377,63.32,2,1,0,0,4,2.0
CHEMBL125369,BENZOIC ACID HYDRAZIDE,NNC(=O)c1ccccc1,136.154,0.29,55.12,2,2,1,1,10,2.0
CHEMBL125375,QUINDECAMINE,Cc1cc(NCCCCCCCCCCNc2cc(C)nc3ccccc23)c2ccccc2n1,454.662,8.045,49.84,2,4,13,4,34,1.0
CHEMBL125511,8R-hydroxylobelane,CN1[C@H](CCc2ccccc2)CCC[C@@H]1C[C@@H](O)c1ccccc1,323.48,4.596,23.47,1,2,6,2,24,3.0
CHEMBL125613,PYRAZINE CARBOXYLIC ACID HYDRAZIDE,NNC(=O)c1cnccn1,138.13,-0.92,80.9,2,4,1,1,10,1.0
CHEMBL125737,TIAPAMIL,COc1ccc(CCN(C)CCCC2(c3ccc(OC)c(OC)c3)S(=O)(=O)CCCS2(=O)=O)cc1OC,555.715,3.062,108.44,0,9,12,2,37,2.0
CHEMBL125743,GALLOCATECHIN,Oc1cc(O)c2c(c1)O[C@H](c1cc(O)c(O)c(O)c1)[C@@H](O)C2,306.27,1.252,130.61,6,7,1,2,22,1.0
CHEMBL125869,AZAMETHONIUM BROMIDE,CC[N+](C)(C)CCN(C)CC[N+](C)(C)CC.[Br-].[Br-],391.236,-4.881,3.24,0,1,8,0,16,2.0
CHEMBL126075,DILAZEP,COc1cc(C(=O)OCCCN2CCCN(CCCOC(=O)c3cc(OC)c(OC)c(OC)c3)CC2)cc(OC)c1OC,604.697,3.54,114.46,0,12,16,2,43,2.0
CHEMBL126077,INDIRUBIN-3-MONOXIME,O=Nc1c(-c2c(O)[nH]c3ccccc23)[nH]c2ccccc12,277.283,4.42,81.24,3,3,2,4,21,1.0
CHEMBL126083,NEOTHRAMYCIN,COc1cc2c(cc1O)N=C[C@@H]1CC=C(O)N1C2=O,260.249,1.731,82.36,2,5,1,1,19,1.0
CHEMBL126159,LMP-744,COc1cc2c3c(n(CCCNCCO)c(=O)c2cc1OC)-c1cc2c(cc1C3=O)OCO2,452.463,1.931,108.25,2,9,8,3,33,0.0
CHEMBL126224,IPRINDOLE,CN(C)CCCn1c2c(c3ccccc31)CCCCCC2,284.447,4.252,8.17,0,2,4,2,21,3.0
CHEMBL126644,DITRAN,CCN1CCCC(OC(=O)C(O)(c2ccccc2)C2CCCC2)C1,331.456,3.092,49.77,1,4,5,1,24,4.0
CHEMBL126648,PLEVITREXED,C#CCN(Cc1cc2c(O)nc(C)nc2cc1C)c1ccc(C(=O)N[C@@H](CCc2nnn[nH]2)C(=O)O)c(F)c1,532.536,2.06,170.11,4,9,10,4,39,1.0
CHEMBL126813,HARUNGANOL B,CC(C)=CCc1c(C)c(CC=C(C)C)c2c(c1O)C(=O)c1c(O)cc(O)c(CC=C(C)C)c1C2,460.614,6.773,77.76,3,4,6,2,34,0.0
CHEMBL127071,POZANICLINE,Cc1ncccc1OC[C@@H]1CCCN1,192.262,1.521,34.15,1,3,3,1,14,3.0
CHEMBL127123,PHENACAINE,CCOc1ccc(/N=C(\C)Nc2ccc(OCC)cc2)cc1,298.386,4.646,42.85,1,3,6,2,22,3.0
CHEMBL127273,PIPERTRAMINE,COc1ccccc1CN1CCC(C2CCN(CCCCCCCCN3CCC(C4CCN(Cc5ccccc5OC)CC4)CC3)CC2)CC1,687.07,8.593,31.42,0,6,17,2,50,2.0
CHEMBL127300,HEXOBENDINE,COc1cc(C(=O)OCCCN(C)CCN(C)CCCOC(=O)c2cc(OC)c(OC)c(OC)c2)cc(OC)c1OC,592.686,3.396,114.46,0,12,19,2,42,2.0
CHEMBL127349,NIFENALOL,CC(C)NCC(O)c1ccc([N+](=O)[O-])cc1,224.26,1.626,75.4,2,4,5,1,16,1.0
CHEMBL127409,"3,4,2',4',6'-PENTAHYDROXYCHALCONE",O=C(/C=C/c1ccc(O)c(O)c1)c1c(O)cc(O)cc1O,288.255,2.111,118.22,5,6,3,2,21,2.0
CHEMBL127453,ZOLAMINE,COc1ccc(CN(CCN(C)C)c2nccs2)cc1,291.42,2.72,28.6,0,5,7,2,20,4.0
CHEMBL127487,CYCLOMETHYCAINE,CC1CCCCN1CCCOC(=O)c1ccc(OC2CCCCC2)cc1,359.51,4.819,38.77,0,4,7,1,26,3.0
CHEMBL127508,AZACYCLONOL,OC(c1ccccc1)(c1ccccc1)C1CCNCC1,267.372,2.922,32.26,2,2,3,2,20,3.0
CHEMBL127516,BUTAMBEN,CCCCOC(=O)c1ccc(N)cc1,193.246,2.226,52.32,1,3,4,1,14,4.0
CHEMBL127592,OXETHAZAINE,CN(C(=O)CN(CCO)CC(=O)N(C)C(C)(C)Cc1ccccc1)C(C)(C)Cc1ccccc1,467.654,3.24,64.09,1,4,12,2,34,3.0
CHEMBL127643,DIMETHISOQUIN,CCCCc1cc2ccccc2c(OCCN(C)C)n1,272.392,3.518,25.36,0,3,7,2,20,4.0
CHEMBL127655,4-NITROQUINOLINE-1-OXIDE,O=[N+]([O-])c1cc[n+]([O-])c2ccccc12,190.158,1.381,70.08,0,3,1,2,14,2.0
CHEMBL127734,CARCAINIUM CHLORIDE,C[N+](C)(CC(=O)Nc1ccccc1)CC(=O)Nc1ccccc1.[Cl-],347.846,-0.656,58.2,2,2,6,2,23,2.0
CHEMBL127810,MEPRYLCAINE,CCCNC(C)(C)COC(=O)c1ccccc1,235.327,2.622,38.33,1,3,6,1,17,4.0
CHEMBL127811,EILATIN,c1ccc2c(c1)nc1c3nc4ccccc4c4ccnc(c5nccc2c51)c43,356.388,5.624,51.56,0,4,0,7,28,3.0
CHEMBL127865,PIPEROCAINE,CC1CCCCN1CCCOC(=O)c1ccccc1,261.365,3.108,29.54,0,3,5,1,19,4.0
CHEMBL127872,KUANONIAMINE D,CC(=O)NCCc1c2c3c(ccnc3c3ncsc13)-c1ccccc1N2,360.442,4.247,66.91,2,5,3,4,26,1.0
CHEMBL127873,SHERMILAMINE B,CC(=O)NCCc1c2c(c3nccc4c3c1Nc1ccccc1-4)NC(=O)CS2,390.468,3.682,83.12,3,5,3,3,28,1.0
CHEMBL128000,BUTEIN,O=C(/C=C/c1ccc(O)c(O)c1)c1ccc(O)cc1O,272.256,2.405,97.99,4,5,3,2,20,2.0
CHEMBL128153,"HEXYL 3,4-DIHYDROXYBENZOATE",CCCCCCOC(=O)c1ccc(O)c(O)c1,238.283,2.835,66.76,2,4,6,1,17,3.0
CHEMBL128168,BIPHENYLINE,CC(Oc1ccccc1-c1ccccc1)C1=NCCN1,266.344,3.123,33.62,1,3,4,2,20,4.0
CHEMBL128223,DEHYDROCAPTOPRIL,O=C(/C=C\S)C1CC[C@@H](C(=O)O)C1,200.259,1.5,54.37,2,3,3,0,13,2.0
CHEMBL128251,IOCANLIDIC ACID,O=C(O)CCCCCCCCCCCCCCc1ccc(I)cc1,444.397,6.99,37.3,1,1,15,1,24,2.0
CHEMBL128365,ARECAIDINE PROPARGYL ESTER,C#CCOC(=O)C1=CCCN(C)C1,179.219,0.425,29.54,0,3,2,0,13,3.0
CHEMBL128586,"7-(3,5-BIS-TRIFLUOROMETHYL-BENZYL)-9-METHYL-5-P-TOLYL-8,9,10,11-TETRAHYDRO-7H-1,7,11A-TRIAZA-CYCLOOCTA[B]NAPHTHALENE-6,12-DIONE (ATROPISOMERIC MIX)",Cc1ccc(-c2c3n(c(=O)c4ncccc24)CC[C@H](C)CN(Cc2cc(C(F)(F)F)cc(C(F)(F)F)c2)C3=O)cc1,573.537,7.092,55.2,0,4,3,4,41,2.0
CHEMBL128748,DIMETHYLCURCUMIN,COc1ccc(/C=C/C(=O)/C=C(O)/C=C/c2ccc(OC)c(OC)c2)cc1OC,396.439,4.459,74.22,1,6,9,2,29,1.0
CHEMBL128785,"HEPTYL 3,4-DIHYDROXYBENZOATE",CCCCCCCOC(=O)c1ccc(O)c(O)c1,252.31,3.225,66.76,2,4,7,1,18,3.0
CHEMBL128988,FRENTIZOLE,COc1ccc2nc(NC(=O)Nc3ccccc3)sc2c1,299.355,3.949,63.25,2,4,3,3,21,3.0
CHEMBL129014,NORARISTEROMYCIN,Nc1ncnc2c1ncn2[C@@H]1C[C@H](O)[C@@H](O)[C@H]1O,251.246,-1.564,130.31,4,8,1,2,18,1.0
CHEMBL129177,HARMALOL,CC1=NCCc2c1[nH]c1cc(O)ccc21,200.241,2.239,48.38,2,2,0,2,15,3.0
CHEMBL129198,JNJ-7777120,CN1CCN(C(=O)c2cc3cc(Cl)ccc3[nH]2)CC1,277.755,2.209,39.34,1,2,1,2,19,4.0
CHEMBL129353,"NONYL 3,4-DIHYDROXYBENZOATE",CCCCCCCCCOC(=O)c1ccc(O)c(O)c1,280.364,4.005,66.76,2,4,9,1,20,2.0
CHEMBL129371,"2',4',6-TRIHYDROXYCHALCONE",O=C(/C=C/c1ccccc1)c1c(O)cc(O)cc1O,256.257,2.7,77.76,3,4,3,2,19,2.0
CHEMBL129451,(-)-CATECHINGALLATE,O=C(O[C@@H]1Cc2c(O)cc(O)cc2O[C@H]1c1ccc(O)c(O)c1)c1cc(O)c(O)c(O)c1,442.376,2.528,177.14,7,10,3,3,32,1.0
CHEMBL129482,(+)-EPICATECHIN,Oc1cc(O)c2c(c1)O[C@@H](c1ccc(O)c(O)c1)[C@@H](O)C2,290.271,1.546,110.38,5,6,1,2,21,1.0
CHEMBL129529,BUTACAINE,CCCCN(CCCC)CCCOC(=O)c1ccc(N)cc1,306.45,3.718,55.56,1,4,11,1,22,4.0
CHEMBL129542,JNJ-5207852,c1cc(OCCCN2CCCCC2)ccc1CN1CCCCC1,316.489,3.927,15.71,0,3,7,1,23,4.0
CHEMBL129795,ISOLIQUIRITIGENIN,O=C(/C=C/c1ccc(O)cc1)c1ccc(O)cc1O,256.257,2.7,77.76,3,4,3,2,19,2.0
CHEMBL129796,PROLONIUM IODIDE,C[N+](C)(C)CC(O)C[N+](C)(C)C.[I-].[I-],430.112,-6.232,20.23,1,1,4,0,12,2.0
CHEMBL129837,4-ISOPROPYLPHENSERINE,CC(C)c1ccc(NC(=O)Oc2ccc3c(c2)[C@]2(C)CCN(C)[C@@H]2N3C)cc1,379.504,4.79,44.81,1,4,3,2,28,2.0
CHEMBL129857,AS-602868,COc1cccc2nc(-c3cccs3)nc(NN3C(=O)C=C(C)C3=O)c12,366.402,3.009,84.42,1,7,4,3,26,2.0
CHEMBL130059,UNIBLUE A,C=CS(=O)(=O)c1cccc(Nc2cc(S(=O)(=O)[O-])c(N)c3c2C(=O)c2ccccc2C3=O)c1.[Na+],506.493,-0.387,163.53,2,9,5,3,33,0.0
CHEMBL130213,"6,7-DICHLORO-3-HYDROXY-2-QUINOXALINECARBOXYLIC ACID",O=C(O)c1nc2cc(Cl)c(Cl)cc2nc1O,259.048,2.34,83.31,2,4,1,2,16,2.0
CHEMBL130266,URIDINE_DIPHOSPHATE,O=c1ccn([C@@H]2O[C@H](COP(=O)(O)OP(=O)(O)O)[C@@H](O)[C@H]2O)c(=O)[nH]1,404.161,-2.618,217.84,6,10,6,1,25,0.0
CHEMBL130393,CLIDANAC,O=C(O)C1CCc2cc(C3CCCCC3)c(Cl)cc21,278.779,4.502,37.3,1,1,2,1,19,3.0
CHEMBL130458,TOLSERINE,Cc1ccccc1NC(=O)Oc1ccc2c(c1)[C@]1(C)CCN(C)[C@@H]1N2C,351.45,3.975,44.81,1,4,2,2,26,4.0
CHEMBL130493,SILICRISTIN A,COc1cc([C@@H]2Oc3c(O)cc([C@H]4Oc5cc(O)cc(O)c5C(=O)[C@@H]4O)cc3[C@H]2CO)ccc1O,482.441,2.405,166.14,6,10,4,3,35,1.0
CHEMBL130517,FR-173657,CC(=O)Nc1ccc(/C=C/C(=O)NCC(=O)N(C)c2ccc(Cl)c(COc3cccc4ccc(C)nc34)c2Cl)cn1,592.483,5.575,113.52,2,6,9,4,41,0.0
CHEMBL130834,"7-(3,5-BIS-TRIFLUOROMETHYL-BENZYL)-5-P-TOLYL-8,9,10,11-TETRAHYDRO-7H-1,7,11A-TRIAZA-CYCLOOCTA[B]NAPHTHALENE-6,12-DIONE (ATROPISOMERIC MIX)",Cc1ccc(-c2c3n(c(=O)c4ncccc24)CCCCN(Cc2cc(C(F)(F)F)cc(C(F)(F)F)c2)C3=O)cc1,559.51,6.846,55.2,0,4,3,4,40,2.0
CHEMBL130835,PIPERTRAMINE AMIDE,COc1ccccc1CN1CCC(C2CCN(C(=O)CCCCCCC(=O)N3CCC(C4CCN(Cc5ccccc5OC)CC4)CC3)CC2)CC1,715.036,7.646,65.56,0,6,15,2,52,2.0
CHEMBL130880,IPIDACRINE,Nc1c2c(nc3c1CCC3)CCCC2,188.274,2.031,38.91,1,2,0,1,14,4.0
CHEMBL130968,BUTANTRONE,CCCC(=O)C1c2cccc(O)c2C(=O)c2c(O)cccc21,296.322,3.143,74.6,2,4,3,2,22,2.0
CHEMBL131244,1-AMINOCYCLOBUTANE CARBOXYLIC ACID,NC1(C(=O)O)CCC1,115.132,-0.048,63.32,2,2,1,0,8,2.0
CHEMBL131428,ALVAMELINE,CCn1nnc(C2=CCCN(C)C2)n1,193.254,0.412,46.84,0,5,2,1,14,3.0
CHEMBL131703,"4-BROMO-2',4',6'-TRIHYDROXYCHALCONE",O=C(/C=C/c1ccc(Br)cc1)c1c(O)cc(O)cc1O,335.153,3.462,77.76,3,4,3,2,20,2.0
CHEMBL131819,TAZOMELINE,CCCCCCSc1nsnc1C1=CCCN(C)C1,297.493,3.929,29.02,0,5,7,1,19,4.0
CHEMBL131854,POSIZOLID,O=C([C@@H](O)CO)N1CC=C(c2c(F)cc(N3C[C@H](COc4ccon4)OC3=O)cc2F)CC1,465.409,1.326,125.57,2,8,7,2,33,0.0
CHEMBL131890,ATPGAMMAS,Nc1ncnc2c1ncn2[C@@H]1O[C@H](COP(=O)(O)OP(=O)(O)OP(O)(O)=S)[C@@H](O)[C@H]1O,523.25,-1.513,262.06,7,14,8,2,31,0.0
CHEMBL131921,BIOCHANIN,COc1ccc(-c2coc3cc(O)cc(O)c3c2=O)cc1,284.267,2.88,79.9,2,5,2,3,21,2.0
CHEMBL131961,"4-CHLORO-2',4',6'-TRIHYDROXYCHALCONE",O=C(/C=C/c1ccc(Cl)cc1)c1c(O)cc(O)cc1O,290.702,3.353,77.76,3,4,3,2,20,2.0
CHEMBL131980,NOCODOZOLE,COC(=O)Nc1nc2ccc(C(=O)c3cccs3)cc2n1C,315.354,3.044,73.22,1,6,3,3,22,3.0
CHEMBL132468,CETEFLOXACIN,C[C@H]1[C@H](N)CN1c1cc2c(cc1F)c(=O)c(C(=O)O)cn2-c1ccc(F)cc1F,403.36,2.642,88.56,2,5,3,3,29,1.0
CHEMBL132474,UNDECANE,CCCCCCCCCCC,156.313,4.537,0.0,0,0,8,0,11,3.0
CHEMBL132530,FORMESTANE,C[C@]12CCC(=O)C(O)=C1CC[C@@H]1[C@@H]2CC[C@]2(C)C(=O)CC[C@@H]12,302.414,3.973,54.37,1,3,0,0,22,4.0
CHEMBL132535,GLYCYRIN,COc1cc2oc(=O)c(-c3ccc(O)cc3O)cc2c(OC)c1CC=C(C)C,382.412,4.397,89.13,2,6,5,3,28,0.0
CHEMBL132623,ASCOCHLORIN,CC(/C=C/[C@@]1(C)[C@H](C)CCC(=O)[C@@H]1C)=C\Cc1c(O)c(Cl)c(C)c(C=O)c1O,404.934,5.559,74.6,2,4,5,1,28,0.0
CHEMBL132663,CINFLUMIDE,O=C(/C=C/c1cccc(F)c1)NC1CC1,205.232,2.117,29.1,1,1,3,1,15,4.0
CHEMBL132695,GLYCYROL,COc1c(CC=C(C)C)c(O)cc2oc(=O)c3c4ccc(O)cc4oc3c12,366.369,4.621,93.04,2,6,3,4,27,0.0
CHEMBL132722,DIPHOSPHOMETHYLPHOSPHONIC ACID ADENOSYL ESTER,Nc1ncnc2c1ncn2[C@@H]1O[C@H](COP(=O)(O)CP(=O)(O)OP(=O)(O)O)[C@@H](O)[C@H]1O,505.21,-1.518,269.9,7,13,8,2,31,0.0
CHEMBL132767,TRAPIDIL,CCN(CC)c1cc(C)nc2ncnn12,205.265,1.279,46.32,0,5,3,2,15,3.0
CHEMBL132846,RANIRESTAT,O=C1CC2(C(=O)N1)C(=O)N(Cc1ccc(Br)cc1F)C(=O)c1cccn12,420.194,1.314,88.48,1,5,2,2,26,1.0
CHEMBL132931,CIWUJIANOSIDE A2,C=C1CC[C@]2(C(=O)O[C@@H]3O[C@H](CO[C@@H]4O[C@H](CO)[C@@H](O[C@@H]5O[C@@H](C)[C@H](O)[C@@H](O)[C@H]5O)[C@H](O)[C@H]4O)[C@@H](O)[C@H](O)[C@H]3O)CC[C@]3(C)C(=CC[C@H]4[C@H]3CC[C@H]3C(C)(C)[C@@H](O[C@@H]5OC[C@H](O)[C@H](O)[C@H]5O[C@@H]5O[C@H](CO)[C@@H](O)[C@H](O)[C@H]5O)CC[C@]43C)[C@@H]2C1,1191.321,-3.404,412.82,15,26,13,,,0.0
CHEMBL132966,RIVANICLINE,CNCC/C=C/c1cccnc1,162.236,1.704,24.92,1,2,4,1,12,3.0
CHEMBL132991,TAZOFELONE,CC(C)(C)c1cc(CC2SCNC2=O)cc(C(C)(C)C)c1O,321.486,3.719,49.33,2,3,2,1,22,3.0
CHEMBL133046,ASCOFURANONE,C/C(=C\Cc1c(O)c(Cl)c(C)c(C=O)c1O)CC/C=C(\C)[C@@H]1CC(=O)C(C)(C)O1,420.933,5.224,83.83,2,5,7,1,29,0.0
CHEMBL133131,ACTIONIN,CCCCCC(CC(O)NO)C(O)NC(C(C)C)C(O)N1CCCC1CO,391.553,0.578,128.45,7,8,14,0,27,0.0
CHEMBL133266,BILOBALIDE,CC(C)(C)[C@]1(O)CC2OC(=O)CC23C(=O)OC2OC(=O)[C@H](O)C231,326.301,-0.744,119.36,2,8,0,0,23,1.0
CHEMBL133342,(S)-ROSCOVITINE,CC[C@@H](CO)Nc1nc(NCc2ccccc2)c2ncn(C(C)C)c2n1,354.458,3.202,87.89,3,7,8,3,26,2.0
CHEMBL133463,PHOSPHOMETHYLPHOSPHONIC ACID ADENYLATE ESTER,Nc1ncnc2c1ncn2[C@@H]1O[C@H](COP(=O)(O)OP(=O)(O)CP(=O)(O)O)[C@@H](O)[C@H]1O,505.21,-1.518,269.9,7,13,8,2,31,0.0
CHEMBL133514,BENZOSAMPANGINE,O=C1c2ccccc2-c2nccc3c2c1nc1ccccc13,282.302,3.994,42.85,0,3,0,4,22,4.0
CHEMBL133541,ISOXAZOLECARBOXYLIC ACID,COC(=O)c1c(O)cccc1OC/C=C/c1cccc(-c2cc(C(=O)O)no2)c1,395.367,3.624,119.09,2,7,7,3,29,1.0
CHEMBL133576,ACID BLUE 129,Cc1cc(C)c(Nc2cc(S(=O)(=O)[O-])c(N)c3c2C(=O)c2ccccc2C3=O)c(C)c1.[Na+],458.471,0.621,129.39,2,7,3,3,31,0.0
CHEMBL133588,"4-METHOXYL-2',4',6'-TRIHYDROXYCHALCONE",COc1ccc(/C=C/C(=O)c2c(O)cc(O)cc2O)cc1,286.283,2.708,86.99,3,5,4,2,21,2.0
CHEMBL133714,BENZYL CAFFEATE,O=C(/C=C/c1ccc(O)c(O)c1)OCc1ccccc1,270.284,2.854,66.76,2,4,4,2,20,3.0
CHEMBL133775,(R)-RAMELTEON,CCC(=O)NCC[C@H]1CCc2ccc3c(c21)CCO3,259.349,2.568,38.33,1,2,4,1,19,4.0
CHEMBL133836,DIHYDROETORPHINE,CCC[C@H](C)C1C[C@@]23C=C[C@]1(OC)[C@@H]1Oc4cccc5c4[C@@]12CCN(C)[C@@H]3C5,379.544,4.343,21.7,0,3,4,1,28,2.0
CHEMBL133987,TRIMELAMOL,CN(CO)c1nc(N(C)CO)nc(N(C)CO)n1,258.282,-1.97,109.08,3,9,6,1,18,1.0
CHEMBL134193,CIBACRON BLUE 3GA,Nc1c(S(=O)(=O)[O-])cc(Nc2ccc(Nc3nc(Cl)nc(Nc4ccccc4S(=O)(=O)[O-])n3)c(S(=O)(=O)[O-])c2)c2c1C(=O)c1ccccc1C2=O.[Na+].[Na+].[Na+],840.117,-6.162,306.52,4,18,9,5,51,0.0
CHEMBL134291,6-METHYLFLAVONE,Cc1ccc2oc(-c3ccccc3)cc(=O)c2c1,236.27,3.768,30.21,0,2,1,3,18,4.0
CHEMBL134342,THIOCTIC ACID,O=C(O)CCCC[C@@H]1CCSS1,206.332,2.785,37.3,1,3,5,0,12,4.0
CHEMBL134514,MYGGF,CSCC[C@H](N)C(=O)N[C@@H](Cc1ccc(O)cc1)C(=O)NCC(=O)NCC(=O)N[C@@H](Cc1ccccc1)C(=O)O,573.672,-0.456,199.95,7,8,16,2,40,0.0
CHEMBL134537,DECANE,CCCCCCCCCC,142.286,4.147,0.0,0,0,7,0,10,3.0
CHEMBL134561,ICLAPRIM,COc1cc(Cc2cnc(N)nc2N)c2c(c1OC)OC(C1CC1)C=C2,354.41,2.433,105.51,2,7,5,2,26,2.0
CHEMBL134570,AFALANINE,CC(=O)NC(Cc1ccccc1)C(=O)O,207.229,0.818,66.4,2,2,4,1,15,2.0
CHEMBL134641,SABCOMELINE,CO/N=C(\C#N)[C@H]1CN2CCC1CC2,193.25,0.854,48.62,0,4,2,0,14,3.0
CHEMBL134658,HEPTANE,CCCCCCC,100.205,2.977,0.0,0,0,4,0,7,4.0
CHEMBL134702,BUTANE,CCCC,58.124,1.806,0.0,0,0,1,0,4,3.0
CHEMBL134713,GTS-21,COc1ccc(/C=C2\CCCN=C2c2cccnc2)c(OC)c1,308.381,3.765,43.71,0,4,4,2,23,4.0
CHEMBL134752,DIMETHYLPHENYLPIPERAZINIUM,C[N+]1(C)CCN(c2ccccc2)CC1,191.298,1.583,3.24,0,1,1,1,14,3.0
CHEMBL134886,OCTANE,CCCCCCCC,114.232,3.367,0.0,0,0,5,0,8,4.0
CHEMBL134920,AZANIDAZOLE,Cn1c([N+](=O)[O-])cnc1/C=C/c1ccnc(N)n1,246.23,0.871,112.76,1,7,3,2,18,2.0
CHEMBL134941,HYDROXYSEMICARBAZIDE,NNC(=O)NO,91.07,-1.452,87.38,4,3,0,0,6,1.0
CHEMBL134994,HEXADECANE,CCCCCCCCCCCCCCCC,226.448,6.488,0.0,0,0,13,0,16,3.0
CHEMBL135000,CARNIDAZOLE,COC(=S)NCCn1c([N+](=O)[O-])cnc1C,244.276,0.621,82.22,1,6,4,1,16,2.0
CHEMBL135191,TIFENAZOXIDE,CC1(NC2=NS(=O)(=O)c3sc(Cl)cc3N2)CC1,291.785,2.014,70.56,2,5,1,1,17,2.0
CHEMBL135400,ZOPICLONE,CN1CCN(C(=O)OC2c3nccnc3C(=O)N2c2ccc(Cl)cn2)CC1,388.815,1.568,91.76,0,7,2,2,27,1.0
CHEMBL135416,PROPANE,CCC,44.097,1.416,0.0,0,0,0,0,3,3.0
CHEMBL135488,TETRADECANE,CCCCCCCCCCCCCC,198.394,5.707,0.0,0,0,11,0,14,3.0
CHEMBL135572,"7-METHYL-8-OXO-5-P-TOLYL-7,8-DIHYDRO-[1,7]NAPHTHYRIDINE-6-CARBOXYLIC ACID (S)-[(R)-1-(3,5-BIS-TRIFLUOROMETHYL-PHENYL)-ETHYL]-METHYL-AMIDE (ENANTIOMERIC MIX)",Cc1ccc(-c2c(C(=O)N(C)[C@H](C)c3cc(C(F)(F)F)cc(C(F)(F)F)c3)n(C)c(=O)c3ncccc23)cc1,547.499,6.78,55.2,0,4,4,4,39,2.0
CHEMBL135583,BENZALDEHYDE OXIME,O/N=C/c1ccccc1,121.139,1.495,32.59,1,2,1,1,9,3.0
CHEMBL135626,ETHANE,CC,30.07,1.026,0.0,0,0,0,0,2,3.0
CHEMBL135694,TRIDECANE,CCCCCCCCCCCCC,184.367,5.317,0.0,0,0,10,0,13,3.0
CHEMBL136053,TRICHOVERRIN A,CC1=C[C@H]2OC3C[C@@H](OC(=O)/C=C\C=C\[C@H](O)[C@H](C)O)[C@](C)([C@@]2(COC(=O)/C=C(\C)CCO)CC1)[C@]31CO1,532.63,2.297,135.05,3,9,10,0,38,1.0
CHEMBL136061,DISODIUM CARBOXYMETHYLPHOSPHONATE,O=C(O)CP(=O)([O-])[O-].[Na+].[Na+],183.995,-8.007,100.49,1,4,2,0,8,2.0
CHEMBL136186,TRICHOVERRIN B,CC1=C[C@H]2OC3C[C@@H](OC(=O)/C=C\C=C\[C@H](O)[C@@H](C)O)[C@](C)([C@@]2(COC(=O)/C=C(\C)CCO)CC1)[C@]31CO1,532.63,2.297,135.05,3,9,10,0,38,1.0
CHEMBL136268,RORIDIN L,CC1=C[C@H]2O[C@@H]3[C@H](O)[C@H]4OC(=O)/C=C\C=C\[C@H]([C@H](C)O)OCC/C(C)=C/C(=O)OC[C@@]2(CC1)[C@]4(C)[C@]31CO1,530.614,2.313,124.05,2,9,1,0,38,1.0
CHEMBL136298,ACEPERONE,CC(=O)NCC1(c2ccccc2)CCN(CCCC(=O)c2ccc(F)cc2)CC1,396.506,3.959,49.41,1,3,8,2,29,3.0
CHEMBL136356,HELENINE,C=C1C(=O)O[C@@H]2C[C@@]3(C)CCC[C@H](C)C3=C[C@H]12,232.323,3.241,26.3,0,2,0,0,17,4.0
CHEMBL136396,VERRUCARRIN M,CC1=C[C@H]2O[C@@H]3[C@H](O)[C@H]4OC(=O)/C=C\C=C\C(=O)OCC/C(C)=C/C(=O)OC[C@@]2(CC1)[C@]4(C)[C@]31CO1,500.544,2.091,120.89,1,9,0,0,36,2.0
CHEMBL136497,IRSOGLADINE,Nc1nc(N)nc(-c2cc(Cl)ccc2Cl)n1,256.096,2.01,90.71,2,5,1,2,16,2.0
CHEMBL136551,HEXADECANOIC ACID BENZYL ESTER,CCCCCCCCCCCCCCCC(=O)OCc1ccccc1,346.555,7.211,26.3,0,2,16,1,25,3.0
CHEMBL136560,"(1R,2S)-PHENYLPROPANOLAMINE",C[C@H](N)[C@H](O)c1ccccc1,151.209,1.067,46.25,2,2,2,1,11,2.0
CHEMBL136685,HALOMON,C=C(Cl)[C@](Cl)(CBr)CC[C@@H](Br)C(C)(C)Cl,401.397,5.673,0.0,0,0,6,0,15,2.0
CHEMBL136711,BIRIPERONE,O=C(CCCN1CCN2Cc3[nH]c4ccccc4c3CC2C1)c1ccc(F)cc1,391.49,4.012,39.34,1,3,5,3,29,2.0
CHEMBL136737,NIMUSTINE,Cc1ncc(CNC(=O)N(CCCl)N=O)c(N)n1,272.696,0.799,113.57,2,6,5,1,18,1.0
CHEMBL136800,CX516,O=C(c1ccc2nccnc2c1)N1CCCCC1,241.294,2.256,46.09,0,3,1,2,18,4.0
CHEMBL136807,VEDACLIDINE,CCCCSc1nsnc1C1CN2CCC1CC2,283.466,3.24,29.02,0,5,5,1,18,4.0
CHEMBL136927,DIHYDROCAFFEIC ACID,O=C(O)CCc1ccc(O)c(O)c1,182.175,1.115,77.76,3,3,3,1,13,1.0
CHEMBL136933,EPIPACHYSAMINE D,C[C@@H]([C@H]1CC[C@H]2[C@@H]3CC[C@H]4C[C@@H](NC(=O)c5ccccc5)CC[C@]4(C)[C@H]3CC[C@]12C)N(C)C,450.711,6.394,32.34,1,2,4,1,33,2.0
CHEMBL136985,VERRUCARIN A,CC1=C[C@H]2O[C@@H]3C[C@H]4OC(=O)/C=C\C=C\C(=O)OCC[C@@H](C)[C@H](O)C(=O)OC[C@@]2(CC1)[C@]4(C)[C@]31CO1,502.56,2.171,120.89,1,9,0,0,36,2.0
CHEMBL137035,CYCLOHEXANONE OXIME,ON=C1CCCCC1,113.16,1.781,32.59,1,2,0,0,8,3.0
CHEMBL137354,ACETIC ACID HEXADECYL ESTER,CCCCCCCCCCCCCCCCOC(C)=O,284.484,6.031,26.3,0,2,15,0,20,3.0
CHEMBL137586,6-METHOXYFLAVONE,COc1ccc2oc(-c3ccccc3)cc(=O)c2c1,252.269,3.469,39.44,0,3,2,3,19,4.0
CHEMBL137790,HEPTANAL OXIME,CCCCCC/C=N/O,129.203,2.417,32.59,1,2,5,0,9,4.0
CHEMBL137803,ISOALANTOLACTONE,C=C1C(=O)O[C@@H]2C[C@@]3(C)CCCC(=C)[C@@H]3C[C@H]12,232.323,3.241,26.3,0,2,0,0,17,4.0
CHEMBL137964,BENZOIC ACID DIBUTYLCARBAMOYLMETHYL ESTER,CCCCN(CCCC)C(=O)COC(=O)c1ccccc1,291.391,3.272,46.61,0,3,9,1,21,4.0
CHEMBL138029,UTIBAPRIL,CCOC(=O)[C@H](CCc1ccccc1)N[C@@H](C)C(=O)N1N=C(C(C)(C)C)S[C@H]1C(=O)O,449.573,2.875,108.3,2,7,9,1,31,1.0
CHEMBL138040,LINOLEOYL DOPAMINE,CC/C=C\C/C=C\C/C=C\CCCCCCCC(=O)NCCc1ccc(O)c(O)c1,413.602,6.346,69.56,3,3,16,1,30,1.0
CHEMBL138093,SENAZODAN,O=C1CCC(c2ccc(Nc3ccncc3)cc2)=NN1,266.304,2.439,66.38,2,4,3,2,20,3.0
CHEMBL138225,EPRISTERIDE,CC(C)(C)NC(=O)[C@H]1CC[C@H]2[C@@H]3CC=C4C=C(C(=O)O)CC[C@]4(C)[C@H]3CC[C@]12C,399.575,5.101,66.4,2,2,2,0,29,1.0
CHEMBL138241,FENOPROFEN SODIUM,CC(C(=O)[O-])c1cccc(Oc2ccccc2)c1.[Na+],264.256,-0.664,49.36,0,3,4,2,18,3.0
CHEMBL138314,"4,4'-DIMETHOXYCHALCONE",COc1ccc(/C=C/C(=O)c2ccc(OC)cc2)cc1,268.312,3.6,35.53,0,3,5,2,20,4.0
CHEMBL138402,BENZOIC ACID DIALLYLCARBAMOYLMETHYL ESTER,C=CCN(CC=C)C(=O)COC(=O)c1ccccc1,259.305,2.044,46.61,0,3,7,1,19,4.0
CHEMBL138426,6-HYDROXYTHIONUPHLUTINE B,C[C@@H]1CC[C@@H](c2ccoc2)N2C[C@@]3(CC[C@@H]12)CS[C@]1(CC[C@H]2[C@H](C)CC[C@@H](c4ccoc4)N2[C@@H]1O)C3,510.744,6.624,52.99,1,6,2,2,36,2.0
CHEMBL138450,PORICOIC ACID G,C=C(C)[C@@H]1CCC2=C(CC[C@]3(C)[C@@H]([C@@H](CCC=C(C)C)C(=O)O)[C@H](O)C[C@@]23C)[C@@]1(C)CCC(=O)O,486.693,6.775,94.83,3,3,9,0,35,0.0
CHEMBL138469,"7,8-DIHYDROCALANOLIDE B",CCCc1cc(=O)oc2c3c(c4c(c12)OC(C)(C)CC4)O[C@@H](C)[C@H](C)[C@@H]3O,372.461,4.3,68.9,1,5,2,2,27,2.0
CHEMBL138543,HEXADECYLPROPIONATE,CCCCCCCCCCCCCCCCOC(=O)CC,298.511,6.421,26.3,0,2,16,0,21,3.0
CHEMBL138583,BENZOIC ACID DIMETHYLCARBAMOYLMETHYL ESTER,CN(C)C(=O)COC(=O)c1ccccc1,207.229,0.932,46.61,0,3,3,1,15,3.0
CHEMBL138622,NEOTHIOBINUPHARIDINE,C[C@@H]1CC[C@@H](c2ccoc2)N2C[C@]3(CC[C@@H]12)CS[C@]1(CC[C@H]2[C@H](C)CC[C@@H](c4ccoc4)N2C1)C3,494.745,7.306,32.76,0,5,2,2,35,2.0
CHEMBL138649,6-HYDROXYFLAVONE,O=c1cc(-c2ccccc2)oc2ccc(O)cc12,238.242,3.166,50.44,1,3,1,3,18,4.0
CHEMBL138921,ARACHIDONOYL DOPAMINE,CCCCC/C=C\C/C=C\C/C=C\C/C=C\CCCC(=O)NCCc1ccc(O)c(O)c1,439.64,6.902,69.56,3,3,17,1,32,1.0
CHEMBL138928,BENZOIC ACID METHYLCARBAMOYLMETHYL ESTER,CNC(=O)COC(=O)c1ccccc1,193.202,0.589,55.4,1,3,3,1,14,3.0
CHEMBL139000,(R)-PIA,C[C@H](Cc1ccccc1)Nc1ncnc2c1ncn2[C@@H]1O[C@H](CO)[C@@H](O)[C@H]1O,385.424,0.481,125.55,4,9,6,3,28,0.0
CHEMBL139055,ISOPROPYL PALMITATE,CCCCCCCCCCCCCCCC(=O)OC(C)C,298.511,6.419,26.3,0,2,15,0,21,3.0
CHEMBL139056,CYCLOHEXYL PALMITATE,CCCCCCCCCCCCCCCC(=O)OC1CCCCC1,338.576,7.344,26.3,0,2,15,0,24,3.0
CHEMBL139109,(+)-CC-1065,COc1c(O)c2c(c3cc(C(=O)N4CCc5c4c(O)c(OC)c4[nH]c(C(=O)N6C[C@H]7C[C@@]78C6=CC(=O)c6[nH]cc(C)c68)cc54)[nH]c13)CCN2C(N)=O,703.712,3.852,210.31,6,8,4,5,52,1.0
CHEMBL139367,PERAMIVIR ANHYDROUS,CCC(CC)[C@H](NC(C)=O)[C@@H]1[C@H](O)[C@@H](C(=O)O)C[C@H]1NC(=N)N,328.413,-0.139,148.53,6,4,7,0,23,1.0
CHEMBL139554,BISANTRENE,C(=N\NC1=NCCN1)\c1c2ccccc2c(/C=N\NC2=NCCN2)c2ccccc12,398.474,1.758,97.56,4,8,4,3,30,0.0
CHEMBL139702,LICOAGROCHACONE A,C=CC(C)(C)c1cc(/C=C/C(=O)c2ccc(O)cc2)c(OC)cc1O,338.403,4.466,66.76,2,4,6,2,25,2.0
CHEMBL139835,CYPROTERONE ACETATE,CC(=O)O[C@]1(C(C)=O)CC[C@H]2[C@@H]3C=C(Cl)C4=CC(=O)[C@@H]5C[C@@H]5[C@]4(C)[C@H]3CC[C@@]21C,416.945,4.608,60.44,0,4,2,0,29,2.0
CHEMBL139877,SULFACARBAMIDE,NC(=O)NS(=O)(=O)c1ccc(N)cc1,215.234,-0.374,115.28,3,4,2,1,14,1.0
CHEMBL139961,MIRAZIRIDINE A,CC[C@H](NC(=O)C[C@H](O)[C@H](CC(C)C)NC(=O)[C@H](CC(C)C)NC(=O)[C@@H]1N[C@H]1C(=O)O)C(=O)N[C@H](/C=C/C(=O)O)CCCN=C(N)N,668.793,-1.702,297.57,10,9,22,0,47,0.0
CHEMBL140040,3-EPI-BETULIN,C=C(C)[C@@H]1CC[C@]2(CO)CC[C@]3(C)[C@H](CC[C@@H]4[C@@]5(C)CC[C@@H](O)C(C)(C)[C@@H]5CC[C@]43C)[C@@H]12,442.728,6.997,40.46,2,2,2,0,32,1.0
CHEMBL140050,ETORPHINE,CCC[C@@](C)(O)[C@H]1C[C@@]23C=C[C@]1(OC)[C@@H]1Oc4c(O)ccc5c4[C@@]12CCN(C)[C@@H]3C5,411.542,3.164,62.16,2,5,4,1,30,2.0
CHEMBL140239,(-)-7-EPI-DEOXYNUPHARIDINE,C[C@@H]1CC[C@H]2[C@H](C)CC[C@@H](c3ccoc3)N2C1,233.355,3.851,16.38,0,2,1,1,17,4.0
CHEMBL140282,ISOPROPYLHYDROXYLAMINE,CC(C)NO,75.111,0.374,32.26,2,2,1,0,5,2.0
CHEMBL140367,CICUTOXIN,CCC[C@@H](O)/C=C/C=C/C=C/C#CC#CCCCO,258.361,2.595,40.46,2,2,7,0,19,3.0
CHEMBL140476,HUPRINE Y,CC1=CC2Cc3nc4cc(Cl)ccc4c(N)c3C(C1)C2,284.79,4.466,38.91,1,2,0,2,20,3.0
CHEMBL140588,BRUCEOLIDE,COC(=O)[C@@]12OC[C@]34[C@H]([C@@H](O)[C@@H]1O)[C@@]1(C)CC(=O)C(O)=C(C)[C@@H]1C[C@H]3OC(=O)[C@H](O)[C@@H]24,438.429,-1.0,159.82,4,10,1,0,31,0.0
CHEMBL140717,UNIFIRAM,O=C1CCC2CN(S(=O)(=O)c3ccc(F)cc3)CCN12,298.339,0.821,57.69,0,3,2,1,20,3.0
CHEMBL140740,M(DANSYLAMIDOPHENYL)BORONIC ACID,CN(C)c1cccc2c(S(=O)(=O)Nc3cccc(B(O)O)c3)cccc12,370.239,1.386,89.87,3,5,5,,,0.0
CHEMBL140780,TOLYL BORONIC ACID,Cc1ccc(B(O)O)cc1,135.959,-0.325,40.46,2,2,1,,,2.0
CHEMBL140796,ISOPIMPINELLIN,COc1c2ccoc2c(OC)c2oc(=O)ccc12,246.218,2.556,61.81,0,5,2,3,18,4.0
CHEMBL140809,BRUCEINE B,COC(=O)[C@@]12OC[C@]34[C@H]([C@@H](O)[C@@H]1O)[C@@]1(C)CC(=O)C(O)=C(C)[C@@H]1C[C@H]3OC(=O)[C@H](OC(C)=O)[C@@H]24,480.466,-0.429,165.89,3,11,2,0,34,0.0
CHEMBL141305,CYCLOFENIL,CC(=O)Oc1ccc(C(=C2CCCCC2)c2ccc(OC(C)=O)cc2)cc1,364.441,5.303,52.6,0,4,4,2,27,2.0
CHEMBL141446,FLUROXENE,C=COCC(F)(F)F,126.077,1.709,9.23,0,1,2,0,8,3.0
CHEMBL141450,SAVIPRAZOLE,[O-][S+](Cc1cc(OCC(F)(F)C(F)(F)C(F)(F)F)ccn1)c1nc2cscc2[nH]1,461.384,4.539,73.86,1,5,7,3,29,1.0
CHEMBL141530,ECHINATIN,COc1cc(O)ccc1/C=C/C(=O)c1ccc(O)cc1,270.284,3.003,66.76,2,4,4,2,20,3.0
CHEMBL141573,PREGNENOLONE SULFATE ,CC(=O)C1CCC2C3CC=C4CC(OS(=O)(=O)O)CCC4(C)C3CCC12C,396.549,4.342,80.67,1,4,3,0,27,1.0
CHEMBL141689,MYOSEVERIN,COc1ccc(CNc2nc(NCc3ccc(OC)cc3)c3ncn(C(C)C)c3n2)cc1,432.528,4.649,86.12,2,8,9,4,32,0.0
CHEMBL141690,ISOBERGAPTENE,COc1cc2occc2c2oc(=O)ccc12,216.192,2.548,52.58,0,4,1,3,16,4.0
CHEMBL141717,30-HYDROXY-BETULIN,C=C(CO)[C@@H]1CC[C@]2(CO)CC[C@]3(C)[C@H](CC[C@@H]4[C@@]5(C)CC[C@H](O)C(C)(C)[C@@H]5CC[C@]43C)[C@@H]12,458.727,5.97,60.69,3,3,3,0,33,1.0
CHEMBL141837,PENTISOMIDE,CC(C)CC(CCN(C(C)C)C(C)C)(C(N)=O)c1ccccn1,319.493,3.36,59.22,1,3,9,1,23,4.0
CHEMBL141851,BENZOIC ACID ETHYLCARBAMOYLMETHYL ESTER,CCNC(=O)COC(=O)c1ccccc1,207.229,0.979,55.4,1,3,4,1,15,3.0
CHEMBL141908,BENZOIC ACID DIPROPYLCARBAMOYLMETHYL ESTER,CCCN(CCC)C(=O)COC(=O)c1ccccc1,263.337,2.492,46.61,0,3,7,1,19,4.0
CHEMBL142130,CYPROTERONE,CC(=O)[C@@]1(O)CC[C@H]2[C@@H]3C=C(Cl)C4=CC(=O)[C@@H]5C[C@@H]5[C@]4(C)[C@H]3CC[C@@]21C,374.908,4.037,54.37,1,3,1,0,26,2.0
CHEMBL142218,LAFLUNIMUS,Cc1cc(NC(=O)/C(C#N)=C(\O)C2CC2)ccc1C(F)(F)F,310.275,3.698,73.12,2,3,3,1,22,2.0
CHEMBL142304,STILBAMIDINE,N=C(N)c1ccc(/C=C/c2ccc(C(=N)N)cc2)cc1,264.332,2.425,99.74,4,2,4,2,20,2.0
CHEMBL142348,ANDROSTENOL,C[C@]12CC[C@@H](O)C[C@@H]1CC[C@@H]1[C@@H]2CC[C@]2(C)C=CC[C@@H]12,274.448,4.556,20.23,1,1,0,0,20,3.0
CHEMBL142438,NITROGEN,N#N,28.014,0.03,47.58,0,2,0,0,2,3.0
CHEMBL142464,CGC-11047,CCNCCCNC/C=C\CNCCCNCC,256.438,0.721,48.12,4,4,14,0,18,2.0
CHEMBL142588,COLCHICEINE,COc1cc2c(c(OC)c1OC)-c1ccc(=O)c(O)cc1[C@@H](NC(C)=O)CC2,385.416,2.569,94.09,2,6,4,2,28,1.0
CHEMBL142635,NAFTOPIDIL,COc1ccccc1N1CCN(CC(O)COc2cccc3ccccc23)CC1,392.499,3.41,45.17,1,5,7,3,29,3.0
CHEMBL142652,PICEID,OC[C@H]1O[C@@H](Oc2cc(O)cc(/C=C/c3ccc(O)cc3)c2)[C@H](O)[C@@H](O)[C@@H]1O,390.388,0.447,139.84,6,8,5,2,28,0.0
CHEMBL142703,VILDAGLIPTIN,N#C[C@@H]1CCCN1C(=O)CNC12CC3CC(CC(O)(C3)C1)C2,303.406,1.174,76.36,2,4,3,0,22,1.0
CHEMBL142918,rolliniastatin-1,CCCCCCCCCC[C@H](O)[C@H]1CC[C@@H]([C@@H]2CC[C@H]([C@H](O)CCCCCCCCCC[C@@H](O)CC3=C[C@H](C)OC3=O)O2)O1,622.928,7.858,105.45,3,7,25,0,44,0.0
CHEMBL142936,DIETHYLTRYPTAMINE,CCN(CC)CCc1c[nH]c2ccccc12,216.328,3.052,19.03,1,1,5,2,16,4.0
CHEMBL143436,AMINOLASALOCID,CC[C@@H](C(=O)[C@@H](C)[C@@H](O)[C@H](C)CCc1c(N)cc(C)c(O)c1C(=O)O)[C@H]1O[C@](CC)([C@H]2CC[C@](O)(CC)[C@H](C)O2)C[C@@H]1C,605.813,5.424,159.54,5,8,13,1,43,0.0
CHEMBL143688,DIHYDROACRONYCINE,COc1cc2c(c3c1c(=O)c1ccccc1n3C)CCC(C)(C)O2,323.392,3.804,40.46,0,4,1,3,24,4.0
CHEMBL143941,TEFLURANE,FC(Br)C(F)(F)F,180.926,2.239,0.0,0,0,0,0,7,4.0
CHEMBL143948,BROMOHYDRIN PYROPHOSPHATE,CC(O)(CBr)CCOP(=O)(O)OP(=O)(O)O,343.003,0.749,133.52,4,5,7,0,16,1.0
CHEMBL144225,ALLYL PYROPHOSPHATE,C=CCOP(=O)(O)OP(=O)(O)O,218.038,0.399,113.29,3,4,5,0,12,1.0
CHEMBL144328,PROPYL PHOSPHATE,CCCOP(=O)(O)O,140.075,0.506,66.76,2,2,3,0,8,2.0
CHEMBL144350,BROMOHYDRIN TRIPHOSPHATE,CC(O)(CBr)CCOP(=O)(O)OP(=O)(O)OP(=O)(O)O,422.982,0.866,180.05,5,7,9,0,20,0.0
CHEMBL144366,PYROQUILON,O=C1CCc2cccc3c2N1CC3,173.215,1.522,20.31,0,1,0,1,13,3.0
CHEMBL144399,MEDORINONE,Cc1nccc2[nH]c(=O)ccc12,160.176,1.232,45.75,1,2,0,2,12,3.0
CHEMBL144472,NILE RED,CCN(CC)c1ccc2nc3c4ccccc4c(=O)cc-3oc2c1,318.376,4.292,46.34,0,4,3,2,24,3.0
CHEMBL144530,CHLORALIN,O=[N+]([O-])c1cc(C(F)(F)F)cc([N+](=O)[O-])c1Cl,270.55,3.175,86.28,0,4,2,1,17,3.0
CHEMBL144599,IODOHYDRIN PYROPHOSPHATE,CC(O)(CI)CCOP(=O)(O)OP(=O)(O)O,390.003,0.789,133.52,4,5,7,0,16,0.0
CHEMBL144609,DIAZOLASALOCID,CC[C@@H](C(=O)[C@@H](C)[C@@H](O)[C@H](C)CCc1c([N+]#N)cc(C)c(O)c1C(=O)O)[C@H]1O[C@](CC)([C@H]2CC[C@](O)(CC)[C@H](C)O2)C[C@@H]1C,617.804,6.327,161.67,4,8,13,1,44,0.0
CHEMBL144620,FLUROFAMIDE,NP(N)(=O)NC(=O)c1ccc(F)cc1,217.14,0.581,98.21,3,2,2,1,14,1.0
CHEMBL144630,PODOCARPUSFLAVONE B,COc1ccc(-c2cc(=O)c3c(O)cc(O)c(-c4cc(-c5cc(=O)c6c(O)cc(OC)cc6o5)ccc4O)c3o2)cc1,566.518,5.74,159.8,4,10,5,6,42,0.0
CHEMBL144673,HEXETIDINE,CCCCC(CC)CN1CN(CC(CC)CCCC)CC(C)(N)C1,339.612,4.712,32.5,1,3,12,0,24,3.0
CHEMBL144686,HOMOBUTEIN,COc1cc(/C=C/C(=O)c2ccc(O)cc2O)ccc1O,286.283,2.708,86.99,3,5,4,2,21,2.0
CHEMBL144717,IODOHYDRIN TRIPHOSPHATE,CC(O)(CI)CCOP(=O)(O)OP(=O)(O)OP(=O)(O)O,469.982,0.906,180.05,5,7,9,0,20,0.0
CHEMBL144730,5-BROMOURACIL,O=c1[nH]cc(Br)c(=O)[nH]1,190.984,-0.174,65.72,2,2,0,1,9,2.0
CHEMBL144888,PHOSPHORYLISOPROPANE,CC(C)OP(=O)(O)O,140.075,0.504,66.76,2,2,2,0,8,2.0
CHEMBL144924,ANTHRAROBIN,Oc1ccc2c(O)c3ccccc3cc2c1O,226.231,3.11,60.69,3,3,0,3,17,3.0
CHEMBL145087,ICOTIDINE,COc1cccnc1CCCCNc1nc(=O)c(Cc2ccc(C)nc2)c[nH]1,379.464,2.903,92.79,2,6,9,3,28,1.0
CHEMBL145089,RNORDEPRENYL,C#CCN[C@H](C)Cc1ccccc1,173.259,1.84,12.03,1,1,4,1,13,3.0
CHEMBL145114,PHOSPHINOTHRICIN,CP(=O)(O)CC[C@H](N)C(=O)O,181.128,-0.311,100.62,3,3,4,0,11,1.0
CHEMBL145196,SALBOSTATIN,OCC1=CC(NC2COC(CO)C(O)C2O)C(O)C(O)C1O,321.326,-4.559,162.87,8,9,4,0,22,1.0
CHEMBL145213,GLIOTOXIN/GLUTATHIONE,CN1C(=O)[C@]23CC4=CC=C[C@H](O)[C@H]4N2C(=O)[C@@]1(CO)SS3.NC(CCC(=O)NC(CS)C(=O)NCC(=O)O)C(=O)O,633.727,-2.51,239.9,8,12,10,,,0.0
CHEMBL145347,LASALOCID,CC[C@@H](C(=O)[C@@H](C)[C@@H](O)[C@H](C)CCc1ccc(C)c(O)c1C(=O)O)[C@H]1O[C@](CC)([C@H]2CC[C@](O)(CC)[C@H](C)O2)C[C@@H]1C,590.798,5.842,133.52,4,7,13,1,42,0.0
CHEMBL145449,BULLANIN,CCCCCCCCCC[C@H](O)[C@H]1CC[C@H]([C@H]2CC[C@H]([C@H](O)CCCCCCCCCCCCC3=C[C@H](C)OC3=O)O2)O1,606.929,8.887,85.22,2,6,25,0,43,0.0
CHEMBL145588,GLIOTOXIN/CYSTEINE,CN1C(=O)[C@]23CC4=CC=C[C@H](O)[C@H]4N2C(=O)[C@@]1(CO)SS3.N[C@@H](CS)C(=O)O,447.56,-0.976,144.4,5,9,3,,,0.0
CHEMBL145624,GUANACONE,CCCCCCCCCC[C@H](O)[C@H]1CC[C@H]([C@H]2CC[C@H]([C@H](O)CCCCC(=O)CCCCCCCC3=C[C@H](C)OC3=O)O2)O1,620.912,8.066,102.29,2,7,25,0,44,0.0
CHEMBL145704,BROMCRESOL GREEN,Cc1c(C2(c3cc(Br)c(O)c(Br)c3C)OS(=O)(=O)c3ccccc32)cc(Br)c(O)c1Br,698.021,6.775,83.83,2,5,2,3,31,0.0
CHEMBL145781,7-BENZYLOXYCOUMARIN,O=c1ccc2ccc(OCc3ccccc3)cc2o1,252.269,3.372,39.44,0,3,3,3,19,4.0
CHEMBL145786,PHYLLAEMBLICIN E,C[C@@H]1CO[C@@]2(C[C@@H]1OC(=O)c1ccccc1)O[C@@H]1C[C@@H](C(=O)O[C@@H]3O[C@H](CO)[C@@H](O)[C@H](O)[C@H]3O[C@@H]3O[C@H](CO)[C@@H](O)[C@H](O)[C@H]3O[C@@H]3OC[C@H](O)[C@@H](O)[C@@H]3O)C[C@@H](O)[C@]1(O)[C@H]2O,878.827,-6.143,359.97,12,23,10,1,61,0.0
CHEMBL145927,"4,4'-DIHYDROXYCHALCONE",O=C(/C=C/c1ccc(O)cc1)c1ccc(O)cc1,240.258,2.994,57.53,2,3,3,2,18,3.0
CHEMBL146032,LONAPRISAN,CC(=O)c1ccc([C@H]2C[C@@]3(C)[C@@H](CC[C@@]3(O)C(F)(F)C(F)(F)F)[C@@H]3CCC4=CC(=O)CCC4=C32)cc1,508.527,6.717,54.37,1,3,3,1,36,2.0
CHEMBL146095,GLAFENINE,O=C(OCC(O)CO)c1ccccc1Nc1ccnc2cc(Cl)ccc12,372.808,3.142,91.68,3,6,6,3,26,1.0
CHEMBL146408,AMIDEPHRINE MESYLATE,CNCC(O)c1cccc(NS(C)(=O)=O)c1,244.316,0.311,78.43,3,4,5,1,16,1.0
CHEMBL146428,IMEXON,N=C1NC(=O)N2CC12,111.104,-0.629,55.96,2,2,0,0,8,2.0
CHEMBL146506,MOFAROTENE,C/C(=C\c1ccc(OCCN2CCOCC2)cc1)c1ccc2c(c1)C(C)(C)CCC2(C)C,433.636,6.307,21.7,0,3,6,2,32,2.0
CHEMBL146554,2-Oxoisovalerate,CC(C)C(=O)C(=O)O,116.116,0.296,54.37,1,2,2,0,8,3.0
CHEMBL146624,MITOGLITAZONE,CCc1ccc(C(=O)COc2ccc(CC3SC(=O)NC3=O)cc2)nc1,370.43,2.8,85.36,1,6,7,2,26,2.0
CHEMBL146673,(NORTH)-METHANOCARBATHYMIDINE,Cc1cn([C@H]2C[C@H](O)[C@]3(CO)C[C@H]23)c(=O)[nH]c1=O,252.27,-0.851,95.32,3,5,2,1,18,1.0
CHEMBL146713,METHYL SINAPATE,COC(=O)/C=C/c1cc(OC)c(O)c(OC)c1,238.239,1.596,64.99,1,5,4,1,17,3.0
CHEMBL146727,PIPRAMADOL,CC(C(=O)N(C)C1CCCCC1)C1(O)CCN(CCc2ccccc2Cl)CC1,406.998,4.137,43.78,1,3,6,1,28,2.0
CHEMBL146755,OXALIC ACID,O=C(O)C(=O)O,90.034,-0.844,74.6,2,2,0,0,6,1.0
CHEMBL146816,METHYL P-HYDROXYCINNAMATE,COC(=O)/C=C/c1ccc(O)cc1,178.187,1.578,46.53,1,3,2,1,13,3.0
CHEMBL146817,MOTRAZEPAM,COCN1C(=O)CN=C(c2ccccc2)c2cc([N+](=O)[O-])ccc21,325.324,2.383,85.04,0,5,4,2,24,3.0
CHEMBL146826,DESETHYL ISOQUINE,CCNCc1ccc(Nc2ccnc3cc(Cl)ccc23)cc1O,327.815,4.447,57.18,3,4,5,3,23,2.0
CHEMBL146855,(S)-MEXILETINE,Cc1cccc(C)c1OC[C@H](C)N,179.263,2.029,35.25,1,2,3,1,13,4.0
CHEMBL146927,CPP-115,N[C@H]1C[C@@H](C(=O)O)CC1=C(F)F,177.15,0.959,63.32,2,2,1,0,12,2.0
CHEMBL146972,PHOSPHORYLETHANOLAMINE,NCCOP(=O)(O)O,141.063,-0.946,92.78,3,3,3,0,8,1.0
CHEMBL146980,MOGUISTEINE,CCOC(=O)CC(=O)N1CCSC1COc1ccccc1OC,339.413,1.929,65.07,0,6,7,1,23,3.0
CHEMBL147144,7-AMINO-NITRAZEPAM,Nc1ccc2c(c1)C(c1ccccc1)=NCC(=O)N2,251.289,2.058,67.48,2,3,1,2,19,3.0
CHEMBL147269,7-METHYLFLAVONE,Cc1ccc2c(=O)cc(-c3ccccc3)oc2c1,236.27,3.768,30.21,0,2,1,3,18,4.0
CHEMBL147507,(R)-MEXILETINE,Cc1cccc(C)c1OC[C@@H](C)N,179.263,2.029,35.25,1,2,3,1,13,4.0
CHEMBL147580,FLOSULIDE,CS(=O)(=O)Nc1cc2c(cc1Oc1ccc(F)cc1F)C(=O)CC2,353.346,3.258,72.47,1,4,4,2,24,3.0
CHEMBL147587,ISOQUINE,CCN(CC)Cc1ccc(Nc2ccnc3cc(Cl)ccc23)cc1O,355.869,5.179,48.39,2,4,6,3,25,2.0
CHEMBL147741,3-FORMYLINDOLE,O=Cc1c[nH]c2ccccc12,145.161,1.98,32.86,1,1,1,2,11,3.0
CHEMBL147742,IODOLASALOCID,CC[C@@H](C(=O)[C@@H](C)[C@@H](O)[C@H](C)CCc1c(I)cc(C)c(O)c1C(=O)O)[C@H]1O[C@](CC)([C@H]2CC[C@](O)(CC)[C@H](C)O2)C[C@@H]1C,716.694,6.447,133.52,4,7,13,1,43,0.0
CHEMBL147792,CARPROPAMIDE,CC[C@@]1(C(=O)N[C@H](C)c2ccc(Cl)cc2)[C@@H](C)C1(Cl)Cl,334.674,4.737,29.1,1,1,4,1,20,3.0
CHEMBL147806,GSK-369796,CC(C)(C)NCc1ccc(Nc2ccnc3cc(Cl)ccc23)cc1O,355.869,5.226,57.18,3,4,4,3,25,2.0
CHEMBL147942,GLUTATHIONE/CYSTEINE,NC(CCC(=O)NC(CS)C(=O)NCC(=O)O)C(=O)O.N[C@@H](CS)C(=O)O,428.489,-2.878,222.14,9,9,11,,,0.0
CHEMBL148306,(S)-METOPROLOL,COCCc1ccc(OC[C@@H](O)CNC(C)C)cc1,267.369,1.613,50.72,2,4,9,1,19,2.0
CHEMBL148319,CARBACYCLIN,CCCCC[C@H](O)/C=C/[C@@H]1[C@H]2C/C(=C\CCCC(=O)O)C[C@H]2C[C@H]1O,350.499,4.072,77.76,3,3,10,0,25,1.0
CHEMBL148489,N-(3-PYRIDYLMETHYL)PYRROLIDINE,c1cncc(CN2CCCC2)c1,162.236,1.677,16.13,0,2,2,1,12,3.0
CHEMBL148635,PIPRADIMADOL,CN(C(=O)C(C)(C)C1(O)CCN(CCc2ccccc2Cl)CC1)C1CCCCC1,421.025,4.527,43.78,1,3,6,1,29,2.0
CHEMBL148674,VARESPLADIB,CCc1c(C(=O)C(N)=O)c2c(OCC(=O)O)cccc2n1Cc1ccccc1,380.4,2.383,111.62,2,5,8,3,28,1.0
CHEMBL148824,YOHIMBIC ACID,O=C(O)[C@@H]1[C@H]2C[C@H]3c4[nH]c5ccccc5c4CCN3C[C@@H]2CC[C@@H]1O,340.423,2.559,76.56,3,3,1,2,25,2.0
CHEMBL148857,ENTRY 68 A,CCc1nc(Cc2[nH]cnc2C)c(CC)s1,235.356,2.89,41.57,1,3,4,2,16,4.0
CHEMBL149056,JUSTICIDIN B,COc1cc2cc3c(c(-c4ccc5c(c4)OCO5)c2cc1OC)C(=O)CO3,364.353,3.828,63.22,0,6,3,3,27,3.0
CHEMBL149082,TRAMIPROSATE,NCCCS(=O)(=O)O,139.176,-0.777,80.39,2,3,3,0,8,1.0
CHEMBL149463,3-ACETYLCOUMARIN,CC(=O)c1cc2ccccc2oc1=O,188.182,1.996,47.28,0,3,1,2,14,3.0
CHEMBL149514,SULFAMIC ACID ETHYL ESTER,CCOS(N)(=O)=O,125.149,-0.774,69.39,1,3,2,0,7,3.0
CHEMBL149579,AZIMEXON,CC(C)(N1CC1C#N)N1CC1C(N)=O,194.238,-0.9,72.9,1,4,3,0,14,2.0
CHEMBL149616,AZEPEXOLE,CCN1CCc2nc(N)oc2CC1,181.239,0.677,55.29,1,4,1,1,13,3.0
CHEMBL149859,LINOLEOYLETHANOLAMIDE,CCCCC/C=C\C/C=C\CCCCCCCC(=O)NCCO,323.521,4.908,49.33,2,2,16,0,23,2.0
CHEMBL149930,MEGLITINIDE,COc1ccc(Cl)cc1C(=O)NCCc1ccc(C(=O)O)cc1,333.771,3.019,75.63,2,3,6,2,23,2.0
CHEMBL149972,PHENOBARBITAL SODIUM,CCC1(c2ccccc2)C(=O)N=C([O-])NC1=O.[Na+],254.221,-3.289,81.59,1,3,2,1,17,2.0
CHEMBL149996,DIAZENIUMDIOLATE,CCCCCCCCCCCCNCCCCCCN(CCCCCCCCCCCC)/[N+]([O-])=N/O,512.868,9.547,73.93,2,3,30,0,36,0.0
CHEMBL150236,PSAMMAPLIN E,NC(=O)C(=O)NCCSSCCNC(=O)/C(Cc1ccc(O)c(Br)c1)=N/O,479.378,0.627,154.11,5,8,10,1,27,0.0
CHEMBL150283,FENOCTIMINE,CCCCCCCC/N=C/N1CCC(C(c2ccccc2)c2ccccc2)CC1,390.615,6.919,15.6,0,1,11,2,29,2.0
CHEMBL150300,SULFAMIC ACID CYCLOPENTYL ESTER,NS(=O)(=O)OC1CCCC1,165.214,0.149,69.39,1,3,2,0,10,3.0
CHEMBL150303,NORTOPIXANTRONE,CNCCNc1ccc2c3c(nn2CCNCCO)-c2cnccc2C(=O)c13,380.452,0.856,104.1,4,8,9,3,28,0.0
CHEMBL150361,LEVITIRACETAM,CC[C@H](C(N)=O)N1CCCC1=O,170.212,-0.127,63.4,1,2,3,0,12,3.0
CHEMBL150365,BAZINAPRINE,N#Cc1cc(-c2ccccc2)nnc1NCCN1CCOCC1,309.373,1.759,74.07,1,6,5,2,23,2.0
CHEMBL150372,3-HYDROXYCOUMARIN,O=c1oc2ccccc2cc1O,162.144,1.499,50.44,1,3,0,2,12,3.0
CHEMBL150457,p-Xyloquinone,CC1=CC(=O)C(C)=CC1=O,136.15,1.031,34.14,0,2,0,0,10,3.0
CHEMBL150650,SULFAMIC ACID METHYL ESTER,COS(N)(=O)=O,111.122,-1.164,69.39,1,3,1,0,6,3.0
CHEMBL150652,SULFAMIC ACID BUTYL ESTER,CCCCOS(N)(=O)=O,153.203,0.007,69.39,1,3,4,0,9,3.0
CHEMBL150764,BUFROLIN,CCCCc1cc2c(=O)cc(C(=O)O)[nH]c2c2c(=O)cc(C(=O)O)[nH]c12,356.334,2.109,140.32,4,4,5,3,26,2.0
CHEMBL150894,CEP-5214,CC(C)OCc1ccc2c(c1)c1c3c(c4c(c1n2CCCO)Cc1ccccc1-4)C(=O)NC3,440.543,4.917,63.49,2,4,6,4,33,1.0
CHEMBL150980,MOXIRAPRINE,Cc1cc(-c2ccc(O)cc2)nnc1NCCN1CCOCC1,314.389,1.902,70.51,2,6,5,2,23,1.0
CHEMBL151121,7-AMINO-FLUNITRAZEPAM,CN1C(=O)CN=C(c2ccccc2F)c2cc(N)ccc21,283.306,2.222,58.69,1,3,1,2,21,4.0
CHEMBL151233,VARACIN,COc1cc(CCN)c2c(c1OC)SSSSS2,339.554,4.262,44.48,1,8,4,1,18,3.0
CHEMBL151445,DROPROPIZINE,OCC(O)CN1CCN(c2ccccc2)CC1,236.315,0.162,46.94,2,4,4,1,17,2.0
CHEMBL151475,ABAPERIDONE,O=c1c(CO)coc2cc(OCCCN3CCC(c4noc5cc(F)ccc45)CC3)ccc12,452.482,4.214,88.94,1,7,7,4,33,1.0
CHEMBL151604,DUROQUINONE,CC1=C(C)C(=O)C(C)=C(C)C1=O,164.204,1.811,34.14,0,2,0,0,12,3.0
CHEMBL151649,PHENETHYLISOTHIOCYANATE,S=C=NCCc1ccccc1,163.245,2.332,12.36,0,2,3,1,11,4.0
CHEMBL151676,PYRIBENZAMINE,c1ccc(CN(CCN2CC2)c2ccccn2)cc1,253.349,2.404,19.14,0,3,6,2,19,4.0
CHEMBL151803,SULBENTINE,S=C1SCN(Cc2ccccc2)CN1Cc1ccccc1,314.479,3.938,6.48,0,3,4,2,21,4.0
CHEMBL151938,MILAMELINE,CO/N=C/C1=CCCN(C)C1,154.213,0.881,24.83,0,3,2,0,11,3.0
CHEMBL152028,N- (9-FLUORENYLMETHOXYCARBONYL)-L-LEUCINE,CC(C)C[C@@H](NC(=O)OCC1c2ccccc2-c2ccccc21)C(=O)O,353.418,4.024,75.63,2,3,6,2,26,1.0
CHEMBL152032,MEVINOLIN,CC[C@H](C)C(=O)O[C@H]1C[C@@H](C)C=C2C=C[C@H](C)[C@H](CCCC[C@@H](O)CC(=O)[O-])[C@H]21.[Na+],428.545,0.414,86.66,1,5,10,0,29,1.0
CHEMBL152067,TALINOLOL,CC(C)(C)NCC(O)COc1ccc(NC(=O)NC2CCCCC2)cc1,363.502,3.269,82.62,4,4,7,1,26,1.0
CHEMBL152231,AMOSULALOL,COc1ccccc1OCCNCC(O)c1ccc(C)c(S(N)(=O)=O)c1,380.466,1.353,110.88,3,6,9,2,26,0.0
CHEMBL152236,HEPTANOIC ACID CHLOROMETHYL ESTER,CCCCCCC(=O)OCCl,178.659,2.696,26.3,0,2,6,0,11,4.0
CHEMBL152325,ACANTHOIC ACID,C=C[C@@]1(C)CC=C2C(CCC3[C@](C)(C(=O)O)CCC[C@@]23C)C1,302.458,5.206,37.3,1,1,2,0,22,3.0
CHEMBL152371,PAFENOLOL,CC(C)NCC(O)COc1ccc(CCNC(=O)NC(C)C)cc1,337.464,1.674,82.62,4,4,10,1,24,1.0
CHEMBL152408,PIMETHIXENE,CN1CCC(=C2c3ccccc3Sc3ccccc32)CC1,293.435,4.679,3.24,0,2,0,2,21,3.0
CHEMBL152423,T-2 TOXIN,CC(=O)OC[C@]12C[C@H](OC(=O)CC(C)C)C(C)=C[C@H]1O[C@@H]1[C@H](O)[C@@H](OC(C)=O)[C@@]2(C)[C@]12CO2,466.527,1.693,120.89,1,9,6,0,33,1.0
CHEMBL152452,SIALIC ACID,CC(=O)N[C@H]1[C@H]([C@@H](O)[C@@H](O)CO)O[C@@](O)(C(=O)O)C[C@@H]1O,309.271,-3.872,176.78,7,8,5,0,21,1.0
CHEMBL152568,ACETYL T2 TOXIN,CC(=O)OC[C@]12C[C@H](OC(=O)CC(C)C)C(C)=C[C@H]1O[C@@H]1[C@H](OC(C)=O)[C@@H](OC(C)=O)[C@@]2(C)[C@]12CO2,508.564,2.264,126.96,0,10,7,0,36,2.0
CHEMBL152578,CC-1065,COc1c(O)c2c(c3cc(C(=O)N4CCc5c4c(O)c(OC)c4[nH]c(C(=O)N6CC7CC78C6=CC(=O)c6[nH]cc(C)c68)cc54)[nH]c13)CCN2C(N)=O,703.712,3.852,210.31,6,8,4,5,52,1.0
CHEMBL152632,NIRIDAZOLE,O=C1NCCN1c1ncc([N+](=O)[O-])s1,214.206,0.581,88.37,1,5,2,1,14,2.0
CHEMBL152649,CHLORMIDAZOLE,Cc1nc2ccccc2n1Cc1ccc(Cl)cc1,256.736,4.046,17.82,0,2,2,3,18,3.0
CHEMBL152665,PHENYLACETOHYDROXAMIC ACID,O=C(Cc1ccccc1)NO,151.165,0.734,49.33,2,2,2,1,11,2.0
CHEMBL152684,BECLOBRATE,CCOC(=O)C(C)(CC)Oc1ccc(Cc2ccc(Cl)cc2)cc1,346.854,5.041,35.53,0,3,7,2,24,3.0
CHEMBL152907,SULFAMIC ACID TETRADECYL ESTER,CCCCCCCCCCCCCCOS(N)(=O)=O,293.473,3.908,69.39,1,3,14,0,19,4.0
CHEMBL152962,SULFAMIC ACID HEXADECYL ESTER,CCCCCCCCCCCCCCCCOS(N)(=O)=O,321.527,4.688,69.39,1,3,16,0,21,3.0
CHEMBL152998,KEMPTIDE,CC(C)C[C@H](NC(=O)[C@H](CO)NC(=O)[C@H](C)NC(=O)[C@H](CCCNC(=N)N)NC(=O)[C@H](CCCNC(=N)N)NC(=O)[C@@H](N)CC(C)C)C(=O)NCC(=O)O,771.922,-4.431,381.95,15,11,26,0,54,0.0
CHEMBL153027,SULFAMIC ACID DODECYL ESTER,CCCCCCCCCCCCOS(N)(=O)=O,265.419,3.127,69.39,1,3,12,0,17,4.0
CHEMBL153036,R-FLUOXETINE,CNCC[C@@H](Oc1ccc(C(F)(F)F)cc1)c1ccccc1,309.331,4.435,21.26,1,2,6,2,22,3.0
CHEMBL153062,4-NONYLPHENOL,CCCCCCCCCc1ccc(O)cc1,220.356,4.685,20.23,1,1,8,1,16,3.0
CHEMBL153081,ETHYL HYDROXYCARBAMATE,CCOC(=O)NO,105.093,0.122,58.56,2,3,1,0,7,2.0
CHEMBL153094,DECYL SULFAMATE,CCCCCCCCCCOS(N)(=O)=O,237.365,2.347,69.39,1,3,10,0,15,4.0
CHEMBL153192,BROMOCHLOROSALICYLANILIDE,O=C(Nc1ccc(Cl)cc1)c1cc(Br)ccc1O,326.577,4.06,49.33,2,2,2,2,18,2.0
CHEMBL153339,HEXANETHIOL,CCCCCCS,118.245,2.497,0.0,1,1,4,0,7,4.0
CHEMBL153427,OXAGRELATE,CCOC(=O)c1c(C)cc2c(CO)n[nH]c(=O)c2c1C,276.292,1.209,92.28,2,5,3,2,20,1.0
CHEMBL153437,BENZO[J]ACEANTHRYLENE,C1=Cc2c3ccc4ccccc4c3cc3cccc1c23,252.316,5.63,0.0,0,0,0,4,20,3.0
CHEMBL153479,AMBROXOL,Nc1c(Br)cc(Br)cc1CN[C@H]1CC[C@H](O)CC1,378.108,3.187,58.28,3,3,3,1,18,2.0
CHEMBL153580,PARANITROBENZYL ALCOHOL,O=[N+]([O-])c1ccc(CO)cc1,153.137,1.087,63.37,1,3,2,1,11,3.0
CHEMBL153585,INDENOLOL,CC(C)NCC(O)COc1cccc2c1C=CC2,247.338,1.994,41.49,2,3,6,1,18,2.0
CHEMBL153598,ESTER OF PHOSPHOLIPID,CCCCCCCCCC(=O)OCC(COP(=O)([O-])OCC[N+](C)(C)C)OC(=O)CCCCCCC,537.675,5.15,111.19,0,8,24,0,36,1.0
CHEMBL153613,EFLUMAST,CC(=O)c1cc(F)cc(NC(=O)c2nnn[nH]2)c1O,265.204,0.499,120.86,3,6,3,2,19,1.0
CHEMBL153658,ACONITIC ACID,O=C(O)/C=C(\CC(=O)O)C(=O)O,174.108,-0.443,111.9,3,3,4,0,12,1.0
CHEMBL153718,SULFAMIC ACID ISOPROPYL ESTER,CC(C)OS(N)(=O)=O,139.176,-0.385,69.39,1,3,2,0,8,3.0
CHEMBL153774,TOPIXANTRONE,CN(C)CCNc1ccc2c3c(nn2CCNCCO)-c2cnccc2C(=O)c13,394.479,1.198,95.31,3,8,9,3,29,0.0
CHEMBL153867,PIRIFIBRATE,CC(C)(Oc1ccc(Cl)cc1)C(=O)OCc1cccc(CO)n1,335.787,3.128,68.65,1,5,6,2,23,4.0
CHEMBL153896,LAV12,CCCCOC(=O)c1cc2c([nH]c3ccccc32)c(-c2ccc3c(n2)C(=O)C(NC(=O)CCC)=CC3=O)n1,510.55,4.914,131.11,2,7,8,4,38,0.0
CHEMBL153936,STEGANE,COc1cc2c(c(OC)c1OC)-c1cc3c(cc1C[C@H]1COC(=O)[C@@H]1C2)OCO3,398.411,2.996,72.45,0,7,3,2,29,2.0
CHEMBL153983,RONIFIBRATE,CC(C)(Oc1ccc(Cl)cc1)C(=O)OCCCOC(=O)c1cccnc1,377.824,3.683,74.72,0,6,8,2,26,2.0
CHEMBL153984,BEFUNOLOL,CC(=O)c1cc2cccc(OCC(O)CNC(C)C)c2o1,291.347,2.373,71.7,2,5,7,2,21,2.0
CHEMBL154046,PICROSTEGANE,COc1cc2c(c(OC)c1OC)-c1cc3c(cc1C[C@H]1COC(=O)[C@H]1C2)OCO3,398.411,2.996,72.45,0,7,3,2,29,2.0
CHEMBL154064,(-)-STEGANACIN,COc1cc2c(c(OC)c1OC)-c1cc3c(cc1[C@H](OC(C)=O)[C@H]1COC(=O)[C@@H]1C2)OCO3,456.447,3.058,98.75,0,9,4,2,33,2.0
CHEMBL154111,SALSALATE,O=C(Oc1ccccc1C(=O)O)c1ccccc1O,258.229,2.31,83.83,2,4,3,2,19,2.0
CHEMBL154126,ORMELOXIFENE,COc1ccc2c(c1)OC(C)(C)C(c1ccccc1)C2c1ccc(OCCN2CCCC2)cc1,457.614,6.257,30.93,0,4,7,3,34,2.0
CHEMBL154127,CANNABICYCLOL,CCCCCc1cc(O)c2c(c1)OC1(C)CCC3C1C2C3(C)C,314.469,5.426,29.46,1,2,4,1,23,3.0
CHEMBL154139,TAGORIZINE,Cc1ccc(/C=C/C(=O)NCCCCN2CCN(C(c3ccccc3)c3ccccc3)CC2)cn1,468.645,4.707,48.47,1,4,10,3,35,2.0
CHEMBL154166,ACEDAPSONE,CC(=O)Nc1ccc(S(=O)(=O)c2ccc(NC(C)=O)cc2)cc1,332.381,2.436,92.34,2,4,4,2,23,2.0
CHEMBL154232,MONODEUTERATED PROPOFOL,[2H]c1cc(C(C)C)c(O)c(C(C)C)c1,179.281,3.639,20.23,1,1,2,1,13,4.0
CHEMBL154310,SCRIPENETRIOL,CC1=C[C@H]2OC3[C@H](O)[C@@H](O)[C@@](C)(C34CO4)[C@@]2(CO)CC1,282.336,-0.017,82.45,3,5,1,0,20,1.0
CHEMBL154533,WHILE OLIVETOL,CCCCCc1cc(O)cc(O)c1,180.247,2.831,40.46,2,2,4,1,13,3.0
CHEMBL154637,DERMOSTATIN,CC(C)C1OC(=O)/C=C/C=C/C=C/C=C/C=C/C=C/CC(O)C(C)C(O)CC(O)CC(O)CC(O)CC(O)CC(O)CC(O)CC(O)/C=C/C1C,720.941,3.102,208.37,9,11,1,0,51,1.0
CHEMBL154709,APOCIDEINE,COc1ccc2c(c1O)-c1cccc3c1[C@@H](C2)N(C)CC3,281.355,3.153,32.7,1,3,1,2,21,4.0
CHEMBL155085,ILIMAQUINONE,C=C1CCC[C@H]2[C@](C)(CC3=C(O)C(=O)C=C(OC)C3=O)[C@@H](C)CC[C@]12C,358.478,4.67,63.6,1,4,3,0,26,3.0
CHEMBL155235,GRANDIRUBRINE,COc1c(OC)c2c3c(nccc3c1OC)-c1cc(O)c(=O)ccc1-2,337.331,2.974,77.88,1,6,3,3,25,3.0
CHEMBL155265,DNQX,O=[N+]([O-])c1cc2nc(O)c(O)nc2cc1[N+](=O)[O-],252.142,0.857,152.52,2,8,2,2,18,1.0
CHEMBL155320,4-NITROTOLUENE,Cc1ccc([N+](=O)[O-])cc1,137.138,1.903,43.14,0,2,1,1,10,3.0
CHEMBL155379,"ICOSAHYDRODIBENZO[B,K][1,4,7,10,13,16]HEXAOXACYCLOOCTADECINE",C1CCC2OCCOCCOC3CCCCC3OCCOCCOC2C1,372.502,2.722,55.38,0,6,0,0,26,3.0
CHEMBL155405,FIJIANOLIDE B,C=C1C[C@H](C)C[C@@H]2CC=C[C@@H](C/C=C\C(=O)O[C@H]([C@@H](O)/C=C/[C@@H]3CC(C)=CCO3)C[C@@H]3O[C@H]3[C@@H](O)C1)O2,514.659,4.105,97.75,2,7,3,0,37,0.0
CHEMBL155546,CYCLOMETHYLTRYPTOPHAN,O=C(O)[C@@H]1Cc2c([nH]c3ccccc23)CN1,216.24,1.267,65.12,3,2,1,2,16,2.0
CHEMBL155572,2-(AMINOMETHYL)PHENOL,NCc1ccccc1O,123.155,0.851,46.25,2,2,1,1,9,2.0
CHEMBL155622,NIPRADILOL,CC(C)NCC(O)COc1cccc2c1OCC(O[N+](=O)[O-])C2,326.349,0.936,103.09,2,7,8,1,23,1.0
CHEMBL155625,INDOLE-3-CARBINOL,OCc1c[nH]c2ccccc12,147.177,1.66,36.02,2,1,1,2,11,2.0
CHEMBL155674,ASOBAMAST,CCOCCOC(=O)C(=O)Nc1nc(-c2cc(C)no2)cs1,325.346,1.625,103.55,1,8,6,2,22,2.0
CHEMBL155722,ECHINOCHROME A,CCC1=C(O)C(=O)c2c(O)c(O)c(O)c(O)c2C1=O,266.205,1.11,135.29,5,7,1,1,19,1.0
CHEMBL155731,QUINELORANE,CCCN1CCC[C@@H]2Cc3nc(N)ncc3C[C@H]21,246.358,1.648,55.04,1,4,2,1,18,3.0
CHEMBL155844,IMERUBRINE,COc1c(OC)c2c3c(nccc3c1OC)-c1cc(O)ccc1-2,309.321,3.614,60.81,1,5,3,3,23,4.0
CHEMBL155886,CERAMIDE,CCCCCCCCCCCCCCC[C@@H](O)[C@H](CO)NC(C)=O,343.552,4.326,69.56,3,3,17,0,24,2.0
CHEMBL155926,"1,3-DICHLOROPROPENE",Cl/C=C/CCl,110.971,1.978,0.0,0,0,1,0,5,3.0
CHEMBL155962,TAZIFYLLINE,Cn1c(=O)c2c(ncn2CC(O)CN2CCN(CCCSc3ccccc3)CC2)n(C)c1=O,472.615,0.595,88.53,1,10,9,3,33,1.0
CHEMBL156025,THYMOPENTIN,CC(C)[C@H](NC(=O)[C@H](CC(=O)O)NC(=O)[C@H](CCCCN)NC(=O)[C@@H](N)CCCN=C(N)N)C(=O)N[C@@H](Cc1ccc(O)cc1)C(=O)O,679.776,-2.401,327.67,11,10,22,1,48,0.0
CHEMBL156127,UMBELLIPRENIN,CC(C)=CCC/C(C)=C/CC/C(C)=C/COc1ccc2ccc(=O)oc2c1,366.501,6.591,39.44,0,3,9,2,27,2.0
CHEMBL156156,SPONGIADIOL,C[C@]12CC(=O)[C@@H](O)[C@](C)(CO)[C@@H]1CC[C@@]1(C)c3cocc3CC[C@H]21,332.44,2.848,70.67,2,4,1,1,24,2.0
CHEMBL156339,MAGNOSALIN,COc1cc(OC)c([C@@H]2[C@H](C)[C@@H](C)[C@H]2c2cc(OC)c(OC)cc2OC)cc1OC,416.514,4.891,55.38,0,6,8,2,30,2.0
CHEMBL156378,BROMOETHANE,CCBr,108.966,1.401,0.0,0,0,0,0,3,3.0
CHEMBL156455,"1,1-DICHLOROETHENE",C=C(Cl)Cl,96.944,1.935,0.0,0,0,0,0,4,3.0
CHEMBL156692,7-PRENYLOXYCOUMARIN,CC(C)=CCOc1ccc2ccc(=O)oc2c1,230.263,3.138,39.44,0,3,3,2,17,4.0
CHEMBL156791,CLORANOLOL,CC(C)(C)NCC(O)COc1cc(Cl)ccc1Cl,292.206,3.121,41.49,2,3,5,1,18,3.0
CHEMBL156885,CETAMOLOL,CNC(=O)COc1ccccc1OCC(O)CNC(C)(C)C,310.394,0.939,79.82,3,5,8,1,22,1.0
CHEMBL156897,CANTHIN-6-ONE,O=c1ccc2nccc3c4ccccc4n1c23,220.231,2.439,34.37,0,3,0,4,17,4.0
CHEMBL156901,MOPROLOL,COc1ccccc1OCC(O)CNC(C)C,239.315,1.433,50.72,2,4,7,1,17,2.0
CHEMBL157013,CISBURSERAN,COc1cc(CC2COCC2Cc2ccc3c(c2)OCO3)cc(OC)c1OC,386.444,3.489,55.38,0,6,7,2,28,3.0
CHEMBL157093,DIBROMOCHLOROMETHANE,ClC(Br)Br,208.28,2.299,0.0,0,0,0,0,4,4.0
CHEMBL157101,KETOCONAZOLE,CC(=O)N1CCN(c2ccc(OCC3COC(Cn4ccnc4)(c4ccc(Cl)cc4Cl)O3)cc2)CC1,531.44,4.206,69.06,0,7,7,3,36,2.0
CHEMBL157118,ANTERGAN,CN(C)CCN(Cc1ccccc1)c1ccccc1,254.377,3.255,6.48,0,2,6,2,19,4.0
CHEMBL157138,LISURIDE,CCN(CC)C(=O)N[C@H]1C=C2c3cccc4[nH]cc(c34)C[C@H]2N(C)C1,338.455,2.841,51.37,2,2,3,2,25,3.0
CHEMBL157184,DIHYDROXY-COHIBIN A,CCCCCCCCCCCC[C@H](O)[C@@H](O)CC[C@@H](O)[C@H](O)CCCCCCCCCCCCC1=C[C@H](C)OC1=O,582.907,8.074,107.22,4,6,29,0,41,0.0
CHEMBL157337,RAMIFENAZONE,Cc1c(NC(C)C)c(=O)n(-c2ccccc2)n1C,245.326,2.305,38.96,1,4,3,2,18,4.0
CHEMBL157366,MOSEDIPIMOD,CCCCC/C=C\C/C=C\CCCCCCCC(=O)OC(COC(C)=O)COC(=O)CCCCCCCCCCCCCCC,634.983,11.299,78.9,0,6,33,0,45,1.0
CHEMBL157428,BIS(THIOSALICYL)HYDRAZIDE,O=C(NNC(=O)c1ccccc1S)c1ccccc1S,304.396,2.339,58.2,4,4,2,2,20,3.0
CHEMBL157443,BUTOFILOLOL,CCCC(=O)c1cc(F)ccc1OCC(O)CNC(C)(C)C,311.397,2.936,58.56,2,4,8,1,22,3.0
CHEMBL157548,DANOFLOXACIN,CN1C[C@@H]2C[C@H]1CN2c1cc2c(cc1F)c(=O)c(C(=O)O)cn2C1CC1,357.385,2.066,65.78,1,5,3,2,26,4.0
CHEMBL157560,PAREITROPONE,COc1cc2ccnc3c2c(c1OC)-c1ccc(=O)ccc1-3,291.306,3.26,48.42,0,4,2,3,22,4.0
CHEMBL157844,PUUPEHENONE,CC1(C)CCC[C@]2(C)[C@H]3C=C4C=C(O)C(=O)C=C4O[C@@]3(C)CC[C@@H]12,328.452,4.853,46.53,1,3,0,0,24,3.0
CHEMBL157912,(S)-BULBOCAPNINE,COc1ccc2c(c1O)-c1c3c(cc4c1[C@H](C2)N(C)CC4)OCO3,325.364,2.882,51.16,1,5,1,2,24,4.0
CHEMBL158198,CLAUSARIN,C=CC(C)(C)c1cc2c(O)c3c(c(C(C)(C)C=C)c2oc1=O)OC(C)(C)C=C3,380.484,5.61,59.67,1,4,4,2,28,2.0
CHEMBL158309,NORDENTATIN,C=CC(C)(C)c1c2c(c(O)c3ccc(=O)oc13)C=CC(C)(C)O2,312.365,4.146,59.67,1,4,2,2,23,3.0
CHEMBL158499,(ortho-nitrobenzoyl)alanine,NC(CC(=O)c1ccccc1[N+](=O)[O-])C(=O)O,238.199,0.58,123.53,2,5,5,1,17,1.0
CHEMBL158666,AUTONOM NAME:,CCCCCCCC/C=C/CCCCCCCC(=O)O[C@@H](CO)COC(C)=O,398.584,5.491,72.83,1,5,19,0,28,1.0
CHEMBL158698,AVERMECTIN B1A,CCC(C)C1O[C@]2(C=C[C@@H]1C)C[C@@H]1CC(C/C=C(\C)[C@@H](OC3C[C@H](OC)[C@@H](OC4C[C@H](OC)[C@@H](O)[C@H](C)O4)[C@H](C)O3)[C@@H](C)/C=C/C=C3\COC4[C@H](O)C(C)=CC(C(=O)O1)[C@]34O)O2,873.09,5.377,170.06,3,14,8,0,62,0.0
CHEMBL158718,FENITROXON,COP(=O)(OC)Oc1ccc([N+](=O)[O-])c(C)c1,261.17,2.683,87.9,0,6,5,1,17,3.0
CHEMBL158784,RAC-IBIPINABANT,CN/C(=N\S(=O)(=O)c1ccc(Cl)cc1)N1CC(c2ccccc2)C(c2ccc(Cl)cc2)=N1,487.412,4.761,74.13,1,3,4,3,32,1.0
CHEMBL158990,METHOPTERINE,CN(Cc1cnc2[nH]c(N)nc(=O)c2n1)c1ccc(C(=O)N[C@@H](CCC(=O)O)C(=O)O)cc1,455.431,-0.02,204.49,5,9,9,3,33,0.0
CHEMBL159226,MOXISYLYTE,CC(=O)Oc1cc(C(C)C)c(OCCN(C)C)cc1C,279.38,2.984,38.77,0,4,6,1,20,4.0
CHEMBL159298,RIPAZEPAM,CCn1nc(C)c2c1C(c1ccccc1)=NCC(=O)N2,268.32,2.001,59.28,1,4,2,2,20,4.0
CHEMBL159303,"EPIAFZELECHIN (2R,3R)(-)",Oc1ccc([C@H]2Oc3cc(O)cc(O)c3C[C@H]2O)cc1,274.272,1.84,90.15,4,5,1,2,20,1.0
CHEMBL159455,5-EPIARAGUSTEROL A,C[C@@H]1C[C@H]1[C@H](C)C[C@@H](O)[C@@]1([C@H]2CC[C@H]3[C@@H]4CC[C@@H]5CC(=O)CC[C@]5(C)[C@H]4C[C@@H](O)[C@]23C)CO1,458.683,4.997,70.06,2,4,5,0,33,0.0
CHEMBL159548,"2',2'-BISEPIGALLOCATECHIN MONOGALLATE",O=C(O[C@@H]1Cc2c(O)cc(O)cc2O[C@@H]1c1cc(O)c(O)c(O)c1-c1c([C@H]2Oc3cc(O)cc(O)c3C[C@H]2O)cc(O)c(O)c1O)c1cc(O)c(O)c(O)c1,762.629,3.465,327.98,14,18,5,5,55,1.0
CHEMBL159659,LEVOMETHADONE,CCC(=O)C(C[C@@H](C)N(C)C)(c1ccccc1)c1ccccc1,309.453,4.292,20.31,0,2,7,2,23,3.0
CHEMBL159660,ALPHAMETHADOL,CC[C@@H](O)C(C[C@@H](C)N(C)C)(c1ccccc1)c1ccccc1,311.469,4.084,23.47,1,2,7,2,23,3.0
CHEMBL159682,AXITIROME,CCOC(=O)C(=O)Nc1cc(C)c(Oc2ccc(O)c(C(O)c3ccc(F)cc3)c2)c(C)c1,453.466,4.524,105.09,3,6,6,3,33,0.0
CHEMBL159776,PRAMIRACETAM,CC(C)N(CCNC(=O)CN1CCCC1=O)C(C)C,269.389,0.844,52.65,1,3,7,0,19,3.0
CHEMBL160038,NEBICAPONE,O=C(Cc1ccccc1)c1cc(O)c(O)c([N+](=O)[O-])c1,273.244,2.431,100.67,2,5,4,2,20,2.0
CHEMBL160145,ORTHO-PHTHALALDEHYDE,O=Cc1ccccc1C=O,134.134,1.312,34.14,0,2,2,1,10,3.0
CHEMBL160233,DUROHYDROQUINONE,Cc1c(C)c(O)c(C)c(C)c1O,166.22,2.331,40.46,2,2,0,1,12,3.0
CHEMBL160293,AMESERGIDE,CC(C)n1cc2c3c(cccc31)[C@H]1C[C@@H](C(=O)NC3CCCCC3)CN(C)[C@@H]1C2,393.575,4.631,37.27,1,3,3,2,29,2.0
CHEMBL160347,BROFAROMINE,COc1cc(Br)c2oc(C3CCNCC3)cc2c1,310.191,3.671,34.4,1,3,2,2,18,4.0
CHEMBL160519,PROCATEROL,CCC(NC(C)C)C(O)c1ccc(O)c2[nH]c(=O)ccc12,290.363,2.044,85.35,4,4,5,2,21,2.0
CHEMBL160520,METHYLHYDRAZINE,CNN,46.073,-0.921,38.05,2,2,0,0,3,2.0
CHEMBL160527,NICOTINOYLALANINENAL,NC(CC(=O)c1cccnc1)C(=O)O,194.19,0.066,93.28,2,4,4,1,14,1.0
CHEMBL160555,DICAPTHON,COP(=S)(OC)Oc1ccc([N+](=O)[O-])cc1Cl,297.656,3.144,70.83,0,6,5,1,17,3.0
CHEMBL160606,CHLORTHION,COP(=S)(OC)Oc1ccc([N+](=O)[O-])c(Cl)c1,297.656,3.144,70.83,0,6,5,1,17,3.0
CHEMBL160629,CICAPROST,CCC#CC[C@H](C)[C@H](O)C#C[C@@H]1[C@H]2C/C(=C/COCC(=O)O)C[C@H]2C[C@H]1O,374.477,2.225,86.99,3,4,6,0,27,1.0
CHEMBL160640,LAHERRADURIN,CCCCCCCCCC[C@H](O)[C@H]1CC[C@H]([C@H]2CC[C@H]([C@H](O)CCCCCCCCCCCCC3C(=O)O[C@@H](C)[C@@H]3O)O2)O1,624.944,7.938,105.45,3,7,25,0,44,0.0
CHEMBL160811,MONOFLUOROACETAMIDE,NC(=O)CF,77.058,-0.559,43.09,1,1,1,0,5,3.0
CHEMBL160919,TETRAHYDROPAPAVERINE,COc1ccc(CC2NCCc3cc(OC)c(OC)cc32)cc1OC,343.423,3.151,48.95,1,5,6,2,25,4.0
CHEMBL160929,HEXACHLOROETHANE,ClC(Cl)(Cl)C(Cl)(Cl)Cl,236.74,3.727,0.0,0,0,0,0,8,4.0
CHEMBL160949,1-BROMOBUTANE,CCCCBr,137.02,2.181,0.0,0,0,2,0,5,4.0
CHEMBL161015,AILANTHONE,C=C1[C@@H](O)[C@]2(O)OC[C@]34[C@H]2[C@@]2(C)[C@H](O)C(=O)C=C(C)[C@@H]2C[C@H]3OC(=O)C[C@@H]14,376.405,0.086,113.29,3,7,0,0,27,0.0
CHEMBL161084,MIRFENTANIL,O=C(c1ccco1)N(c1cnccn1)C1CCN(CCc2ccccc2)CC1,376.46,3.424,62.47,0,5,6,3,28,3.0
CHEMBL161204,PROFADOL,CCCC1(c2cccc(O)c2)CCN(C)C1,219.328,2.766,23.47,1,2,3,1,16,4.0
CHEMBL161250,ARAGUSTEROL A,C[C@@H]1C[C@H]1[C@H](C)C[C@@H](O)[C@@]1([C@H]2CC[C@H]3[C@@H]4CC[C@H]5CC(=O)CC[C@]5(C)[C@H]4C[C@@H](O)[C@]23C)CO1,458.683,4.997,70.06,2,4,5,0,33,0.0
CHEMBL161343,ARACHIDONOYL GLYCINE,CCCCC/C=C\C/C=C\C/C=C\C/C=C\CCCC(=O)NCC(=O)O,361.526,5.333,66.4,2,2,16,0,26,1.0
CHEMBL161350,FOSARILATE,CCOP(=O)(CCCCCCOc1ccc(OC)cc1Cl)OCC,378.833,5.554,53.99,0,5,13,1,24,2.0
CHEMBL161381,"EMTRICITABINE, (+/-)-",Nc1nc(=O)n(C2CSC(CO)O2)cc1F,247.251,-0.455,90.37,2,7,2,1,16,1.0
CHEMBL161461,ALANYL-dl-PHENYLALANINE,CC(N)C(=O)NC(Cc1ccccc1)C(=O)O,236.271,0.146,92.42,3,3,5,1,17,1.0
CHEMBL161577,CUMINALDEHYDE,CC(C)c1ccc(C=O)cc1,148.205,2.623,17.07,0,1,2,1,11,4.0
CHEMBL161598,ANISALDEHYDE,COc1ccc(C=O)cc1,136.15,1.508,26.3,0,2,2,1,10,3.0
CHEMBL161710,SKF95299,c1ccc(NCCCOc2cccc(CN3CCCCC3)c2)cc1,324.468,4.554,24.5,1,3,8,2,24,3.0
CHEMBL161957,SANTIN,COc1ccc(-c2oc3cc(O)c(OC)c(O)c3c(=O)c2OC)cc1,344.319,2.897,98.36,2,7,4,3,25,2.0
CHEMBL162036,BENORILATE,CC(=O)Nc1ccc(OC(=O)c2ccccc2OC(C)=O)cc1,313.309,2.79,81.7,1,5,4,2,23,3.0
CHEMBL162114,MAXIKDIOL,C=C[C@]1(C)C=C2CC[C@@]3(O)C(C)(C)CC[C@H](O)[C@]3(C)C2CC1,304.474,4.227,40.46,2,2,1,0,22,2.0
CHEMBL162150,SULFURIC ACID DIMETHYL ESTER,COS(=O)(=O)OC,126.133,-0.476,52.6,0,4,2,0,7,3.0
CHEMBL162243,BETAMETHADOL,CC[C@H](O)C(C[C@@H](C)N(C)C)(c1ccccc1)c1ccccc1,311.469,4.084,23.47,1,2,7,2,23,3.0
CHEMBL162358,TOMELUKAST,CCCc1c(OCCCCc2nnn[nH]2)ccc(C(C)=O)c1O,318.377,2.462,100.99,2,6,9,2,23,2.0
CHEMBL162501,LUSAPERIDONE,Cc1nc2ccccn2c(=O)c1CCN1CCc2oc3ccccc3c2C1,359.429,3.35,50.75,0,5,3,4,27,4.0
CHEMBL162598,DICYCLOHEXYLCARBODIIMIDE,C(=NC1CCCCC1)=NC1CCCCC1,206.333,3.826,24.72,0,2,2,0,15,4.0
CHEMBL162760,ORNITHINE SULFONAMIDE,Cc1ccc(S(=O)(=O)N[C@@H](CCCNC(=O)OCc2ccccc2)C(=O)O)cc1,420.487,2.433,121.8,3,5,10,2,29,1.0
CHEMBL163015,CHONDRILLIN,CCCCCCCCCCCCCCCC[C@@]1(OC)C=C[C@@H](CC(=O)OC)OO1,412.611,6.65,53.99,0,5,18,0,29,2.0
CHEMBL163100,SULFURIC ACID DIETHYL ESTER,CCOS(=O)(=O)OCC,154.187,0.304,52.6,0,4,4,0,9,3.0
CHEMBL163238,PILSICAINIDE,Cc1cccc(C)c1NC(=O)CC12CCCN1CCC2,272.392,3.26,32.34,1,2,3,1,20,4.0
CHEMBL163316,3-O-METHYLQUERCETIN,COc1c(-c2ccc(O)c(O)c2)oc2cc(O)cc(O)c2c1=O,316.265,2.291,120.36,4,7,2,3,23,2.0
CHEMBL163612,PHENYLASPIRINATE,CC(=O)Oc1ccccc1C(=O)Oc1ccccc1,256.257,2.831,52.6,0,4,3,2,19,4.0
CHEMBL163672,CHROMONAR,CCOC(=O)COc1ccc2c(C)c(CCN(CC)CC)c(=O)oc2c1,361.438,2.928,68.98,0,6,9,2,26,3.0
CHEMBL163911,DELEQUAMINE,COc1ccc2c(c1)CCN1C[C@H]3CCCN(S(C)(=O)=O)[C@H]3C[C@@H]21,350.484,2.038,49.85,0,4,2,1,24,4.0
CHEMBL164257,ANHYDRORYANODINE,CC1=C(C(C)C)[C@@H](OC(=O)c2ccc[nH]2)[C@@]2(O)[C@@]3(C)CC(=O)O[C@@]4([C@H](O)[C@@H](C)CC[C@]34O)[C@@]12O,475.538,1.216,149.31,5,8,3,1,34,0.0
CHEMBL164290,N-NITROSODIETHYLAMINE,CCN(CC)N=O,102.137,1.01,32.67,0,2,3,0,7,3.0
CHEMBL164349,BUNAPROLAST,CCCCc1cc(OC)c2ccccc2c1OC(C)=O,272.344,4.116,35.53,0,3,5,2,20,3.0
CHEMBL164428,SHINJUDILACTONE,CC1=CC(=O)[C@@H](O)[C@]2(C)[C@H]3[C@@]4(O)C(=O)OC[C@@]35[C@@H](C[C@@H]12)OC(=O)C[C@H]5[C@H]4C,376.405,0.374,110.13,2,7,0,0,27,0.0
CHEMBL164447,CLOBUZARIT,CC(C)(OCc1ccc(-c2ccc(Cl)cc2)cc1)C(=O)O,304.773,4.387,46.53,1,2,5,2,21,3.0
CHEMBL164660,PSORALEN,O=c1ccc2cc3ccoc3cc2o1,186.166,2.539,43.35,0,3,0,3,14,4.0
CHEMBL164840,ZOCAINONE,CCN(CC)CCOc1ccccc1O/C(=C/c1ccccc1)C(C)=O,353.462,4.416,38.77,0,4,10,2,26,3.0
CHEMBL164841,TECHTOCHRYSIN,COc1cc(O)c2c(=O)cc(-c3ccccc3)oc2c1,268.268,3.174,59.67,1,4,2,3,20,4.0
CHEMBL165058,(ETHENYLSULFONYL)BENZENE,C=CS(=O)(=O)c1ccccc1,168.217,1.604,34.14,0,2,2,1,11,3.0
CHEMBL165064,ISOKAEMPFERIDE,COc1c(-c2ccc(O)cc2)oc2cc(O)cc(O)c2c1=O,300.266,2.585,100.13,3,6,2,3,22,2.0
CHEMBL165090,ROMAZARIT,Cc1nc(-c2ccc(Cl)cc2)oc1COC(C)(C)C(=O)O,309.749,3.683,72.56,1,4,5,2,21,3.0
CHEMBL165180,PACHYPODOL,COc1cc(O)c2c(=O)c(OC)c(-c3ccc(O)c(OC)c3)oc2c1,344.319,2.897,98.36,2,7,4,3,25,2.0
CHEMBL165509,PENDULETIN,COc1cc2oc(-c3ccc(O)cc3)c(OC)c(=O)c2c(O)c1OC,344.319,2.897,98.36,2,7,4,3,25,2.0
CHEMBL165643,BROVINCAMINE,CC[C@]12CCCN3CCc4c(n(c5cc(Br)ccc45)[C@@](O)(C(=O)OC)C1)[C@@H]32,433.346,3.715,54.7,1,5,2,2,27,3.0
CHEMBL165667,CLENTIAZEM,COc1ccc(C2Sc3cc(Cl)ccc3N(CCN(C)C)C(=O)C2OC(C)=O)cc1,448.972,4.022,59.08,0,6,6,2,30,2.0
CHEMBL165790,IPRIFLAVONE,CC(C)Oc1ccc2c(=O)c(-c3ccccc3)coc2c1,280.323,4.247,39.44,0,3,3,3,21,3.0
CHEMBL165908,N-NITROSOMORPHOLINE,O=NN1CCOCC1,116.12,0.0,41.9,0,3,1,0,8,3.0
CHEMBL165916,N-ETHYL-N-(2-HYDROXYETHYL)NITROSAMINE,CCN(CCO)N=O,118.136,-0.018,52.9,1,3,4,0,8,3.0
CHEMBL166223,FURAN-2(5H)-ONE,O=C1C=CCO1,84.074,0.099,26.3,0,2,0,0,6,3.0
CHEMBL166266,BENZO[B]TRIPHENYLENE,c1ccc2cc3c4ccccc4c4ccccc4c3cc2c1,278.354,6.299,0.0,0,0,0,5,22,3.0
CHEMBL166405,4-CHLORO-2-NITROANILINE,Nc1ccc(Cl)cc1[N+](=O)[O-],172.571,1.83,69.16,1,3,1,1,11,3.0
CHEMBL166415,2-NITROANISOLE,COc1ccccc1[N+](=O)[O-],153.137,1.603,52.37,0,3,2,1,11,3.0
CHEMBL166444,METRIBOLONE,C[C@]1(O)CC[C@H]2[C@@H]3CCC4=CC(=O)CCC4=C3C=C[C@@]21C,284.399,3.719,37.3,1,2,0,0,21,4.0
CHEMBL166559,2-NITROBENZALDEHYDE,O=Cc1ccccc1[N+](=O)[O-],151.121,1.407,60.21,0,3,2,1,11,3.0
CHEMBL166795,STACHYDRINE HCL,C[N+]1(C)CCC[C@H]1C(=O)[O-].Cl,179.647,-0.603,40.13,0,2,1,0,10,3.0
CHEMBL166863,POLMACOXIB,CC1(C)OC(c2ccc(S(N)(=O)=O)cc2)=C(c2cccc(F)c2)C1=O,361.394,2.719,86.46,1,4,3,2,25,2.0
CHEMBL166896,(ACYLARYLOXY)ACETIC ACID,Cc1c(OCC(=O)O)cc2c(c1Cl)C(=O)C1(CCCC1)C2=O,322.744,3.051,80.67,1,4,3,1,22,3.0
CHEMBL166937,SARCNU,CN(CC(N)=O)C(=O)N(CCCl)N=O,222.632,-0.254,96.07,1,4,5,0,14,2.0
CHEMBL167055,NITECAPONE,CC(=O)C(=Cc1cc(O)c(O)c([N+](=O)[O-])c1)C(C)=O,265.221,1.567,117.74,2,6,4,1,19,1.0
CHEMBL167150,TRICHLORFON,COP(=O)(OC)C(O)C(Cl)(Cl)Cl,257.437,2.161,55.76,1,4,3,0,12,4.0
CHEMBL167395,1-NITROPYRENE,O=[N+]([O-])c1ccc2ccc3cccc4ccc1c2c34,247.253,4.492,43.14,0,2,1,4,19,3.0
CHEMBL167493,NAPAMEZOLE,C1=C(CC2=NCCN2)CCc2ccccc21,212.296,2.408,24.39,1,2,2,1,16,4.0
CHEMBL167667,ETHYL NITROSOUREA,CCN(N=O)C(N)=O,117.108,0.068,75.76,1,3,2,0,8,2.0
CHEMBL167691,LAROMUSTINE,CNC(=O)N(N(CCCl)S(C)(=O)=O)S(C)(=O)=O,307.781,-0.997,103.86,1,5,5,0,17,2.0
CHEMBL167731,PIXANTRONE,NCCNc1ccc(NCCN)c2c1C(=O)c1ccncc1C2=O,325.372,0.598,123.13,4,7,6,2,24,1.0
CHEMBL167779,ZUCLOMIPHENE,CCN(CC)CCOc1ccc(/C(=C(\Cl)c2ccccc2)c2ccccc2)cc1,405.969,6.563,12.47,0,2,9,3,29,2.0
CHEMBL167911,DICHLORVOS,COP(=O)(OC)OC=C(Cl)Cl,220.976,2.68,44.76,0,4,4,0,11,4.0
CHEMBL168276,"3,5-DINITROCATECHOL (OR-486)",O=[N+]([O-])c1cc(O)c(O)c([N+](=O)[O-])c1,200.106,0.914,126.74,2,6,2,1,14,1.0
CHEMBL168345,GRIDRIG,CC[C@H](C)[C@H](NC(=O)[C@H](CCCN=C(N)N)NC(=O)[C@H](CC(=O)O)NC(=O)[C@@H](NC(=O)[C@H](CCCN=C(N)N)NC(=O)CNC(C)=O)[C@@H](C)CC)C(=O)NCC(N)=O,826.958,-5.178,412.89,13,11,28,0,58,0.0
CHEMBL168415,TOYOCAMYCIN AGLYCONE,N#Cc1c[nH]c2ncnc(N)c12,159.152,0.412,91.38,2,4,0,2,12,1.0
CHEMBL168445,PHENYLUREA,NC(=O)Nc1ccccc1,136.154,1.177,55.12,2,1,1,1,10,2.0
CHEMBL168514,PHENYLSULFAMIDE,NS(=O)(=O)Nc1ccccc1,172.209,0.302,72.19,2,2,2,1,11,1.0
CHEMBL168640,PPL-100,COC(=O)N[C@H](C(=O)NCCCC[C@@H](CO)N(CC(C)C)S(=O)(=O)c1ccc(N)cc1)C(c1ccccc1)c1ccccc1,624.804,4.12,151.06,4,7,16,3,44,0.0
CHEMBL168815,CEVIMELINE,CC1OC2(CS1)CN1CCC2CC1,199.319,1.56,12.47,0,3,0,0,13,3.0
CHEMBL169300,DEHYDROXYMETHYLEPOXYQUINOMICIN,O=C(NC1=CC(=O)[C@H]2O[C@H]2[C@H]1O)c1ccccc1O,261.233,-0.283,99.16,3,5,2,1,19,1.0
CHEMBL169703,TIFLUADOM,CN1c2ccccc2C(c2ccccc2F)=NCC1CNC(=O)c1ccsc1,393.487,3.973,44.7,1,4,4,3,28,3.0
CHEMBL169736,ANTAQ,O=c1[nH]c2ccccc2c(=O)n1-c1c2ccccc2cc2ccccc12,338.366,3.985,54.86,1,3,1,5,26,4.0
CHEMBL169895,DAMPAQ,CCc1cc(NS(=O)(=O)c2ccc3c(N(C)C)cccc3c2)cc(CC)c1-n1c(=O)c2ccccc2n(C)c1=O,556.688,4.834,93.41,1,7,7,5,40,1.0
CHEMBL169896,OSI-7904,Cc1nc2ccc3ccc(CNc4ccc5c(c4)CN([C@@H](CCC(=O)O)C(=O)O)C5=O)cc3c2c(=O)[nH]1,500.511,3.271,152.69,4,6,8,4,37,1.0
CHEMBL169901,DEBRISOQUIN,N=C(N)N1CCc2ccccc2C1,175.235,0.938,53.11,2,1,0,1,13,2.0
CHEMBL170052,IBAFLOXACIN,Cc1c(F)cc2c(=O)c(C(=O)O)cn3c2c1CCC3C,275.279,2.654,59.3,1,3,1,2,20,4.0
CHEMBL170179,METHADYL ACETATE,CCC(OC(C)=O)C(CC(C)N(C)C)(c1ccccc1)c1ccccc1,353.506,4.655,29.54,0,3,8,2,26,3.0
CHEMBL170365,ACETALDEHYDE,CC=O,44.053,0.205,17.07,0,1,0,0,3,3.0
CHEMBL170377,2-(AMINOCARBONYL)OXYBENZOIC ACID METHYL ESTER,COC(=O)c1ccccc1OC(N)=O,195.174,0.931,78.62,1,4,2,1,14,2.0
CHEMBL170405,ROBINETIN,O=c1c(O)c(-c2cc(O)c(O)c(O)c2)oc2cc(O)ccc12,302.238,1.988,131.36,5,7,1,3,22,1.0
CHEMBL170458,DIALLYL SULFIDE,C=CCSCC=C,114.213,2.092,0.0,0,1,4,0,7,4.0
CHEMBL170518,PROSTRATIN,CC(=O)O[C@@]12C[C@@H](C)[C@@]3(O)[C@@H](C=C(CO)C[C@]4(O)C(=O)C(C)=C[C@@H]34)[C@@H]1C2(C)C,390.476,1.53,104.06,3,6,2,0,28,0.0
CHEMBL170630,ETHANE DIMETHANE SULFONATE,CS(=O)(=O)OCCOS(C)(=O)=O,218.252,-1.061,86.74,0,6,5,0,12,2.0
CHEMBL170721,METHYLGLYOXAL,CC(=O)C=O,72.063,-0.226,34.14,0,2,1,0,5,3.0
CHEMBL170742,METHOXYACETAMIDE,COCC(N)=O,89.094,-0.882,52.32,1,2,2,0,6,3.0
CHEMBL170797,ETHOHEPTAZINE,CCOC(=O)C1(c2ccccc2)CCCN(C)CC1,261.365,2.603,29.54,0,3,3,1,19,4.0
CHEMBL170988,PHENFORMIN,N=C(N)NC(=N)NCCc1ccccc1,205.265,0.237,97.78,5,2,3,1,15,1.0
CHEMBL171066,ISOVALERAMIDE,CC(C)CC(N)=O,101.149,0.518,43.09,1,1,2,0,7,3.0
CHEMBL171326,GERANYLGERANOIC ACID,CC(C)=CCC/C(C)=C/CC/C(C)=C/CC/C(C)=C/C(=O)O,304.474,6.217,37.3,1,1,10,0,22,3.0
CHEMBL171447,N-(2-HYDROXYETHYL)STEARAMIDE,CCCCCCCCCCCCCCCCCC(=O)NCCO,327.553,5.356,49.33,2,2,18,0,23,2.0
CHEMBL171623,"1,4-BUTANEDIOL",OCCCCO,90.122,-0.249,40.46,2,2,3,0,6,2.0
CHEMBL171637,PHYSODIC ACID,CCCCCC(=O)Cc1cc(O)cc2c1C(=O)Oc1cc(O)c(C(=O)O)c(CCCCC)c1O2,470.518,5.546,130.36,3,7,11,2,34,0.0
CHEMBL171679,ASPARTAME,COC(=O)[C@H](Cc1ccccc1)NC(=O)[C@@H](N)CC(=O)O,294.307,-0.311,118.72,3,5,7,1,21,1.0
CHEMBL172045,HEPTAFLUOROBUTYRAMIDE,NC(=O)C(F)(F)C(F)(F)C(F)(F)F,213.052,1.305,43.09,1,1,2,0,13,3.0
CHEMBL172064,E324,CCOc1ccc2c(c1)C(C)=CC(C)(C)N2,217.312,3.693,21.26,1,2,2,1,16,4.0
CHEMBL172350,EUPAFOLIN,COc1c(O)cc2oc(-c3ccc(O)c(O)c3)cc(=O)c2c1O,316.265,2.291,120.36,4,7,2,3,23,2.0
CHEMBL172439,SLAZINIC ACID,Cc1cc(O)c(C=O)c2c1C(=O)Oc1c(CO)c(O)c3c(c1O2)C(O)OC3=O,388.284,1.197,159.82,4,10,2,2,28,0.0
CHEMBL172498,DOQUALAST,O=C(O)c1ccc2nc3ccccn3c(=O)c2c1,240.218,1.546,71.67,1,4,1,3,18,2.0
CHEMBL172513,CARNITINE,C[N+](C)(C)CC(O)CC(=O)[O-],161.201,-1.806,60.36,1,3,4,0,11,3.0
CHEMBL172853,MONATEPIL,O=C(CCCN1CCN(c2ccc(F)cc2)CC1)NC1c2ccccc2CSc2ccccc21,475.633,5.239,35.58,1,4,6,3,34,2.0
CHEMBL173183,CARBAMIC ACID PHENYL ESTER,NC(=O)Oc1ccccc1,137.138,1.144,52.32,1,2,1,1,10,3.0
CHEMBL173373,ETHYL PYRUVATE,CCOC(=O)C(C)=O,116.116,0.139,43.37,0,3,2,0,8,3.0
CHEMBL173395,ATRANORIN,COC(=O)c1c(C)cc(OC(=O)c2c(C)cc(O)c(C=O)c2O)c(C)c1O,374.345,2.547,130.36,3,8,4,2,27,1.0
CHEMBL173530,STICTIC ACID,COc1cc(C)c2c(c1C=O)Oc1c(c(C)c(O)c3c1C(O)OC3=O)OC2=O,386.312,2.316,128.59,2,9,2,2,28,1.0
CHEMBL173745,NORZIMELIDINE,CNC/C=C(\c1ccc(Br)cc1)c1cccnc1,303.203,3.495,24.92,1,2,4,2,18,4.0
CHEMBL173809,EMOPAMIL,CC(C)C(C#N)(CCCN(C)CCc1ccccc1)c1ccccc1,334.507,5.059,27.03,0,2,9,2,25,3.0
CHEMBL173929,LUTEIN,CC1=C[C@H](O)CC(C)(C)[C@H]1/C=C/C(C)=C/C=C/C(C)=C/C=C/C=C(C)/C=C/C=C(C)/C=C/C1=C(C)C[C@@H](O)CC1(C)C,568.886,10.403,40.46,2,2,10,0,42,1.0
CHEMBL173930,ETIOPURPURIN,CCOC(=O)C1=Cc2c3nc(cc4nc(cc5[nH]c(cc6[nH]c2c(C)c6CC)c(C)c5CC)C(C)=C4CC)C(C)C13CC,576.785,8.809,83.66,2,4,6,3,43,0.0
CHEMBL174035,DEHYDROASCORBIC ACID,O=C1OC(C(O)CO)C(=O)C1=O,174.108,-2.597,100.9,2,6,2,0,12,1.0
CHEMBL174095,DELERGOTRILE,CN1C[C@@H](CC#N)C[C@@H]2c3cccc4[nH]cc(c34)C[C@H]21,265.36,3.042,42.82,1,2,1,2,20,4.0
CHEMBL174136,ALAFOSALIN,CC(N)C(=O)NCCP(=O)(O)O,196.143,-1.372,112.65,4,3,4,0,12,1.0
CHEMBL174391,"[1,4']Bipiperidinyl",C1CCN(C2CCNCC2)CC1,168.284,1.224,15.27,1,2,1,0,12,3.0
CHEMBL174697,ZOMETAPINE,Cc1nn(C)c2c1C(c1cccc(Cl)c1)=NCCN2,274.755,2.645,42.21,1,4,1,2,19,4.0
CHEMBL174821,E129,COc1cc(S(=O)(=O)[O-])c(C)cc1N=Nc1c(O)ccc2cc(S(=O)(=O)[O-])ccc12.[Na+].[Na+],496.43,-2.906,168.58,1,10,5,3,30,1.0
CHEMBL174839,FERULENOL,CC(C)=CCC/C(C)=C/CC/C(C)=C/Cc1c(O)oc2ccccc2c1=O,366.501,6.46,50.44,1,3,8,2,27,2.0
CHEMBL175247,ORLISTAT,CCCCCCCCCCC[C@@H](C[C@@H]1OC(=O)[C@H]1CCCCCC)OC(=O)[C@H](CC(C)C)NC=O,495.745,6.882,81.7,1,5,23,0,35,1.0
CHEMBL175304,KETOXYMORPHONE,CN1CCC23c4c5ccc(O)c4O[C@H]2C(=O)CC[C@@]3(O)C1C5=O,315.325,0.385,87.07,2,6,0,1,23,1.0
CHEMBL175336,Alizarin Red S,O=C1c2ccccc2C(=O)c2c1cc(S(=O)(=O)[O-])c(O)c2O.[Na+],342.26,-2.219,131.8,2,7,1,2,22,1.0
CHEMBL175436,ANABAENOPEPTIN F,CC[C@H](C)[C@@H]1NC(=O)[C@H](NC(=O)N[C@@H](CCCNC(=N)N)C(=O)O)CCCCNC(=O)[C@H](Cc2ccccc2)NC(=O)[C@H](C)N(C)C(=O)[C@H](CCc2ccc(O)cc2)NC1=O,851.019,0.599,297.27,11,9,14,2,61,0.0
CHEMBL175616,BOSENTAN SODIUM,COc1ccccc1Oc1c([N-]S(=O)(=O)c2ccc(C(C)(C)C)cc2)nc(-c2ncccn2)nc1OCCO.[Na+],573.607,1.801,147.72,1,10,10,4,39,1.0
CHEMBL175633,PRAMICONAZOLE,CC(C)N1CCN(c2ccc(N3CCN(c4ccc(OC[C@H]5OC[C@](Cn6cncn6)(c6ccc(F)cc6F)O5)cc4)CC3)cc2)C1=O,659.738,4.881,88.43,0,9,10,4,48,1.0
CHEMBL175691,RILPIVIRINE,Cc1cc(/C=C/C#N)cc(C)c1Nc1ccnc(Nc2ccc(C#N)cc2)n1,366.428,4.989,97.42,2,6,5,3,28,0.0
CHEMBL175737,GLYCYLSARCOSINE,CN(CC(=O)O)C(=O)CN,146.146,-1.512,83.63,2,3,3,0,10,1.0
CHEMBL175775,MENISPERINE,COc1ccc2c(c1O)-c1c(OC)c(OC)cc3c1C(C2)[N+](C)(C)CC3,356.442,3.315,47.92,1,4,3,2,26,4.0
CHEMBL175782,METHIMEPIP,CN1CCC(Cc2c[nH]cn2)CC1,179.267,1.294,31.92,1,2,2,1,13,3.0
CHEMBL175975,BIS(12)-HUPERZINE B,CC1=CC2Cc3[nH]c(=O)ccc3[C@@]3(C1)[C@@H]2CCCN3C(=O)CN(C)CCCCCCN(C)CC(=O)N1CCC[C@@H]2C3C=C(C)C[C@]21c1ccc(=O)[nH]c1C3,737.002,5.1,112.82,2,6,11,2,54,0.0
CHEMBL176006,NAGILACTONE,CC(C)c1oc(=O)cc2c1C(O)C1OC(=O)C3(C)C(O)C4OC4C2(C)C13,362.378,0.758,109.5,2,7,1,1,26,0.0
CHEMBL176008,NITIDINE,COc1cc2c[n+](C)c3c4cc5c(cc4ccc3c2cc1OC)OCO5,348.378,3.717,40.8,0,4,2,4,26,4.0
CHEMBL176045,FANCHININ,COc1ccc2cc1Oc1ccc(cc1)C[C@H]1c3cc(c(OC)cc3CCN1C)Oc1c(OC)c(OC)cc3c1[C@H](C2)N(C)CC3,622.762,7.162,61.86,0,8,4,4,46,2.0
CHEMBL176049,RHODAMINE123,COC(=O)c1ccccc1-c1c2ccc(=N)cc-2oc2cc(N)ccc12.Cl,380.831,4.475,89.31,2,5,2,2,26,0.0
CHEMBL176132,BIS(18)-HUPERZINE B,CC1=CC2Cc3[nH]c(=O)ccc3[C@@]3(C1)[C@@H]2CCCN3C(=O)CCN(C)CCCCCCCCCCN(C)CCC(=O)N1CCC[C@@H]2C3C=C(C)C[C@]21c1ccc(=O)[nH]c1C3,821.164,7.44,112.82,2,6,17,2,60,0.0
CHEMBL176553,GW631581B,COc1cc(Nc2ncc(-c3ccccc3)o2)cc(OC)c1,296.326,4.102,56.52,1,5,5,3,22,3.0
CHEMBL176570,PSOROMIC ACID,COc1cc(C(=O)O)c2c(c1C)OC(=O)c1c(C)cc(O)c(C=O)c1O2,358.302,2.853,119.36,2,7,3,2,26,2.0
CHEMBL176687,ACESULFAME,CC1=CC(=O)NS(=O)(=O)O1,163.154,-0.719,72.47,1,4,0,0,10,2.0
CHEMBL176857,GW442130X,COc1ccccc1-c1cc(/C=C2\C(=O)Nc3ncc(Br)cc32)cc(Br)c1O,502.162,5.481,71.45,2,4,3,3,28,0.0
CHEMBL177114,MALONIC ACID DIETHYL ESTER,CCOC(=O)CC(=O)OCC,160.169,0.503,52.6,0,4,4,0,11,3.0
CHEMBL177281,AMICARBALIDE,N=C(N)c1cccc(NC(=O)Nc2cccc(C(=N)N)c2)c1,296.334,1.899,140.87,6,3,4,2,22,1.0
CHEMBL177367,SILVER NITRATE,O=[N+]([O-])[O-].[Ag+],169.872,-0.242,66.2,0,3,0,,,3.0
CHEMBL177485,21 METHOD A,O=C(CP(=O)([O-])[O-])NC1(P(=O)([O-])[O-])CCCC1.[Na+].[Na+].[Na+].[Na+],375.073,-14.784,155.48,1,7,4,0,17,1.0
CHEMBL177591,DIMETHYLCARBATE,CN(C)C(=O)O,89.094,0.226,40.54,1,1,0,0,6,3.0
CHEMBL177611,PNU-282987,O=C(N[C@H]1CN2CCC1CC2)c1ccc(Cl)cc1,264.756,2.164,32.34,1,2,2,1,18,4.0
CHEMBL177697,FARNESIFEROL C,C/C(=C\COc1ccc2ccc(=O)oc2c1)CC[C@@H]1C(C)(C)[C@H]2CC[C@]1(C)O2,382.5,5.492,48.67,0,4,6,2,28,2.0
CHEMBL177726,SULFLURAMID,CCNS(=O)(=O)C(F)(F)C(F)(F)C(F)(F)C(F)(F)C(F)(F)C(F)(F)C(F)(F)C(F)(F)F,527.196,4.893,46.17,1,2,9,0,31,2.0
CHEMBL177756,FLUORESCEIN,O=C(O)c1ccccc1-c1c2ccc(=O)cc-2oc2cc(O)ccc12,332.311,3.969,87.74,2,4,2,2,25,2.0
CHEMBL177801,SODIUM DIPICOLINATE,O=C([O-])c1cccc(C(=O)O)n1.[Na+],189.102,-3.853,90.32,1,4,2,1,12,2.0
CHEMBL177820,TETRABROMOBENZOTRIAZOLE,Brc1c(Br)c(Br)c2[nH]nnc2c1Br,434.711,4.008,41.57,1,2,0,2,13,2.0
CHEMBL177837,BROMOPYRUVATE,O=C(O)C(=O)CBr,166.958,0.035,54.37,1,2,2,0,7,3.0
CHEMBL177880,PAMOIC ACID,O=C(O)c1cc2ccccc2c(Cc2c(O)c(C(=O)O)cc3ccccc23)c1O,388.375,4.391,115.06,4,4,4,4,29,0.0
CHEMBL178348,"[2,3'']Bipyridinyl",c1ccc(-c2cccnc2)nc1,156.188,2.144,25.78,0,2,1,2,12,4.0
CHEMBL178459,OLTIPRAZ,Cc1c(-c2cnccn2)ssc1=S,226.351,3.305,25.78,0,5,1,2,13,4.0
CHEMBL178654,HKI-357,CCOc1cc2ncc(C#N)c(Nc3ccc(OCc4cccc(F)c4)c(Cl)c3)c2cc1NC(=O)/C=C/CN(C)C,574.056,6.677,99.51,2,7,11,4,41,0.0
CHEMBL178664,THIOUREIDO SULFONAMIDE,NCCCN1CCN(CCCN/N=C(\S)Nc2ccc(S(N)(=O)=O)cc2)CC1,429.616,-0.107,129.08,5,7,10,1,28,0.0
CHEMBL178766,BISARYLMALEIMIDE 2,O=C1NC(=O)C(c2cncc3ccoc23)=C1c1cn2c3c(cccc13)CN(C(=O)N1CCOCC1)CC2,497.511,2.618,109.91,1,7,2,4,37,2.0
CHEMBL178803,BLONANSERIN,CCN1CCN(c2cc(-c3ccc(F)cc3)c3c(n2)CCCCCC3)CC1,367.512,4.689,19.37,0,3,3,2,27,2.0
CHEMBL178862,ANETHOLTRITHION,COc1ccc(-c2cc(=S)ss2)cc1,240.374,4.215,9.23,0,4,2,2,14,3.0
CHEMBL178902,(DIPHENYLMETHYLIDENE)AMINO BENZOATE,O=C(ON=C(c1ccccc1)c1ccccc1)c1ccccc1,301.345,4.296,38.66,0,3,4,3,23,3.0
CHEMBL179188,EBURICOIC ACID,C=C(CC[C@@H](C(=O)O)[C@H]1CC[C@@]2(C)C3=C(CC[C@]12C)[C@@]1(C)CC[C@H](O)C(C)(C)[C@@H]1CC3)C(C)C,470.738,7.79,57.53,2,2,6,0,34,1.0
CHEMBL179229,PYRIPYROPENE A,CC(=O)OCC1(C)C(OC(C)=O)CCC2(C)C3C(=O)C4=C(O)OC(c5cccnc5)C=C4OC3(C)C(OC(C)=O)=CC12,581.618,4.159,147.55,1,11,5,1,42,1.0
CHEMBL179303,ELATERICIN,CC(C)(O)/C=C/C(=O)[C@](C)(O)[C@@H]1C2CC(=O)[C@@]3(C)[C@@H]4C[C@H](O)C(=O)C(C)(C)C4=CC[C@H]3[C@]2(C)C[C@H]1O,502.648,2.538,132.13,4,7,4,0,36,1.0
CHEMBL179311,GW580509X,CCS(=O)(=O)c1ccc(OC)c(Nc2ncc(-c3cccc(OC)c3)o2)c1,388.445,3.896,90.66,1,7,7,3,27,2.0
CHEMBL179393,SULFORAMATE,CS/C(S)=N/CCCC[S+](C)[O-],225.404,1.794,35.42,1,3,5,0,12,3.0
CHEMBL179453,GW622055X,CCS(=O)(=O)c1ccc(OC)c(Nc2ncc(-c3ccccc3Cl)o2)c1,392.864,4.541,81.43,1,6,6,3,26,1.0
CHEMBL179465,GW621970X,CCS(=O)(=O)c1ccc(OC)c(Nc2ncc(-c3cccc(F)c3)o2)c1,376.409,4.027,81.43,1,6,6,3,26,1.0
CHEMBL179512,DEMETHOXYCURCUMIN,COc1cc(/C=C/C(O)=C/C(=O)/C=C/c2ccc(O)cc2)ccc1O,338.359,3.844,86.99,3,5,6,2,25,2.0
CHEMBL179533,BIS(PIVALOYLOXYMETHYL) SUCCINATE,CC(C)(C)C(=O)OCOC(=O)CCC(=O)OCOC(=O)C(C)(C)C,346.376,1.947,105.2,0,8,7,0,24,2.0
CHEMBL179801,PHENYLPHOSPHONIC ACID,O=P(O)(O)c1ccccc1,158.093,0.49,57.53,2,1,1,1,10,2.0
CHEMBL179900,CYCLOCREATINE,NC1=NCCN1CC(=O)O,143.146,-1.299,78.92,2,4,2,0,10,1.0
CHEMBL180022,NERATINIB,CCOc1cc2ncc(C#N)c(Nc3ccc(OCc4ccccn4)c(Cl)c3)c2cc1NC(=O)/C=C/CN(C)C,557.054,5.932,112.4,2,8,11,4,40,0.0
CHEMBL180101,ESREBOXETINE,CCOc1ccccc1O[C@@H](c1ccccc1)[C@@H]1CNCCO1,313.397,3.194,39.72,1,4,6,2,23,4.0
CHEMBL180127,SALUBRINAL,O=C(/C=C/c1ccccc1)NC(NC(=S)Nc1cccc2cccnc12)C(Cl)(Cl)Cl,479.82,5.047,66.05,3,3,5,3,30,1.0
CHEMBL180177,THIOUREIDO SULFONAMIDE,NS(=O)(=O)c1ccc(CC/N=C(\S)NNCCN2CCNCC2)cc1,386.547,-0.838,111.85,5,6,8,1,25,0.0
CHEMBL180239,CURCUMIN PYRAZOLE,COc1cc(/C=C/c2cc(/C=C/c3ccc(O)c(OC)c3)[nH]n2)ccc1O,364.401,4.179,87.6,3,5,6,3,27,0.0
CHEMBL180454,CHLORPHENAMINE MALEATE,CN(C)CCC(c1ccc(Cl)cc1)c1ccccn1.O=C(O)/C=C/C(=O)O,390.867,3.53,90.73,2,4,7,2,19,1.0
CHEMBL180570,MEDRONIC ACID,O=P(O)(O)CP(=O)(O)O,176.001,-0.701,115.06,4,2,2,0,9,1.0
CHEMBL180660,CARBACYCLINE,CCCCC[C@H](O)C/C=C/[C@@H]1C[C@@H](O)[C@H]2C/C(=C/CCCC(=O)O)C[C@H]21,364.526,4.462,77.76,3,3,11,0,26,0.0
CHEMBL180674,ITPP SODIUM SALT,O=P1([O-])OC2C3OP(=O)([O-])OP(=O)([O-])OC3C3OP(=O)([O-])OP(=O)([O-])OC3C2OP(=O)([O-])O1.[Na+].[Na+].[Na+].[Na+].[Na+].[Na+],737.877,-21.764,323.85,0,21,0,0,33,1.0
CHEMBL180675,THIOUREIDO SULFONAMIDE,NCCCN1CCN(CCCN/N=C(\S)NCCc2ccc(S(N)(=O)=O)cc2)CC1,457.67,-0.387,129.08,5,7,12,1,30,0.0
CHEMBL180920,MAGNOLOL,C=CCc1ccc(O)c(-c2cc(CC=C)ccc2O)c1,266.34,4.222,40.46,2,2,5,2,20,2.0
CHEMBL180947,JASPIC ACID,CC(C)=CCC[C@@]1(C)CCC[C@]2(C)[C@@H](Cc3cc(C(=O)O)ccc3O)C(C)=CC[C@@H]12,410.598,7.158,57.53,2,2,6,1,30,1.0
CHEMBL180971,PEPTIDE T,C[C@H](N)C(=O)N[C@@H](CO)C(=O)N[C@H](C(=O)N[C@H](C(=O)N[C@H](C(=O)N[C@@H](CC(N)=O)C(=O)N[C@@H](Cc1ccc(O)cc1)C(=O)N[C@H](C(=O)O)[C@@H](C)O)[C@@H](C)O)[C@@H](C)O)[C@@H](C)O,857.872,-7.849,431.49,16,16,24,1,60,0.0
CHEMBL181031,BISARYLMALEIMIDE 1,O=C1NC(=O)C(c2cnc3cccnn23)=C1c1cn2c3c(cccc13)CN(C(=O)N1CCCCC1)CC2,495.543,2.673,104.84,1,7,2,4,37,2.0
CHEMBL181361,GW693481X,Nc1nc(-c2ccccn2)c(-c2ccc3ncccc3n2)s1,305.366,3.398,77.58,1,6,2,4,22,3.0
CHEMBL181614,ONYCHINE,Cc1ccnc2c1C(=O)c1ccccc1-2,195.221,2.601,29.96,0,2,0,2,15,4.0
CHEMBL181886,PYRUVATE SODIUM,CC(=O)C(=O)[O-].[Na+],110.044,-4.671,57.2,0,3,1,0,6,3.0
CHEMBL181932,OTERACIL,O=C(O)c1nc(=O)[nH]c(=O)[nH]1,157.085,-1.844,115.91,3,4,1,1,11,1.0
CHEMBL181954,NAVEGLITAZAR,CO[C@@H](Cc1ccc(OCCCOc2ccc(Oc3ccccc3)cc2)cc1)C(=O)O,422.477,4.969,74.22,1,5,12,3,31,1.0
CHEMBL182066,RADIPRODIL,O=C(Nc1ccc2nc(O)oc2c1)C(=O)N1CCC(Cc2ccc(F)cc2)CC1,397.406,3.092,95.67,2,5,3,3,29,1.0
CHEMBL182120,VOACANGINE,CC[C@H]1C[C@@H]2CN3CCc4c([nH]c5ccc(OC)cc45)[C@](C(=O)OC)(C2)[C@H]13,368.477,3.264,54.56,1,4,3,2,27,3.0
CHEMBL182283,GW819230X,Cc1ccc(-c2cc3c(NC(=O)C4CC4)ncnc3o2)cc1,293.326,3.547,68.02,1,4,3,3,22,4.0
CHEMBL182319,TALTOBULIN,CN[C@H](C(=O)N[C@H](C(=O)N(C)[C@H](/C=C(\C)C(=O)O)C(C)C)C(C)(C)C)C(C)(C)c1ccccc1,473.658,3.597,98.74,3,4,10,1,34,1.0
CHEMBL182783,GVNACSSLF,CC(C)C[C@H](NC(=O)[C@H](CO)NC(=O)[C@H](CO)NC(=O)[C@H](CS)NC(=O)[C@H](C)NC(=O)[C@H](CC(N)=O)NC(=O)[C@@H](NC(=O)CN)C(C)C)C(=O)N[C@@H](Cc1ccccc1)C(=O)O,897.022,-5.337,379.67,14,14,27,1,62,0.0
CHEMBL182835,PHENYL CINNAMATE,O=C(/C=C/c1ccccc1)Oc1ccccc1,224.259,3.305,26.3,0,2,3,2,17,4.0
CHEMBL182856,E350,O=C([O-])CC(O)C(=O)[O-].[Na+].[Na+],178.051,-9.755,100.49,1,5,3,,,2.0
CHEMBL182928,SODIUM OXALATE,O=C([O-])C(=O)[O-].[Na+].[Na+],133.998,-9.506,80.26,0,4,0,,,2.0
CHEMBL182992,BAICALEIN TRIMETHYL ETHER,COc1cc2oc(-c3ccccc3)cc(=O)c2c(OC)c1OC,312.321,3.486,57.9,0,5,4,3,23,4.0
CHEMBL183320,ISOMAGNOLOL,C=CCc1ccc(Oc2cc(CC=C)ccc2O)cc1,266.34,4.642,29.46,1,2,6,2,20,3.0
CHEMBL183419,CYANIDE,C#N,27.026,0.14,23.79,0,1,0,0,2,3.0
CHEMBL183491,SODIUM FORMATE,O=C[O-].[Na+],68.007,-4.63,40.13,0,2,0,,,3.0
CHEMBL183507,TERREULACTONE A,COc1ccc(-c2cc3c(c(=O)o2)C[C@@]2(O)[C@@]4(C)C(=O)[C@@]5(OC)C(=O)O[C@]4(CC[C@@]2(C)O3)C5(C)C)cc1,510.539,2.83,121.5,1,9,3,2,37,2.0
CHEMBL183513,OROXYLIN A,COc1c(O)cc2oc(-c3ccccc3)cc(=O)c2c1O,284.267,2.88,79.9,2,5,2,3,21,2.0
CHEMBL183814,BIS(4-CARBAMIMIDOYLPHENYL)TEREPHTHALATE,N=C(N)c1ccc(OC(=O)c2ccc(C(=O)Oc3ccc(C(=N)N)cc3)cc2)cc1,402.41,2.693,152.34,4,6,6,3,30,1.0
CHEMBL183869,EPOLACTAENE,C/C=C(\C=C(C)\C=C\CC/C=C(\C)C(=O)[C@]12O[C@H]1C(C)(O)NC2=O)C(=O)OC,389.448,1.88,105.23,2,6,8,0,28,0.0
CHEMBL183993,GW811761X,CCOc1ccc2c(-c3ccnc(Nc4cccc(C(F)(F)F)c4)n3)cnn2n1,400.364,4.347,77.23,1,7,5,4,29,1.0
CHEMBL184023,DESMETHYL MYXOPYRONIN B,CCCC/C(C)=C/C=C(\C)C(=O)c1c(O)cc(CCC/C=C/NC(=O)OC)oc1=O,417.502,4.803,105.84,2,6,11,1,30,0.0
CHEMBL184041,ERTIPROTAFIB,Cc1cc(-c2c3ccccc3c(Br)c3sc(C)c(C)c23)cc(C)c1O[C@H](Cc1ccccc1)C(=O)O,559.525,8.792,46.53,1,3,6,5,36,2.0
CHEMBL184238,URB-597,NC(=O)c1cccc(-c2cccc(OC(=O)NC3CCCCC3)c2)c1,338.407,3.874,81.42,2,3,4,2,25,2.0
CHEMBL184412,DRONEDARONE,CCCCc1oc2ccc(NS(C)(=O)=O)cc2c1C(=O)c1ccc(OCCCN(CCCC)CCCC)cc1,556.769,7.049,88.85,1,6,18,3,39,1.0
CHEMBL184430,ISONIPECOTAMIDE,O=C(O)CC(NC(=O)C1CCN(C(=O)CCCNC2=NCCN2)CC1)c1cccnc1,430.509,0.281,136.02,4,7,9,1,31,0.0
CHEMBL184480,CORONARIDINE HYDROXYINDOLENINE,CC[C@H]1C[C@@H]2CN3CC[C@]4(O)C(=Nc5ccccc54)[C@](C(=O)OC)(C2)[C@H]13,354.45,2.644,62.13,1,5,2,1,26,4.0
CHEMBL184574,DEMETHYLBELLIDIFOLIN,O=c1c2c(O)cc(O)cc2oc2c(O)ccc(O)c12,260.201,1.769,111.13,4,6,0,3,19,1.0
CHEMBL184618,FRAMYCETIN,NC[C@@H]1O[C@H](O[C@H]2[C@@H](O)[C@H](O[C@@H]3[C@@H](O)[C@H](N)C[C@H](N)[C@H]3O[C@H]3O[C@H](CN)[C@@H](O)[C@H](O)[C@H]3N)O[C@@H]2CO)[C@H](N)[C@@H](O)[C@@H]1O,614.65,-8.895,353.11,13,19,9,0,42,0.0
CHEMBL184676,"2,2,3,3-TETRAMETHYLCYCLOPROPANECARBONYLUREA",CC1(C)C(C(=O)NC(N)=O)C1(C)C,184.239,0.864,72.19,2,2,1,0,13,1.0
CHEMBL184999,AL-12182,CC(C)OC(=O)CCC/C=C\CC[C@H]1[C@@H](O)CO[C@@H]1/C=C/[C@@H](O)COc1cccc(Cl)c1,467.002,4.47,85.22,2,6,13,1,32,0.0
CHEMBL185073,PANCURONIUM,CC(=O)O[C@H]1C[C@@H]2CC[C@@H]3[C@H](CC[C@@]4(C)[C@H]3C[C@H]([N+]3(C)CCCCC3)[C@@H]4OC(C)=O)[C@@]2(C)C[C@@H]1[N+]1(C)CCCCC1,572.875,6.111,52.6,0,4,4,0,41,2.0
CHEMBL185151,HEMIASTERLIN,CN[C@H](C(=O)N[C@H](C(=O)N(C)[C@H](/C=C(\C)C(=O)O)C(C)C)C(C)(C)C)C(C)(C)c1cn(C)c2ccccc12,526.722,4.089,103.67,3,5,10,2,38,0.0
CHEMBL185198,CYNOOXIDE ANION,C#[N+][O-],43.025,0.447,27.42,0,1,0,0,3,3.0
CHEMBL185238,GW786460X,Cc1cccc(-c2n[nH]cc2-c2ccc3ncccc3n2)n1,287.326,3.39,67.35,1,4,2,4,22,4.0
CHEMBL185271,SNAP-7941,COCC1=C(C(=O)OC)[C@H](c2ccc(F)c(F)c2)N(C(=O)NCCCN2CCC(c3cccc(NC(C)=O)c3)CC2)C(=O)N1,613.662,4.042,129.31,3,7,10,2,44,0.0
CHEMBL185434,AROXYBUTYNIN,CCN(CC)CC#CCOC(=O)[C@](O)(c1ccccc1)C1CCCCC1,357.494,3.343,49.77,1,4,7,1,26,4.0
CHEMBL185647,TERNIDAZOLE,Cc1ncc([N+](=O)[O-])n1CCCO,185.183,0.482,81.19,1,5,4,1,13,2.0
CHEMBL185692,MACHILIN D,C/C=C/c1ccc(O[C@@H](C)[C@@H](O)c2ccc(O)c(OC)c2)c(OC)c1,344.407,3.943,68.15,2,5,7,2,25,3.0
CHEMBL185753,SPONGIADIOXIN C,Oc1cc(Br)cc2c1Oc1cc(Br)cc(Br)c1O2,436.881,5.578,38.69,1,3,0,2,18,2.0
CHEMBL185776,BELLIDIFOLIN,COc1cc(O)c2c(=O)c3c(O)ccc(O)c3oc2c1,274.228,2.072,100.13,3,6,1,3,20,2.0
CHEMBL185828,SPONGIADIOXIN A,Oc1cc(Br)c(Br)c2c1Oc1cc(Br)cc(Br)c1O2,515.777,6.34,38.69,1,3,0,2,19,2.0
CHEMBL185878,TAUROCHENODEOXYCHOLATE,C[C@H](CCC(=O)NCCS(=O)(=O)O)[C@H]1CC[C@H]2[C@@H]3[C@H](O)C[C@@H]4C[C@H](O)CC[C@]4(C)[C@H]3CC[C@]12C,499.714,3.397,123.93,4,5,7,0,34,1.0
CHEMBL185885,AES-103,O=Cc1ccc(CO)o1,126.111,0.584,50.44,1,3,2,1,9,3.0
CHEMBL185939,GW828525X,FC(F)(F)c1ccc(-c2nn3ncccc3c2-c2ccnc(Nc3ccc4c(c3)OCCO4)n2)cc1,490.445,5.387,86.46,1,8,4,5,36,1.0
CHEMBL186043,CARBAMOYL PHOSPHATE; DI SODIUM,NC(=O)OP(=O)([O-])[O-].[Na+].[Na+],184.983,-8.082,115.51,1,5,1,0,8,2.0
CHEMBL186054,PYRAZOLOPYRIDAZINE 2,COc1ccc(Nc2nccc(-c3cnn4ncccc34)n2)cc1OC,348.366,2.947,86.46,1,8,5,4,26,3.0
CHEMBL186113,GW-328267,CCn1nnc([C@H]2O[C@@H](n3cnc4c(N)nc(N[C@H](CO)Cc5ccccc5)nc43)[C@H](O)[C@@H]2O)n1,482.505,-0.578,195.17,5,14,8,4,35,0.0
CHEMBL186141,ANDROGRAPHOLIDE,C=C1CC[C@@H]2[C@](C)(CO)[C@H](O)CC[C@@]2(C)[C@@H]1C/C=C1/C(=O)OC[C@H]1O,350.455,1.963,86.99,3,5,3,0,25,1.0
CHEMBL186179,MURAGLITAZAR,COc1ccc(OC(=O)N(CC(=O)O)Cc2ccc(OCCc3nc(-c4ccccc4)oc3C)cc2)cc1,516.55,5.366,111.33,1,7,11,4,38,1.0
CHEMBL186213,GW827105X,COc1ccc(-c2nn3ncccc3c2-c2ccnc(Nc3cccc(C(F)(F)F)c3)n2)cc1,462.435,5.624,77.23,1,7,5,5,34,1.0
CHEMBL186311,VALPROPYLHYDROXAMIC ACID,CCCC(CCC)C(=O)NO,159.229,1.708,49.33,2,2,5,0,11,2.0
CHEMBL186314,SODIUM CARBONATE,O=C([O-])[O-].[Na+].[Na+],105.988,-8.439,63.19,0,3,0,,,3.0
CHEMBL186345,PHENOXYMETHYLPHOSPHONATE,O=P(O)(O)COc1ccccc1,188.119,1.201,66.76,2,2,3,1,12,2.0
CHEMBL186357,BRILLIANT GREEN HYDROCHLORIDE,CN(C)c1ccc(C(=C2C=CC(=[N+](C)C)C=C2)c2ccccc2)cc1.[Cl-],364.92,1.398,6.25,0,1,3,2,25,2.0
CHEMBL186366,PINOSYLVIN METHYL ETHER,COc1cc(O)cc(/C=C/c2ccccc2)c1,226.275,3.571,29.46,1,2,3,2,17,4.0
CHEMBL186553,PHENOXYARSONOUS ACID,O[As](O)Oc1ccccc1,202.041,0.035,49.69,2,3,2,,,2.0
CHEMBL186720,PHENYLTOLOXAMINE,CN(C)CCOc1ccccc1Cc1ccccc1,255.361,3.218,12.47,0,2,6,2,19,4.0
CHEMBL186779,JERVINE,CC1=C2C(=O)[C@H]3[C@@H](CC=C4C[C@@H](O)CC[C@@]43C)[C@@H]2CC[C@]12O[C@@H]1C[C@H](C)CN[C@H]1[C@H]2C,425.613,4.181,58.56,2,4,0,0,31,1.0
CHEMBL186784,XANTHONE,O=c1c2ccccc2oc2ccccc12,196.205,2.946,30.21,0,2,0,3,15,4.0
CHEMBL187044,GENTIAKOCHIANIN,COc1cc(O)c2c(=O)c3c(O)c(O)ccc3oc2c1,274.228,2.072,100.13,3,6,1,3,20,2.0
CHEMBL187081,PYRAZOLOPYRIDAZINE 1,COc1cccc(Nc2nccc(-c3cnn4ncccc34)n2)c1,318.34,2.939,77.23,1,7,4,4,24,3.0
CHEMBL187266,TANSHINONE IIA,Cc1coc2c1C(=O)C(=O)c1c-2ccc2c1CCCC2(C)C,294.35,4.248,47.28,0,3,0,2,22,3.0
CHEMBL187460,CRYPTOTANSHINONE,C[C@H]1COC2=C1C(=O)C(=O)c1c2ccc2c1CCCC2(C)C,296.366,3.443,43.37,0,3,0,1,22,4.0
CHEMBL187504,OCHNAFLAVONE,O=c1cc(-c2ccc(Oc3cc(-c4cc(=O)c5c(O)cc(O)cc5o4)ccc3O)cc2)oc2cc(O)cc(O)c12,538.464,5.554,170.8,5,10,4,6,40,0.0
CHEMBL187633,PHOSPHORIC ACID MONOTETRADECYL ESTER,CCCCCCCCCCCCCCOP(=O)(O)O,294.372,4.797,66.76,2,2,14,0,19,2.0
CHEMBL187706,METRONIDAZOLE XANTHATE,Cc1ncc([N+](=O)[O-])n1CCOC(=S)[S-].[Na+],269.283,-2.048,70.19,0,7,4,1,15,2.0
CHEMBL187709,TRIPARANOL,CCN(CC)CCOc1ccc(C(O)(Cc2ccc(Cl)cc2)c2ccc(C)cc2)cc1,438.011,5.848,32.7,1,3,10,3,31,2.0
CHEMBL187711,PHOSPHORIC ACID MONODODECYL ESTER,CCCCCCCCCCCCOP(=O)(O)O,266.318,4.017,66.76,2,2,12,0,17,2.0
CHEMBL187734,TETRADECYLTHIOACETIC ACID,CCCCCCCCCCCCCCSCC(=O)O,288.497,5.505,37.3,1,2,15,0,19,3.0
CHEMBL187784,TESSARIC ACID,C=C(C(=O)O)[C@@H]1CCC2=CC(=O)C[C@H](C)[C@@]2(C)C1,248.322,2.969,54.37,1,2,2,0,18,4.0
CHEMBL187795,THIOPHOSPHORIC ACID DECYL ESTER,CCCCCCCCCCOP(O)(O)=S,254.332,3.353,49.69,2,2,10,0,15,3.0
CHEMBL187829,LEVEMOPAMIL,CC(C)[C@@](C#N)(CCCN(C)CCc1ccccc1)c1ccccc1,334.507,5.059,27.03,0,2,9,2,25,3.0
CHEMBL187927,DIANICLINE,c1cnc2c(c1)O[C@H]1CCN3CC[C@@]1(C2)C3,216.284,1.481,25.36,0,3,0,1,16,3.0
CHEMBL188181,"3,5-O-DIMETHYLPINOSYLVIN",COc1cc(/C=C/c2ccccc2)cc(OC)c1,240.302,3.874,18.46,0,2,4,2,18,4.0
CHEMBL188185,BUNAZOSIN,CCCC(=O)N1CCCN(c2nc(N)c3cc(OC)c(OC)cc3n2)CC1,373.457,2.068,93.81,1,7,5,2,27,2.0
CHEMBL188247,GW832467X,Cc1ccc2c(-c3ccnc(Nc4ccc5c(c4)OCCO5)n3)c(-c3ccc(C(F)(F)F)cc3)nn2n1,504.472,5.695,86.46,1,8,4,5,37,1.0
CHEMBL188257,GW827106X,COc1ccc(-c2nn3ncccc3c2-c2ccnc(Nc3ccc4c(c3)OCCO4)n2)cc1,452.474,4.377,95.69,1,9,5,5,34,1.0
CHEMBL188343,REVERSINE,c1nc2c(NC3CCCCC3)nc(Nc3ccc(N4CCOCC4)cc3)nc2[nH]1,393.495,3.678,90.99,3,7,5,3,29,1.0
CHEMBL188361,GLYCERYL MONOLINOLEATE,CCCCC/C=C\C/C=C\CCCCCCCC(=O)OC[C@@H](O)CO,354.531,4.696,66.76,2,4,17,0,25,2.0
CHEMBL188381,GW806742X,CN(c1ccc(NC(=O)Nc2ccc(OC(F)(F)F)cc2)cc1)c1ccnc(Nc2cccc(S(N)(=O)=O)c2)n1,573.557,5.178,151.57,4,8,8,4,40,0.0
CHEMBL188426,GW807982X,CCOc1ccc2c(-c3ccnc(Nc4cc(OC)cc(C(F)(F)F)c4)n3)cnn2n1,430.39,4.356,86.46,1,8,6,4,31,1.0
CHEMBL188427,ACODAZOLE,CC(=O)N(C)c1ccc(Nc2cc(C)nc3ccc4nc[nH]c4c23)cc1,345.406,4.146,73.91,2,4,3,4,26,1.0
CHEMBL188462,ISPRONICLINE,CN[C@@H](C)C/C=C/c1cncc(OC(C)C)c1,234.343,2.88,34.15,1,3,6,1,17,4.0
CHEMBL188697,LYCHNOPHOROLIDE B,C=C1C(=O)O[C@@H]2/C=C(/CO)C3=CC(=O)[C@@](C)(C[C@H](OC(=O)/C(C)=C/C)[C@@H]12)O3,374.389,1.527,99.13,1,7,3,0,27,1.0
CHEMBL188784,GW828529X,Fc1ccc(Nc2nccc(-c3c(-c4ccc(C(F)(F)F)cc4)nn4ncccc34)n2)cc1F,468.389,5.894,68.0,1,6,4,5,34,2.0
CHEMBL188794,GW829115X,COc1ccc(-c2nn3ncccc3c2-c2ccnc(Nc3ccc(Cl)c(C(F)(F)F)c3)n2)cc1,496.88,6.278,77.23,1,7,5,5,35,1.0
CHEMBL188921,BUFLOMEDIL,COc1cc(OC)c(C(=O)CCCN2CCCC2)c(OC)c1,307.39,2.771,48.0,0,5,8,1,22,4.0
CHEMBL188952,PIRPROFEN,CC(C(=O)O)c1ccc(N2CC=CC2)c(Cl)c1,251.713,2.904,40.54,1,2,3,1,17,4.0
CHEMBL189058,METAQUINE,Clc1ccc2c(Nc3cccc(Nc4ccnc5cc(Cl)ccc45)c3)ccnc2c1,431.326,7.577,49.84,2,4,4,5,30,1.0
CHEMBL189129,MOLEPHANTININ,C=C1C(=O)O[C@H]2[C@H]1[C@@H](OC(=O)/C(C)=C/C)C/C(C)=C/C(=O)/C=C(/C)[C@@H]2O,360.406,2.189,89.9,1,6,2,0,26,2.0
CHEMBL189148,GW829055X,Clc1ccc(-c2nn3ncccc3c2-c2ccnc(Nc3ccccc3)n2)cc1,398.857,5.25,68.0,1,6,4,5,29,2.0
CHEMBL189171,ACEMETACIN,COc1ccc2c(c1)c(CC(=O)OCC(=O)O)c(C)n2C(=O)c1ccc(Cl)cc1,415.829,3.471,94.83,1,6,6,3,29,2.0
CHEMBL189296,THIOPHOSPHORIC ACID TETRADECYL ESTER,CCCCCCCCCCCCCCOP(O)(O)=S,310.44,4.913,49.69,2,2,14,0,19,2.0
CHEMBL189313,TESSARIC ACID METHYL ESTER,C=C(C(=O)OC)[C@@H]1CCC2=CC(=O)C[C@H](C)[C@@]2(C)C1,262.349,3.057,43.37,0,3,2,0,19,4.0
CHEMBL189353,GW809897X,CN(c1ccc(NC(=O)Nc2c(Cl)cccc2Cl)cc1)c1ccnc(Nc2cccc(CS(C)(=O)=O)c2)n1,571.49,6.484,116.32,3,7,8,4,38,0.0
CHEMBL189362,FURFURAL,O=Cc1ccco1,96.085,1.092,30.21,0,2,1,1,7,3.0
CHEMBL189415,GW819077X,FC(F)(F)c1cccc(Nc2nccc(-c3cnn4nc(-c5ccccc5)ccc34)n2)c1,432.409,5.616,68.0,1,6,4,5,32,2.0
CHEMBL189459,GW833373X,Cc1ccc2c(-c3ccnc(Nc4ccccc4)n3)c(-c3ccc(F)cc3)nn2n1,396.429,5.044,68.0,1,6,4,5,30,2.0
CHEMBL189464,"(S,R)-FIDARESTAT",NC(=O)[C@@H]1C[C@@]2(NC(=O)NC2=O)c2cc(F)ccc2O1,279.227,-0.503,110.52,3,4,1,1,20,1.0
CHEMBL189475,LADARIXIN,C[C@@H](C(=O)NS(C)(=O)=O)c1ccc(OS(=O)(=O)C(F)(F)F)cc1,375.346,1.094,106.61,1,6,5,1,23,1.0
CHEMBL189547,PLOGLITAZONE,CCc1ccc(CCOc2ccc(CC3SC(=O)NC3=O)cc2)cc1,355.459,3.765,55.4,1,4,7,2,25,4.0
CHEMBL189568,BULOXIBUTID,CCCCOC(=O)NS(=O)(=O)c1sc(CC(C)C)cc1-c1ccc(Cn2ccnc2)cc1,475.636,5.073,90.29,1,7,10,3,32,1.0
CHEMBL189584,PD-173074,CCN(CC)CCCCNc1ncc2cc(-c3cc(OC)cc(OC)c3)c(NC(=O)NC(C)(C)C)nc2n1,523.682,5.163,113.53,3,8,12,3,38,0.0
CHEMBL189676,SURINABANT,CCc1c(C(=O)NN2CCCCC2)nn(-c2ccc(Cl)cc2Cl)c1-c1ccc(Br)cc1,522.274,6.302,50.16,1,4,5,3,31,2.0
CHEMBL189707,BUDLEIN A,C=C1C(=O)O[C@@H]2/C=C(/CO)C3=CC(=O)[C@@](C)(C[C@@H](OC(=O)/C(C)=C/C)[C@@H]12)O3,374.389,1.527,99.13,1,7,3,0,27,1.0
CHEMBL189827,DEXTROBUPIVACAINE,CCCCN1CCCC[C@@H]1C(=O)Nc1c(C)cccc1C,288.435,3.897,32.34,1,2,5,1,21,4.0
CHEMBL189886,BENZIL,O=C(C(=O)c1ccccc1)c1ccccc1,210.232,2.752,34.14,0,2,3,2,16,4.0
CHEMBL189959,OLEOYL,CCCCCCCC/C=C/CCCCCCCC(=O)OCC(O)COP(=O)(O)O,436.526,5.037,113.29,3,5,20,0,29,0.0
CHEMBL189963,PALBOCICLIB,CC(=O)c1c(C)c2cnc(Nc3ccc(N4CCNCC4)cn3)nc2n(C2CCCC2)c1=O,447.543,2.966,105.04,2,9,5,3,33,1.0
CHEMBL189988,BENZYLSULFONYLBENZENE,O=S(=O)(Cc1ccccc1)c1ccccc1,232.304,2.661,34.14,0,2,3,2,16,4.0
CHEMBL190035,3-Hydroxyphenylacetate,O=C(O)Cc1cccc(O)c1,152.149,1.019,57.53,2,2,2,1,11,2.0
CHEMBL190044,TRIMEBUTINE,CCC(COC(=O)c1cc(OC)c(OC)c(OC)c1)(c1ccccc1)N(C)C,387.476,3.736,57.23,0,6,9,2,28,3.0
CHEMBL190083,TARENFLURBIL,C[C@@H](C(=O)O)c1ccc(-c2ccccc2)c(F)c1,244.265,3.681,37.3,1,1,3,2,18,4.0
CHEMBL190244,CATIONIC AMPHIPHILE,CCCCCCCCCCCCCCCC[N+](C)(C)C[C@@H](OC)[C@@H](C[N+](C)(C)CCCCCCCCCCCCCCCC)OC.[Br-].[Br-],815.002,6.14,18.46,0,2,37,0,46,2.0
CHEMBL190279,ALFAXALONE,CC(=O)[C@H]1CC[C@H]2[C@@H]3CC[C@H]4C[C@H](O)CC[C@]4(C)[C@H]3C(=O)C[C@]12C,332.484,3.774,54.37,1,3,1,0,24,4.0
CHEMBL190333,RWJ-67657,OCCC#Cc1nc(-c2ccc(F)cc2)c(-c2ccncc2)n1CCCc1ccccc1,425.507,5.118,50.94,1,4,7,4,32,2.0
CHEMBL190412,TEGLARINAD CHLORIDE,COCCOCCOCCOCCOC(=O)OC[n+]1ccc(N/C(=N/C#N)NCCCCCCOc2ccc(Cl)cc2)cc1.[Cl-],672.607,0.916,145.77,2,10,23,2,44,0.0
CHEMBL190461,CANNABIDIOL,C=C(C)[C@@H]1CCC(C)=C[C@H]1c1c(O)cc(CCCCC)cc1O,314.469,5.847,40.46,2,2,6,1,23,2.0
CHEMBL190485,ATRIPLICIOLIDTIGLATE,C=C1C(=O)O[C@@H]2/C=C(/C)C3=CC(=O)[C@@](C)(C[C@@H](OC(=O)/C(C)=C/C)[C@@H]12)O3,358.39,2.554,78.9,0,6,2,0,26,3.0
CHEMBL190503,PHENYLMETHYLSULFONYLFLUORIDE,O=S(=O)(F)Cc1ccccc1,174.196,1.486,34.14,0,2,2,1,11,3.0
CHEMBL190662,CYCLOHEXANECARBOXYLIC ACID PENTADECYLAMIDE,CCCCCCCCCCCCCCCNC(=O)C1CCCCC1,337.592,6.774,29.1,1,1,15,0,24,3.0
CHEMBL190677,BENZOIN,O=C(c1ccccc1)C(O)c1ccccc1,212.248,2.603,37.3,1,2,3,2,16,4.0
CHEMBL190755,CUMAMBRIN A,C=C1C(=O)O[C@@H]2[C@H]3C(C)=CC[C@H]3[C@](C)(O)C[C@H](OC(C)=O)[C@@H]12,306.358,1.753,72.83,1,5,1,0,22,2.0
CHEMBL190876,PALMITOYL,CCCCCCCCCCCCCCCC(=O)OCC(O)COP(=O)([O-])O.[Na+],432.47,0.853,116.12,2,6,19,0,27,0.0
CHEMBL190982,"1,4-DICHLOROBENZENE",Clc1ccc(Cl)cc1,147.004,2.993,0.0,0,0,0,1,8,4.0
CHEMBL190989,CATIONIC AMPHIPHILE,CCCCCCCCCCCCCCCC[N+](C)(C)C[C@H](OC)[C@@H](C[N+](C)(C)CCCCCCCCCCCCCCCC)OC.[Br-].[Br-],815.002,6.14,18.46,0,2,37,0,46,2.0
CHEMBL191003,JNJ-7706621,Nc1nc(Nc2ccc(S(N)(=O)=O)cc2)nn1C(=O)c1c(F)cccc1F,394.363,1.218,145.99,3,8,4,3,27,0.0
CHEMBL191044,BENZOXATHIAN,COc1cccc(OC)c1OCCNCC1CSc2ccccc2O1,361.463,3.226,48.95,1,6,8,2,25,3.0
CHEMBL191083,METHYLENE BLUE CATION,CN(C)c1ccc2nc3ccc(=[N+](C)C)cc-3sc2c1,284.408,2.499,19.14,0,3,1,1,20,4.0
CHEMBL191133,DISCRETAMINE,COc1cc2c(cc1O)C1Cc3ccc(OC)c(O)c3CN1CC2,327.38,2.771,62.16,2,5,2,2,24,3.0
CHEMBL191244,2-CHLOROETHANOL,OCCCl,80.514,0.217,20.23,1,1,1,0,4,3.0
CHEMBL191331,CUMAMBRIN B,C=C1C(=O)O[C@@H]2[C@H]3C(C)=CC[C@H]3[C@](C)(O)C[C@H](O)[C@@H]12,264.321,1.182,66.76,2,4,0,0,19,2.0
CHEMBL191334,NUTLIN-3,COc1ccc(C2=N[C@@H](c3ccc(Cl)cc3)[C@@H](c3ccc(Cl)cc3)N2C(=O)N2CCNC(=O)C2)c(OC(C)C)c1,581.5,5.886,83.47,1,5,6,3,40,1.0
CHEMBL191365,THIOPHOSPHORIC ACID DODECYL ESTER,CCCCCCCCCCCCOP(O)(O)=S,282.386,4.133,49.69,2,2,12,0,17,2.0
CHEMBL191412,1-EPITATRIDIN B,C=C1C(=O)O[C@H]2CC(=C)[C@H](O)CC/C(C)=C/[C@@H](O)[C@H]12,264.321,1.492,66.76,2,4,0,0,19,2.0
CHEMBL191413,REPARIXIN,CC(C)Cc1ccc([C@@H](C)C(=O)NS(C)(=O)=O)cc1,283.393,2.064,63.24,1,3,5,1,19,4.0
CHEMBL191481,OCTADECANESULFONYL FLUORIDE,CCCCCCCCCCCCCCCCCCS(=O)(=O)F,336.557,6.547,34.14,0,2,17,0,22,3.0
CHEMBL191482,AR-42,CC(C)[C@H](C(=O)Nc1ccc(C(=O)NO)cc1)c1ccccc1,312.369,3.184,78.43,3,3,5,2,23,2.0
CHEMBL191491,STILONIUM,CC[N+](CC)(CC)CCOc1ccc(/C=C/c2ccccc2)cc1,324.488,5.112,9.23,0,1,9,2,24,3.0
CHEMBL191528,ETHOXYCOUMARIN,CCOc1ccc2ccc(=O)oc2c1,190.198,2.192,39.44,0,3,2,2,14,4.0
CHEMBL191557,DIVERSIFOLIN,C=C(C)C(=O)O[C@@H]1C[C@]2(C)CC[C@@](O)(O2)/C(C)=C\[C@H]2OC(=O)C(=C)[C@@H]21,348.395,2.18,82.06,1,6,2,0,25,3.0
CHEMBL191613,"2,4-DICHLOROPHENYLAMINOMETHYLENEBISPHOSPHONIC ACID",O=P(O)(O)C(Nc1ccc(Cl)cc1Cl)P(=O)(O)O,336.004,2.044,127.09,5,3,4,1,18,2.0
CHEMBL191703,CONESSINE,C[C@H]1[C@H]2CC[C@H]3[C@@H]4CC=C5C[C@@H](N(C)C)CC[C@]5(C)[C@H]4CC[C@]23CN1C,356.598,4.81,6.48,0,2,1,0,26,3.0
CHEMBL191705,GW621431X,CCS(=O)(=O)c1ccc(OC)c(Nc2ncc(-c3cccc(C(C)=O)c3)o2)c1,400.456,4.09,98.5,1,7,7,3,28,1.0
CHEMBL191819,DESMOTUMOTIN B,CC1=C(O)C(C)(C)c2oc(-c3ccccc3)cc(=O)c2C1=O,296.322,3.613,67.51,1,4,1,2,22,4.0
CHEMBL191881,LEUPEPTIN,CC(=O)N[C@@H](CC(C)C)C(=O)N[C@@H](CC(C)C)C(=O)N[C@H](C=O)CCCNC(=N)N,426.562,0.015,166.27,6,5,14,0,30,0.0
CHEMBL191886,CICLETANINE,Cc1ncc2c(c1O)COC2c1ccc(Cl)cc1,261.708,3.369,42.35,1,3,1,2,18,4.0
CHEMBL191896,OLEOYL,CCCCCCCC/C=C/CCCCCCCC(=O)OCC(O)COP(=O)([O-])O.[Na+],458.508,1.409,116.12,2,6,20,0,29,0.0
CHEMBL191958,GENZ-644282,CNCCn1c(=O)c2cc(OC)c(OC)cc2c2cnc3cc4c(cc3c21)OCO4,407.426,2.668,83.84,1,8,5,4,30,2.0
CHEMBL192069,CENTANAMYCIN,COc1cc2cc(C(=O)Nc3cc(N)c4ccccc4c3CCCl)[nH]c2c(OC)c1OC,453.926,4.963,98.6,3,5,7,4,32,0.0
CHEMBL192181,(CYANOBORANYLIDENE)DIMETHYLPENTYLAMINE,CCCCC[N+](C)(C)[BH2-]C#N,154.066,0.818,23.79,0,1,5,,,3.0
CHEMBL192417,GW632046X,Cc1cccc(Nc2ncc(-c3ccccc3)o2)c1,250.301,4.394,38.06,1,3,3,3,19,3.0
CHEMBL192570,CATIONIC AMPHIPHILE,CCCCCCCCCCCCCCCC[N+](C)(C)CCCC[N+](C)(C)CCCCCCCCCCCCCCCC.[Br-].[Br-],754.95,6.89,0.0,0,0,35,0,42,2.0
CHEMBL192627,CHLORANIL,O=C1C(Cl)=C(Cl)C(=O)C(Cl)=C1Cl,245.876,2.517,34.14,0,2,0,0,12,4.0
CHEMBL192809,"2,3-PENTANEDIONE",CCC(=O)C(C)=O,100.117,0.555,34.14,0,2,2,0,7,3.0
CHEMBL192812,INDENE,C1=Cc2ccccc2C1,116.163,2.256,0.0,0,0,0,1,9,4.0
CHEMBL192820,BUTYLCYCLOHEXANE,CCCCC1CCCCC1,140.27,3.757,0.0,0,0,3,0,10,4.0
CHEMBL192877,DAVIDIGENIN,O=C(CCc1ccc(O)cc1)c1ccc(O)cc1O,258.273,2.619,77.76,3,4,4,2,19,2.0
CHEMBL192899,METHYLPHENYLSULFIDE,CSc1ccccc1,124.208,2.409,0.0,0,1,1,1,8,4.0
CHEMBL192966,FEXARAMINE,COC(=O)/C=C/c1cccc(N(Cc2ccc(-c3ccc(N(C)C)cc3)cc2)C(=O)C2CCCCC2)c1,496.651,6.719,49.85,0,4,8,3,37,2.0
CHEMBL192986,RSM-932A,CN(c1ccc(Cl)cc1)c1cc[n+](Cc2ccc(-c3ccc(C[n+]4ccc(N(C)c5ccc(Cl)cc5)c5ccccc54)cc3)cc2)c2ccccc12.[Br-].[Br-],877.552,5.182,14.24,0,2,9,8,52,2.0
CHEMBL193240,ROFLUMILAST,O=C(Nc1c(Cl)cncc1Cl)c1ccc(OC(F)F)c(OCC2CC2)c1,403.212,5.031,60.45,1,4,7,2,26,2.0
CHEMBL193446,PROPIOPHENONE,CCC(=O)c1ccccc1,134.178,2.279,17.07,0,1,2,1,10,4.0
CHEMBL193482,ESTRIOL,C[C@]12CC[C@@H]3c4ccc(O)cc4CC[C@H]3[C@@H]1C[C@@H](O)[C@@H]2O,288.387,2.58,60.69,3,3,0,1,21,3.0
CHEMBL193524,BUTYROPHENONE,CCCC(=O)c1ccccc1,148.205,2.669,17.07,0,1,3,1,11,4.0
CHEMBL193838,AGELINE A,CC1=CCC[C@H](C)[C@@]1(C)CC/C(C)=C/CC/C(C)=C/Cn1c[n+](C)c2ncnc(N)c21.[Cl-],458.094,2.678,60.61,1,4,8,2,31,3.0
CHEMBL193952,ZIDOVUDINE TRIPHOSPHATE,Cc1cn([C@H]2C[C@H](N=[N+]=[N-])[C@@H](COP(=O)(O)OP(=O)(O)OP(=O)(O)O)O2)c(=O)[nH]c1=O,507.182,0.155,272.67,5,11,9,1,31,0.0
CHEMBL193987,PISIFEROL,CC(C)c1cc2c(cc1O)[C@@]1(CO)CCCC(C)(C)[C@@H]1CC2,302.458,4.518,40.46,2,2,2,1,22,2.0
CHEMBL194014,PROPYLPARABEN,CCCOC(=O)c1ccc(O)cc1,180.203,1.959,46.53,1,3,3,1,13,3.0
CHEMBL194062,GW572399X,NS(=O)(=O)c1ccc(Nc2ncc(-c3ccccc3)o2)cc1,315.354,2.733,98.22,2,5,4,3,22,2.0
CHEMBL194216,SPIROTRAMINE,CN(CCCCCCCCN(C)CCCCCCN1CCC2(CC1)OC(=O)C(c1ccccc1)(c1ccccc1)O2)CCCCCCN1CCC2(CC1)OC(=O)C(c1ccccc1)(c1ccccc1)O2,955.338,10.93,84.02,0,10,27,4,70,1.0
CHEMBL194378,PSILOCYBINE,CN(C)CCc1c[nH]c2cccc(OP(=O)(O)O)c12,284.252,1.744,85.79,3,3,5,2,19,1.0
CHEMBL194399,ENDOSULFAN,O=S1OCC2C(CO1)C1(Cl)C(Cl)=C(Cl)C2(Cl)C1(Cl)Cl,406.929,3.69,35.53,0,3,0,0,19,3.0
CHEMBL194400,HEPTACHLOR,ClC1=C(Cl)C2(Cl)C3C(Cl)C=CC3C1(Cl)C2(Cl)Cl,373.321,5.242,0.0,0,0,0,0,17,2.0
CHEMBL194458,"2,4,5-TRICHLOROPHENOXYACETIC ACID",O=C(O)COc1cc(Cl)c(Cl)cc1Cl,255.484,3.11,46.53,1,2,3,1,14,4.0
CHEMBL194485,MAMMEISIN,CC(C)=CCc1c(O)c(C(=O)CC(C)C)c(O)c2c(-c3ccccc3)cc(=O)oc12,406.478,5.609,87.74,2,5,6,3,30,0.0
CHEMBL194587,APICULAREN A,CC/C=C\C=C/C(=O)N/C=C/C[C@H]1C[C@H]2C[C@H](O)C[C@H](Cc3cccc(O)c3C(=O)O1)O2,441.524,3.315,105.09,3,6,6,1,32,1.0
CHEMBL194823,LIPOCRINE,O=C(CCCCC1CCSS1)NCCCNc1c2c(nc3cc(Cl)ccc13)CCCC2,478.127,6.399,54.02,2,5,10,2,31,1.0
CHEMBL194931,QUINALDINE,Cc1ccc2ccccc2n1,143.189,2.543,12.89,0,1,0,2,11,4.0
CHEMBL195008,NECROSTATIN,CN1C(=O)C(Cc2c[nH]c3ccccc23)NC1=S,259.334,1.425,48.13,2,2,2,2,18,2.0
CHEMBL195013,MAMMEIGIN,CC(C)CC(=O)c1c2c(c3oc(=O)cc(-c4ccccc4)c3c1O)C=CC(C)(C)O2,404.462,5.579,76.74,1,5,4,3,30,1.0
CHEMBL195296,SUGIOL,CC(C)c1cc2c(cc1O)[C@@]1(C)CCCC(C)(C)[C@@H]1CC2=O,300.442,5.186,37.3,1,2,1,1,22,3.0
CHEMBL195340,IODOSALINOSPORAMIDE,C[C@@]12OC(=O)[C@]1([C@@H](O)[C@@H]1C=CCCC1)NC(=O)[C@@H]2CCI,405.232,1.329,75.63,2,4,4,0,21,0.0
CHEMBL195416,ISOAUROSTATIN,O=C1Oc2cc(O)ccc2/C1=C\c1ccc(O)cc1,254.241,2.557,66.76,2,4,1,2,19,3.0
CHEMBL195437,4-OCTYLPHENOL,CCCCCCCCc1ccc(O)cc1,206.329,4.295,20.23,1,1,7,1,15,3.0
CHEMBL195441,BUTYLBENZYL,CCCCc1ccccc1,134.222,3.029,0.0,0,0,3,1,10,4.0
CHEMBL195491,DEHYDROILLUDIN M,CC1=C2C(=O)C(C)(C)C=C2C(=O)[C@](C)(O)C12CC2,246.306,1.952,54.37,1,3,0,0,18,3.0
CHEMBL195520,PHOSPHORIC ACID MONOHYDRAZINOCARBONYLMETHYL ESTER,NNC(=O)COP(=O)(O)O,170.061,-1.914,121.88,4,4,3,0,10,1.0
CHEMBL195560,ISOPHENOXODIOL,Oc1ccc(C2=COc3cc(O)ccc3C2)cc1,240.258,3.074,49.69,2,3,1,2,18,3.0
CHEMBL195624,(E)-4-STYRYLPHENOL,Oc1ccc(/C=C/c2ccccc2)cc1,196.249,3.563,20.23,1,1,2,2,15,4.0
CHEMBL195882,ISOBUTYLBENZENE,CC(C)Cc1ccccc1,134.222,2.885,0.0,0,0,2,1,10,4.0
CHEMBL195923,D-GALACTOSE,OC[C@H]1OC(O)[C@H](O)[C@@H](O)[C@H]1O,180.156,-3.221,110.38,5,6,1,0,12,1.0
CHEMBL195953,ALDRIN,ClC1=C(Cl)C2(Cl)C3C4C=CC(C4)C3C1(Cl)C2(Cl)Cl,364.914,5.27,0.0,0,0,0,0,18,2.0
CHEMBL196003,PROMEGESTONE,CCC(=O)[C@@]1(C)CC[C@H]2[C@@H]3CCC4=CC(=O)CCC4=C3CC[C@@]21C,326.48,5.178,34.14,0,2,2,0,24,3.0
CHEMBL196022,GW642125X,COc1ccc(-c2coc3ncnc(N)c23)cc1,241.25,2.481,74.17,1,5,2,3,18,3.0
CHEMBL196125,PERACETYLPECTOLINARIN,COc1ccc(-c2cc(=O)c3c(O)c(OC)c(O[C@@H]4O[C@H](CO[C@@H]5O[C@@H](C)[C@H](O)[C@@H](OC(C)=O)[C@H]5O)[C@@H](O)[C@H](O)[C@H]4O)cc3o2)cc1,664.613,-0.216,233.27,6,16,9,3,47,0.0
CHEMBL196157,CYCLOMAMMEISIN,CC(C)CC(=O)c1c2c(c3oc(=O)cc(-c4ccccc4)c3c1O)C[C@@H](C(C)(C)O)O2,422.477,4.469,96.97,2,6,5,3,31,0.0
CHEMBL196228,EPITESTOSTERONE,C[C@]12CC[C@H]3[C@@H](CCC4=CC(=O)CC[C@@]43C)[C@@H]1CC[C@H]2O,288.431,3.879,37.3,1,2,0,0,21,4.0
CHEMBL196358,THIOLACTONE,CC1=C(O)SC(C)C1=O,144.195,1.48,37.3,1,3,0,0,9,3.0
CHEMBL196537,CHLORDANE,ClC1=C(Cl)C2(Cl)C3C(Cl)C(Cl)CC3C1(Cl)C2(Cl)Cl,409.782,5.683,0.0,0,0,0,0,18,2.0
CHEMBL196731,"TRANS-4,4'-DIHYDROXYSTILBENE",Oc1ccc(/C=C/c2ccc(O)cc2)cc1,212.248,3.268,40.46,2,2,2,2,16,3.0
CHEMBL196812,2-BENZOYLBENZOIC ACID,O=C(O)c1ccccc1C(=O)c1ccccc1,226.231,2.616,54.37,1,2,3,2,17,4.0
CHEMBL197035,LINARIIN,COc1ccc(-c2cc(=O)c3c(O)c(O)c(O[C@@H]4OC(CO[C@@H]5OC(C)[C@H](OC(C)=O)[C@H](O)C5O)[C@@H](O)C(O)[C@@H]4O)cc3o2)cc1,650.586,-0.519,244.27,7,16,8,3,46,0.0
CHEMBL197069,MESUOL,CC(C)=CCc1c(O)c(C(=O)C(C)C)c(O)c2c(-c3ccccc3)cc(=O)oc12,392.451,5.219,87.74,2,5,5,3,29,0.0
CHEMBL197084,TROFINETIDE,C[C@@]1(C(=O)N[C@@H](CCC(=O)O)C(=O)O)CCCN1C(=O)CN,315.326,-1.24,150.03,4,5,7,0,22,1.0
CHEMBL197088,ISOLINARIIN A,COc1ccc(-c2cc(=O)c3c(O)c(OC)c(O[C@@H]4OC(CO[C@@H]5OC(C)[C@H](O)[C@H](O)C5OC(C)=O)[C@@H](O)[C@H](O)C4O)cc3o2)cc1,664.613,-0.216,233.27,6,16,9,3,47,0.0
CHEMBL197194,VIDOFLUDIMUS,COc1cccc(-c2ccc(NC(=O)C3=C(C(=O)O)CCC3)c(F)c2)c1,355.365,4.005,75.63,2,3,5,2,26,1.0
CHEMBL197199,ARGIFIN,CNC(=O)NC(=N)NCCC[C@@H]1NC(=O)[C@@H](C)NC(=O)C[C@@H](C(=O)O)NC(=O)C[C@@H](C(=O)O)NC(=O)[C@H](Cc2ccccc2)N(C)C1=O,675.7,-2.788,288.32,10,9,8,1,48,0.0
CHEMBL197308,FERRUGINOL,CC(C)c1cc2c(cc1O)[C@@]1(C)CCCC(C)(C)[C@@H]1CC2,286.459,5.546,20.23,1,1,1,1,21,3.0
CHEMBL197309,TRENBOLONE,C[C@]12C=CC3=C4CCC(=O)C=C4CCC3C1CC[C@@H]2O,270.372,3.329,37.3,1,2,0,0,20,4.0
CHEMBL197310,18-HYDROXYFERRUGINOL,CC(C)c1cc2c(cc1O)[C@@]1(C)CCC[C@@](C)(CO)[C@@H]1CC2,302.458,4.518,40.46,2,2,2,1,22,2.0
CHEMBL197402,LUTEIN DIPHOSPHATE SODIUM SALT,CC1=CC(OP(=O)([O-])[O-])CC(C)(C)C1/C=C/C(C)=C/C=C/C(C)=C/C=C/C=C(C)/C=C/C=C(C)/C=C/C1=C(C)CC(OP(=O)([O-])[O-])CC1(C)C.[Na+].[Na+].[Na+].[Na+],816.772,-3.875,144.84,0,8,14,0,50,1.0
CHEMBL197585,DATELLIPTIUM,CCN(CC)CC[n+]1ccc2c(C)c3[nH]c4ccc(O)cc4c3c(C)c2c1,362.497,4.426,43.14,2,2,5,4,27,1.0
CHEMBL197589,LG-190178,CCC(CC)(c1ccc(OCC(O)CO)c(C)c1)c1ccc(OCC(O)C(C)(C)C)c(C)c1,458.639,4.927,79.15,3,5,11,2,33,0.0
CHEMBL197655,MANSONONE F,CC1=COC2=C(C)C(=O)C(=O)c3c(C)ccc1c32,240.258,2.882,43.37,0,3,0,1,18,4.0
CHEMBL197669,ST1535,CCCCc1nc(N)c2nc(-n3nccn3)n(C)c2n1,272.316,0.869,100.33,1,8,4,3,20,2.0
CHEMBL197672,EMRICASAN,C[C@H](NC(=O)C(=O)Nc1ccccc1C(C)(C)C)C(=O)N[C@@H](CC(=O)O)C(=O)COc1c(F)c(F)cc(F)c1F,569.508,2.591,150.9,4,6,10,2,40,1.0
CHEMBL197676,INDOXACARB,COC(=O)N(C(=O)N1CO[C@@]2(C(=O)OC)Cc3cc(Cl)ccc3C2=N1)c1ccc(OC(F)(F)F)cc1,527.839,4.093,106.97,0,8,3,2,36,1.0
CHEMBL197916,CUDRAXANTHONE L,C=CC(C)(C)c1c(O)cc2oc3c(CC=C(C)C)c(O)c(O)cc3c(=O)c2c1O,396.439,4.741,111.13,4,6,4,3,29,0.0
CHEMBL198075,CRYPTOPLEURINE,COc1ccc2c3c(c4cc(OC)c(OC)cc4c2c1)C[C@H]1CCCCN1C3,377.484,4.929,30.93,0,4,3,3,28,2.0
CHEMBL198103,MESUOL CYCLO F,CC(C)C(=O)c1c2c(c3oc(=O)cc(-c4ccccc4)c3c1O)C[C@@H](C(C)(C)O)O2,408.45,4.079,96.97,2,6,4,3,30,0.0
CHEMBL198157,DICHLOROPHENOL INDOPHENOL,O=C1C=CC(=Nc2cc(Cl)c(O)c(Cl)c2)C=C1,268.099,3.467,49.66,1,3,1,1,17,4.0
CHEMBL198362,RIVAROXABAN,O=C(NC[C@H]1CN(c2ccc(N3CCOCC3=O)cc2)C(=O)O1)c1ccc(Cl)s1,435.889,2.52,88.18,1,6,5,2,29,2.0
CHEMBL198546,MESUAGIN,CC(C)C(=O)c1c2c(c3oc(=O)cc(-c4ccccc4)c3c1O)C=CC(C)(C)O2,390.435,5.189,76.74,1,5,3,3,29,1.0
CHEMBL198808,COLCHINOL,COc1cc2c(c(OC)c1OC)-c1ccc(O)cc1[C@@H](N)CC2,315.369,3.031,73.94,2,5,3,2,23,2.0
CHEMBL198814,BROMODEOXYTOPSENTIN,O=C(c1ncc(-c2c[nH]c3cc(Br)ccc23)[nH]1)c1c[nH]c2ccccc12,405.255,5.033,77.33,3,2,3,5,26,0.0
CHEMBL198873,ISODISPAR B,CC(C)CC(=O)c1c(O)cc(O)c2c(-c3ccccc3)cc(=O)oc12,338.359,4.1,87.74,2,5,4,3,25,1.0
CHEMBL198877,AUS-131,Oc1ccc([C@H]2COc3cc(O)ccc3C2)cc1,242.274,2.817,49.69,2,3,1,2,18,3.0
CHEMBL198938,OCTADECYLPHOSPHONOCHOLINE,CCCCCCCCCCCCCCCCCCOP(=O)([O-])OCC[N+](C)(C)C,435.63,6.456,58.59,0,4,22,0,29,2.0
CHEMBL199295,PULVINONE,O=C1O/C(=C\c2ccccc2)C(O)=C1c1ccccc1,264.28,3.554,46.53,1,3,2,2,20,4.0
CHEMBL199304,ISOCUDRANIAXANTHONE B,C=CC(C)(C)c1c(OC)cc(O)c2c(=O)c3ccc(O)c(O)c3oc12,342.347,3.535,100.13,3,6,3,3,25,2.0
CHEMBL199341,HEXYLITACONIC ACID,C=C(C(=O)O)C(CCCCCC)C(=O)O,214.261,2.298,74.6,2,2,8,0,15,2.0
CHEMBL199381,N'-(2-HYDROXYBENZYLIDENE)NICOTINOHYDRAZIDE,O=C(N/N=C/c1ccccc1O)c1cccnc1,241.25,1.551,74.58,2,4,3,2,18,1.0
CHEMBL200022,CLAFICAPAVIR,O=C(O)CCN1C(=O)/C(=C/c2ccc(-c3ccc(Cl)cc3)o2)SC1=S,393.873,4.276,70.75,1,5,5,2,25,1.0
CHEMBL200102,PU-H71,CC(C)NCCCn1c(Sc2cc3c(cc2I)OCO3)nc2c(N)ncnc21,512.377,3.281,100.11,2,9,7,3,28,1.0
CHEMBL200177,MK-0777,CCn1ncnc1COc1nn2c(-c3ccccc3F)nnc2cc1C(C)(C)C,395.442,3.418,83.02,0,8,5,4,29,2.0
CHEMBL200199,BIPHALIN,C[C@@H](NC(=O)[C@@H](N)Cc1ccc(O)cc1)C(=O)NCC(=O)N[C@@H](Cc1ccccc1)C(=O)NNC(=O)[C@H](Cc1ccccc1)NC(=O)CNC(=O)[C@@H](C)NC(=O)[C@@H](N)Cc1ccc(O)cc1,909.014,-1.618,325.3,12,12,22,4,66,0.0
CHEMBL200429,CUDRAXANTHONE C,C=CC(C)(C)c1c(O)cc(O)c2c(=O)c3c(CC=C(C)C)c(OC)c(O)cc3oc12,410.466,5.044,100.13,3,6,5,3,30,0.0
CHEMBL200446,CLOPENPHENDIOXAN,COc1cccc(OC)c1OCCNCCOc1ccccc1OCc1ccc(Cl)cc1,457.954,4.984,58.18,1,6,13,3,32,2.0
CHEMBL200551,DECARBOXYDEMETHYLLAVENDAMYCIN,NC1=CC(=O)c2ccc(-c3[nH]ccc4c5ccccc5nc3-4)nc2C1=O,340.342,2.951,101.73,2,5,1,2,26,2.0
CHEMBL200640,CUDRATRICUSXANTHONE A,C=CC(C)(C)c1c(O)cc(O)c2c(=O)c3c(CC=C(C)C)c(O)c(O)cc3oc12,396.439,4.741,111.13,4,6,4,3,29,0.0
CHEMBL200715,(-)-CATECHIN,Oc1cc(O)c2c(c1)O[C@@H](c1ccc(O)c(O)c1)[C@H](O)C2,290.271,1.546,110.38,5,6,1,2,21,1.0
CHEMBL200793,DEAMINODECARBOXYDEMETHYLLAVENDAMYCIN,O=C1C=CC(=O)c2nc(-c3[nH]ccc4c5ccccc5nc3-4)ccc21,325.327,3.665,75.71,1,4,1,2,25,3.0
CHEMBL200899,CALLYSTATIN A,CCC(=C/[C@H](C)C/C=C/C(C)=C/[C@@H](C)C(=O)[C@@H](C)[C@H](O)[C@@H](C)CC)/C=C/[C@H]1CC=CC(=O)O1,456.667,6.528,63.6,1,4,13,0,33,2.0
CHEMBL200935,DEAZANEPLANOCIN A,Nc1ncnc2c1ccn2[C@@H]1C=C(CO)[C@@H](O)[C@H]1O,262.269,-0.791,117.42,4,7,2,2,19,1.0
CHEMBL200979,BRASSITIN,CSC(=O)NCc1c[nH]c2ccccc12,220.297,2.741,44.89,2,2,2,2,15,3.0
CHEMBL201070,HEXADECYLTRIBUTYLAMMONIUM BROMIDE,CCCC[N+](CCCC)(CCCC)CCCCCCCCCCCCCCCC[N+](CCCC)(CCCC)CCCC.[Br-].[Br-],754.95,6.89,0.0,0,0,35,0,42,2.0
CHEMBL201083,4-HYDROXYACETOPHENONE,CC(=O)c1ccc(O)cc1,136.15,1.595,37.3,1,2,1,1,10,3.0
CHEMBL201094,FUBERIDAZOLE,c1coc(-c2nc3ccccc3[nH]2)c1,184.198,2.823,41.82,1,2,1,3,14,4.0
CHEMBL201152,COLUMBIANETIN,CC(C)(O)[C@@H]1Cc2c(ccc3ccc(=O)oc23)O1,246.262,1.867,59.67,1,4,1,2,18,3.0
CHEMBL201358,HELICIDE,O=Cc1ccc(O[C@@H]2O[C@H](CO)[C@@H](O)[C@@H](O)[C@H]2O)cc1,284.264,-1.322,116.45,4,7,4,1,20,1.0
CHEMBL201455,METHOXIME CHLORIDE,O/N=C/c1cc[n+](C[n+]2ccc(/C=N/O)cc2)cc1.[Cl-].[Cl-],329.187,-5.608,72.94,2,4,4,2,19,1.0
CHEMBL201511,MALEIMIDE,COc1cc(C2=C(c3c[nH]c4ccccc34)C(=O)NC2=O)cc(OC)c1OC,378.384,2.761,89.65,2,5,5,3,28,1.0
CHEMBL201515,MASLINIC ACID,CC1(C)CC[C@]2(C(=O)O)CC[C@]3(C)C(=CC[C@@H]4[C@@]5(C)C[C@@H](O)[C@H](O)C(C)(C)[C@@H]5CC[C@]43C)[C@@H]2C1,472.71,6.204,77.76,3,3,1,0,34,0.0
CHEMBL201643,CYCLOCARPOSIDE,C[C@@H]1O[C@@H](O[C@H]2C[C@@H]3[C@]4(CC[C@]5(C)[C@@H]([C@@]6(C)CC[C@@H](C(C)(C)O)O6)[C@@H](O)C[C@@]35C)C[C@@]43CC[C@H](O[C@@H]4OC[C@@H](O)[C@H](O)[C@H]4O)C(C)(C)[C@H]23)[C@H](O)[C@H](O)[C@H]1O,768.982,1.752,207.99,8,13,6,0,54,0.0
CHEMBL201761,SALINAZID,O=C(N/N=C/c1ccccc1O)c1ccncc1,241.25,1.551,74.58,2,4,3,2,18,1.0
CHEMBL201820,BENZYL MASLINATE,CC1(C)CC[C@]2(C(=O)OCc3ccccc3)CC[C@]3(C)C(=CC[C@@H]4[C@@]5(C)C[C@@H](O)[C@H](O)C(C)(C)[C@@H]5CC[C@]43C)[C@@H]2C1,562.835,7.863,66.76,2,4,3,1,41,1.0
CHEMBL201858,4-(BENZYLIDENEAMINO)PHENOL,Oc1ccc(/N=C/c2ccccc2)cc1,197.237,3.143,32.59,1,2,2,2,15,4.0
CHEMBL201896,THYRONAMINE,NCCc1ccc(Oc2ccc(O)cc2)cc1,229.279,2.686,55.48,2,3,4,2,17,3.0
CHEMBL201960,PYROVALERONE,CCCC(C(=O)c1ccc(C)cc1)N1CCCC1,245.366,3.442,20.31,0,2,5,1,18,4.0
CHEMBL202132,PARAHYDROXYBENZYL ALCOHOL,OCc1ccc(O)cc1,124.139,0.885,40.46,2,2,1,1,9,2.0
CHEMBL202221,HALOXYSTEROL A,CC[C@H](C[C@@H](O)[C@@H](C)[C@H]1CCC2C3CC=C4C[C@@H](O)C[C@H](O)[C@]4(C)C3CC[C@@]21C)C(C)C,446.716,5.966,60.69,3,3,6,0,32,1.0
CHEMBL202223,HALOXYSTEROL B,CC[C@H](C[C@@H](O)[C@@H](C)[C@H]1CCC2C3C=CC4=C[C@@H](O)C[C@H](O)[C@]4(C)C3CC[C@@]21C)C(C)C,444.7,5.742,60.69,3,3,6,0,32,1.0
CHEMBL202346,MASLINIC ACID METHYL ESTER,COC(=O)[C@]12CCC(C)(C)C[C@H]1C1=CC[C@@H]3[C@@]4(C)C[C@@H](O)[C@H](O)C(C)(C)[C@@H]4CC[C@@]3(C)[C@]1(C)CC2,486.737,6.293,66.76,2,4,1,0,35,1.0
CHEMBL202496,LAWSARITOL,CC[C@H](CC[C@@H](C)[C@H]1CC[C@H]2[C@@H]3CCC4=C[C@@H](O)CC[C@]4(C)[C@H]3CC[C@]12C)C(C)C,414.718,8.025,20.23,1,1,6,0,30,2.0
CHEMBL202844,N-TRANS-FERULOYLDOPAMINE,COc1cc(/C=C/C(=O)NCCc2ccc(O)c(O)c2)ccc1O,329.352,2.184,99.02,4,5,6,2,24,2.0
CHEMBL202891,GW679410X,COc1ccc(-c2cc(-c3c[nH]nc3-c3ccccn3)ccn2)cc1,328.375,4.209,63.69,1,4,4,4,25,3.0
CHEMBL202996,THIOGENISTEIN,Oc1ccc(-c2coc3cc(O)cc(O)c3c2=S)cc1,286.308,3.946,73.83,3,5,1,3,20,2.0
CHEMBL203125,FOSMIDOMYCIN,O=CN(O)CCCP(=O)(O)O,183.1,-0.598,98.07,3,3,5,0,11,1.0
CHEMBL203135,BERBERRUBINE,COc1ccc2cc3[n+](cc2c1O)CCc1cc2c(cc1-3)OCO2,322.34,2.793,51.8,1,4,1,3,24,4.0
CHEMBL203187,ETHIONINE,CCSCC[C@H](N)C(=O)O,163.242,0.542,63.32,2,3,5,0,10,2.0
CHEMBL203191,KRESOXIM-METHYL,CO/N=C(/C(=O)OC)c1ccccc1COc1ccccc1C,313.353,3.098,57.12,0,5,6,2,23,4.0
CHEMBL203266,TRIMETAZIDINE,COc1ccc(CN2CCNCC2)c(OC)c1OC,266.341,1.118,42.96,1,5,5,1,19,3.0
CHEMBL203321,BRINCIDOFOVIR,CCCCCCCCCCCCCCCCOCCCOP(=O)(O)CO[C@H](CO)Cn1ccc(N)nc1=O,561.701,5.251,146.13,3,9,26,1,38,0.0
CHEMBL203567,RO-3201195,Nc1c(C(=O)c2cccc(OC[C@@H](O)CO)c2)cnn1-c1ccc(F)cc1,371.368,1.557,110.6,3,7,7,3,27,0.0
CHEMBL203665,RELACATIB,CC(C)C[C@H](NC(=O)c1cc2ccccc2o1)C(=O)N[C@H]1CC[C@@H](C)N(S(=O)(=O)c2ccccn2)CC1=O,540.642,2.899,138.68,2,7,8,3,38,1.0
CHEMBL203666,PIROXANTRONE,NCCCNc1ccc2c3c(nn2CCNCCO)-c2c(O)ccc(O)c2C(=O)c13,411.462,1.001,145.66,6,9,9,3,30,0.0
CHEMBL203844,NUPHARIDINE,C[C@H]1CC[C@H]2[C@H](C)CC[C@@H](c3ccoc3)[N+]2([O-])C1,249.354,3.864,36.2,0,2,1,1,18,4.0
CHEMBL204021,DARAPLADIB,CCN(CC)CCN(Cc1ccc(-c2ccc(C(F)(F)F)cc2)cc1)C(=O)Cn1c(SCc2ccc(F)cc2)nc(=O)c2c1CCC2,666.785,7.22,58.44,0,6,13,4,47,2.0
CHEMBL204232,NAPHTHYRIDINONE,CC(=O)Nc1c(C(C)=O)c(=O)n(C)c2nc(-c3ccc(Cl)cc3Cl)c(-c3ccc(Cl)cc3)cc12,514.796,6.389,81.06,1,5,4,4,34,1.0
CHEMBL204240,IMEPITOIN,O=C1N=C(N2CCOCC2)CN1c1ccc(Cl)cc1,279.727,2.011,45.14,0,3,1,1,19,4.0
CHEMBL204385,ADENOPHOSTIN A,Nc1ncnc2c1ncn2[C@@H]1O[C@H](CO)[C@@H](O[C@H]2O[C@H](CO)[C@@H](OP(=O)(O)O)[C@H](OP(=O)(O)O)[C@H]2O)[C@H]1OP(=O)(O)O,669.323,-3.805,358.28,10,17,11,2,42,0.0
CHEMBL204484,PUREALIDIN A,NCCCOc1c(Br)cc(C/C(=N/O)C(=O)NCCc2c[nH]c(N)n2)cc1Br,518.21,1.976,151.64,5,7,10,2,28,0.0
CHEMBL204656,ELVITEGRAVIR,COc1cc2c(cc1Cc1cccc(Cl)c1F)c(=O)c(C(=O)O)cn2[C@H](CO)C(C)C,447.89,4.281,88.76,2,5,7,3,31,0.0
CHEMBL204677,METHYLDAVALLIALACTONE,COc1cc(/C=C/c2cc(O)c([C@H]3C(=O)C=C(C)O[C@@H]3c3ccc(O)c(O)c3)c(=O)o2)ccc1O,478.453,3.969,146.66,4,9,5,3,35,1.0
CHEMBL204694,BEFETUPITANT,Cc1ccccc1-c1cc(N2CCOCC2)ncc1N(C)C(=O)C(C)(C)c1cc(C(F)(F)F)cc(C(F)(F)F)c1,565.558,6.872,45.67,0,4,5,3,40,2.0
CHEMBL204813,SANGGENON C,CC(C)=CC[C@]12Oc3cc(O)c([C@H]4C=C(C)C[C@H](c5ccc(O)cc5O)[C@H]4C(=O)c4ccc(O)cc4O)c(O)c3C(=O)[C@@]1(O)Oc1cc(O)ccc12,708.716,6.25,214.44,8,12,6,4,52,0.0
CHEMBL204815,LUTEIN DISUCCINATE SODIUM SALT,CC1=CC(OC(=O)CCC(=O)[O-])CC(C)(C)C1/C=C/C(C)=C/C=C/C(C)=C/C=C/C=C(C)/C=C/C=C(C)/C=C/C1=C(C)CC(OC(=O)CCC(=O)[O-])CC1(C)C.[Na+].[Na+],812.996,2.573,132.86,0,8,18,0,56,2.0
CHEMBL204860,MATRINE,O=C1CCC[C@@H]2[C@H]3CCCN4CCC[C@@H](CN12)[C@@H]34,248.37,1.872,23.55,0,2,0,0,18,3.0
CHEMBL204934,GW813360X,COc1cccc(-n2cnc3c(N/N=C/c4ccncc4)ncnc32)c1,345.366,2.665,90.11,1,8,5,4,26,3.0
CHEMBL205002,DEHYDROSAUSSUREALACTONE,C=C[C@]1(C)CC[C@H]2C(=C)C(=O)O[C@@H]2[C@H]1C(=C)C,232.323,3.263,26.3,0,2,2,0,17,4.0
CHEMBL205079,6'-HYDROXYTHIONUPHLUTINE B,C[C@@H]1CC[C@@H](c2ccoc2)N2C[C@@]3(CC[C@@H]12)C[C@]1(CC[C@H]2[C@H](C)CC[C@@H](c4ccoc4)N2[C@@H]1O)CS3,510.744,6.624,52.99,1,6,2,2,36,2.0
CHEMBL205119,EFFUSOL,C=Cc1cc(O)cc2c1-c1ccc(O)c(C)c1CC2,252.313,3.815,40.46,2,2,1,2,19,3.0
CHEMBL205154,TERFENADONE,CC(C)(C)c1ccc(C(=O)CCCN2CCC(C(O)(c3ccccc3)c3ccccc3)CC2)cc1,469.669,6.595,40.54,1,3,8,3,35,2.0
CHEMBL205158,GW695874X,c1ccc(-c2n[nH]cc2-c2ccnc(-c3ccc(OCCN4CCOCC4)cc3)c2)nc1,427.508,3.912,76.16,1,6,7,4,32,2.0
CHEMBL205190,TRIPTONIDE,CC(C)[C@]12O[C@H]1[C@@H]1O[C@@]13[C@@]1(C)CCC4=C(COC4=O)[C@@H]1C[C@@H]1O[C@@]13C2=O,358.39,1.311,80.96,0,6,1,0,26,2.0
CHEMBL205338,FR-900098,CC(=O)N(O)CCCP(=O)(O)O,197.127,-0.208,98.07,3,3,4,0,12,1.0
CHEMBL205356,INOSCAVIN C,CC(=O)c1c(-c2ccc(O)c(O)c2)oc2cc(/C=C/c3ccc(O)c(O)c3)oc(=O)c12,420.373,4.248,141.34,4,8,4,4,31,0.0
CHEMBL205444,METHYLINOSCAVIN C,COc1cc(/C=C/c2cc3oc(-c4ccc(O)c(O)c4)c(C(C)=O)c3c(=O)o2)ccc1O,434.4,4.551,130.34,3,8,5,4,32,0.0
CHEMBL205485,NIVEUSIN A,C=C1C(=O)O[C@@H]2/C=C(/CO)[C@@]3(O)C[C@@H](O)[C@@](C)(C[C@@H](OC(=O)/C(C)=C\C)[C@@H]12)O3,394.42,0.513,122.52,3,8,3,0,28,0.0
CHEMBL205596,CHOLIC ACID,C[C@H](CCC(=O)O)[C@H]1CC[C@H]2[C@@H]3[C@H](O)C[C@@H]4C[C@H](O)CC[C@]4(C)[C@H]3C[C@H](O)[C@]12C,408.579,3.449,97.99,4,4,4,0,29,1.0
CHEMBL205765,GW794726X,CC(=O)Nc1cccc(C#Cc2cncnc2Nc2ccc(OCc3cccc(F)c3)c(Cl)c2)n1,487.922,5.345,89.03,2,6,6,4,35,0.0
CHEMBL205798,GW703087X,CC(=O)Nc1cccc(C#Cc2cncnc2Nc2ccc(OCc3cccc(F)c3)c(Cl)c2)c1,486.934,5.95,76.14,2,5,6,4,35,0.0
CHEMBL205885,HEDYCHILACTONE A,C=C1[C@@H](O)C[C@H]2C(C)(C)CCC[C@]2(C)[C@H]1C/C=C1\CCOC1=O,318.457,4.019,46.53,1,3,2,0,23,3.0
CHEMBL205924,MORACIN O,CC(C)(O)C1Cc2cc3cc(-c4cc(O)cc(O)c4)oc3cc2O1,326.348,3.585,83.06,3,5,2,3,24,2.0
CHEMBL205927,2-((PHENYLIMINO)METHYL)PHENOL,Oc1ccccc1/C=N/c1ccccc1,197.237,3.143,32.59,1,2,2,2,15,4.0
CHEMBL205945,DAVALLIALACTONE,CC1=CC(=O)[C@H](c2c(O)cc(/C=C/c3ccc(O)c(O)c3)oc2=O)[C@@H](c2ccc(O)c(O)c2)O1,464.426,3.666,157.66,5,9,4,3,34,1.0
CHEMBL205966,GW659893X,Nc1ccc(C#Cc2cncnc2Nc2ccc(OCc3cccc(F)c3)c(Cl)c2)cc1,444.897,5.574,73.06,2,5,5,4,32,0.0
CHEMBL206010,GW814408X,COc1cccc(-c2c[nH]c3c(N/N=C/c4ccncc4)ncnc23)c1,344.378,3.475,88.08,2,6,5,4,26,2.0
CHEMBL206025,LOXIGLUMIDE,CCCCCN(CCCOC)C(=O)C(CCC(=O)O)NC(=O)c1ccc(Cl)c(Cl)c1,461.386,4.012,95.94,2,4,14,1,30,0.0
CHEMBL206031,BRECANAVIR,Cc1nc(COc2ccc(C[C@H](NC(=O)O[C@H]3CO[C@H]4OCC[C@H]43)[C@H](O)CN(CC(C)C)S(=O)(=O)c3ccc4c(c3)OCO4)cc2)cs1,703.836,3.866,154.98,2,12,14,3,48,1.0
CHEMBL206106,PALMITINE,COc1cc2c(cc1OC)-c1cc3ccc(OC)c(OC)c3c[n+]1CC2,352.41,3.385,40.8,0,4,4,3,26,4.0
CHEMBL206161,PUREALIN,COC1=C(Br)[C@@H](O)[C@]2(C=C1Br)CC(C(=O)NCCCOc1c(Br)cc(C/C(=N/O)C(=O)NCCc3c[nH]c(N)n3)cc1Br)=NO2,883.187,3.555,205.77,6,11,13,2,45,1.0
CHEMBL206238,"4,5-ISOBUDLEIN A",C=C1C(=O)O[C@H]2[C@H]1[C@H](OC(=O)/C(C)=C\C)C[C@@]1(C)OC(=CC1=O)C(=C)[C@@H]2O,374.389,1.525,99.13,1,7,2,0,27,1.0
CHEMBL206253,NETUPITANT,Cc1ccccc1-c1cc(N2CCN(C)CC2)ncc1N(C)C(=O)C(C)(C)c1cc(C(F)(F)F)cc(C(F)(F)F)c1,578.601,6.787,39.68,0,4,5,3,41,2.0
CHEMBL206335,RAZAXABAN,CN(C)Cc1nccn1-c1ccc(NC(=O)c2cc(C(F)(F)F)nn2-c2ccc3onc(N)c3c2)c(F)c1,528.47,4.253,120.03,2,9,6,5,38,0.0
CHEMBL206373,LIPOPUREALIN A,CCCCCCCCCCCCCC(=O)NCCCOc1c(Br)cc(C/C(=N/O)C(=O)NCCc2c[nH]c(N)n2)cc1Br,728.571,6.835,154.72,5,7,23,2,43,0.0
CHEMBL206452,CATECHIN,Oc1cc(O)c2c(c1)OC(c1ccc(O)c(O)c1)C(O)C2,290.271,1.546,110.38,5,6,1,2,21,1.0
CHEMBL206468,AFEGOSTAT,OC[C@H]1CNC[C@@H](O)[C@@H]1O,147.174,-2.08,72.72,4,4,1,0,10,1.0
CHEMBL206495,EUPATORIOPIKRIN,C=C1C(=O)O[C@@H]2/C=C(\C)CC/C=C(\C)C[C@@H](OC(=O)C=C(CO)CO)[C@@H]12,362.422,1.983,93.06,2,6,4,0,26,0.0
CHEMBL206544,GW682841X,CC(C)c1ccc(-c2cc(-c3c[nH]nc3-c3ccccn3)ccn2)cc1,340.43,5.324,54.46,1,3,4,4,26,3.0
CHEMBL206555,N-TRANS-FERULOYL TYRAMINE,COc1cc(/C=C/C(=O)NCCc2ccc(O)cc2)ccc1O,313.353,2.479,78.79,3,4,6,2,23,2.0
CHEMBL206634,OCTYL TETRADECANOATE,CCCCCCCCCCCCCC(=O)OCCCCCCCC,340.592,7.591,26.3,0,2,19,0,24,3.0
CHEMBL206752,15-HYDROXY-EREMANTHOLIDE B,CC[C@@H](C)[C@@]1(O)O[C@H]2C[C@@]3(C)OC(=CC3=O)/C(CO)=C\[C@H]3OC(=O)[C@@]1(C)C23,378.421,1.232,102.29,2,7,3,0,27,0.0
CHEMBL206765,ENHYDRIN,C=C1C(=O)O[C@H]2[C@H]1[C@H](OC(=O)[C@@]1(C)O[C@H]1C)[C@@H](OC(C)=O)/C(C(=O)OC)=C\CC[C@@]1(C)O[C@H]21,464.467,1.156,130.26,0,10,4,0,33,1.0
CHEMBL206815,APRATASTAT,CC1(C)SCCN(S(=O)(=O)c2ccc(OCC#CCO)cc2)[C@H]1C(=O)NO,414.505,0.451,116.17,3,7,5,1,27,0.0
CHEMBL206834,BAFETINIB,Cc1ccc(NC(=O)c2ccc(CN3CC[C@H](N(C)C)C3)c(C(F)(F)F)c2)cc1Nc1nccc(-c2cncnc2)n1,576.627,5.393,99.17,2,8,8,4,42,0.0
CHEMBL206900,BUTYL TETRADECANOATE,CCCCCCCCCCCCCC(=O)OCCCC,284.484,6.031,26.3,0,2,15,0,20,3.0
CHEMBL207043,ACANTHOKOREOIC ACID A,C=C[C@]1(C)CC[C@@]2(O)[C@@H](C1)C(=O)CC1[C@](C)(C(=O)O)CCC[C@]12C,334.456,3.58,74.6,2,3,2,0,24,2.0
CHEMBL207091,ISOPENTYL TETRADECANOATE,CCCCCCCCCCCCCC(=O)OCCC(C)C,298.511,6.277,26.3,0,2,15,0,21,3.0
CHEMBL207141,KAZUSAMYCIN A,CCC(=C/[C@H](C)C/C=C/C(C)=C/[C@@H](CO)C(=O)[C@@H](C)[C@H](O)[C@@H](C)C/C(C)=C/C(=O)O)/C=C/[C@@H]1OC(=O)C=C[C@@H]1C,556.74,5.757,121.13,3,6,16,0,40,0.0
CHEMBL207194,5-BROMOSALICYLALDEHYDE,O=Cc1cc(Br)ccc1O,201.019,1.967,37.3,1,2,1,1,10,3.0
CHEMBL207197,OLCEGEPANT,NCCCC[C@H](NC(=O)[C@@H](Cc1cc(Br)c(O)c(Br)c1)NC(=O)N1CCC(N2Cc3ccccc3NC2=O)CC1)C(=O)N1CCN(c2ccncc2)CC1,869.66,4.408,176.47,5,8,12,3,54,0.0
CHEMBL207225,INDOLYLPROPIONIC ACID,O=C(O)CCc1c[nH]c2ccccc12,189.214,2.185,53.09,2,1,3,2,14,3.0
CHEMBL207247,GW807930X,CC(=O)NCc1cccc(C#Cc2cncnc2Nc2ccc(OCc3cccc(F)c3)c(Cl)c2)c1,500.961,5.628,76.14,2,5,7,4,36,0.0
CHEMBL207327,BENZO[A]ACRONYCINE,COc1cc2c(c3c1c(=O)c1c4ccccc4ccc1n3C)C=CC(C)(C)O2,371.436,5.038,40.46,0,4,1,4,28,2.0
CHEMBL207371,BENZYL TETRADECANOATE,CCCCCCCCCCCCCC(=O)OCc1ccccc1,318.501,6.431,26.3,0,2,14,1,23,3.0
CHEMBL207410,GW772405X,CNC(=O)c1cccc(C#Cc2cncnc2Nc2ccc(OCc3cccc(F)c3)c(Cl)c2)c1,486.934,5.351,76.14,2,5,6,4,35,0.0
CHEMBL207413,ACETOXOLONE,CC(=O)O[C@H]1CC[C@]2(C)[C@H]3C(=O)C=C4[C@@H]5C[C@@](C)(C(=O)O)CC[C@]5(C)CC[C@@]4(C)[C@]3(C)CC[C@H]2C1(C)C,512.731,6.983,80.67,1,4,2,0,37,1.0
CHEMBL207433,SB-705498,O=C(Nc1ccccc1Br)N[C@@H]1CCN(c2ccc(C(F)(F)F)cn2)C1,429.24,4.263,57.26,2,3,3,2,26,1.0
CHEMBL207456,PITTSBURGH COMPOUND B,[11CH3]Nc1ccc(-c2nc3ccc(O)cc3s2)cc1,255.33,3.711,45.15,2,4,2,3,18,3.0
CHEMBL207532,HEXYL TETRADECANOATE,CCCCCCCCCCCCCC(=O)OCCCCCC,312.538,6.811,26.3,0,2,17,0,22,3.0
CHEMBL207538,BREXANOLONE,CC(=O)[C@H]1CC[C@H]2[C@@H]3CC[C@H]4C[C@H](O)CC[C@]4(C)[C@H]3CC[C@]12C,318.501,4.595,37.3,1,2,1,0,23,3.0
CHEMBL207549,METHYL TETRADECANOATE,CCCCCCCCCCCCCC(=O)OC,242.403,4.861,26.3,0,2,12,0,17,3.0
CHEMBL207552,PHELLINUSFURAN B,CO[C@H]1O[C@H](C(O)CO)/C(=C/c2ccc(CO)o2)C1=O,284.264,-0.551,109.36,3,7,5,1,20,1.0
CHEMBL207555,ETHYL TETRADECANOATE,CCCCCCCCCCCCCC(=O)OCC,256.43,5.251,26.3,0,2,13,0,18,3.0
CHEMBL207602,ISOPROPYL MYRISTATE,CCCCCCCCCCCCCC(=O)OC(C)C,270.457,5.639,26.3,0,2,13,0,19,3.0
CHEMBL207607,PROPYL TETRADECANOATE,CCCCCCCCCCCCCC(=O)OCCC,270.457,5.641,26.3,0,2,14,0,19,3.0
CHEMBL207675,SODIUM ARESUNATE,C[C@H]1[C@H](OC(=O)CCC(=O)[O-])O[C@@H]2O[C@@]3(C)CC[C@H]4[C@H](C)CC[C@@H]1[C@@]24OO3.[Na+],406.407,-1.728,103.35,0,8,4,0,27,1.0
CHEMBL207707,PHELLINUSFURAN A,CO[C@H]1O[C@@H](C(O)CO)/C(=C/c2ccc(CO)o2)C1=O,284.264,-0.551,109.36,3,7,5,1,20,1.0
CHEMBL207802,LK-204545,N#Cc1cc(OCCOCC2CC2)ccc1OCC(O)CNCCNC(=O)Nc1ccc(O)cc1,484.553,2.22,145.1,5,8,15,2,35,1.0
CHEMBL207878,CESPITULACTONE A MONOACETATE,C=C1CC[C@@H]2CC[C@H](OC(=O)C/C(C)=C/[C@@H](OC(C)=O)C1)C(=O)C2(C)C,362.466,3.912,69.67,0,5,1,0,26,3.0
CHEMBL207881,GW9508,O=C(O)CCc1ccc(NCc2cccc(Oc3ccccc3)c2)cc1,347.414,5.108,58.56,2,3,8,3,26,2.0
CHEMBL207983,ISOBUTYL TETRADECANOATE,CCCCCCCCCCCCCC(=O)OCC(C)C,284.484,5.887,26.3,0,2,14,0,20,3.0
CHEMBL207990,EPOXOMYCIN,CC[C@H](C)[C@H](NC(=O)[C@H]([C@@H](C)CC)N(C)C(C)=O)C(=O)N[C@H](C(=O)N[C@@H](CC(C)C)C(=O)[C@@]1(C)CO1)[C@@H](C)O,554.729,1.165,157.44,4,7,16,0,39,0.0
CHEMBL208139,ISOCOLCHICINE,COc1cc2c(c(OC)c1OC)-c1ccc(=O)c(OC)cc1[C@@H](NC(C)=O)CC2,399.443,2.872,83.09,1,6,5,2,29,2.0
CHEMBL208141,PENTYL TETRADECANOATE,CCCCCCCCCCCCCC(=O)OCCCCC,298.511,6.421,26.3,0,2,16,0,21,3.0
CHEMBL208375,IOPOFOSINE,C[N+](C)(C)CCOP(=O)([O-])OCCCCCCCCCCCCCCCCCCc1ccc(I)cc1,637.624,8.283,58.59,0,4,24,1,36,2.0
CHEMBL208427,SOLABEGRON,O=C(O)c1cccc(-c2cccc(NCCNC[C@H](O)c3cccc(Cl)c3)c2)c1,410.901,4.44,81.59,4,4,9,3,29,0.0
CHEMBL208437,GW711782X,c1ccc(-c2n[nH]cc2-c2ccnc(-c3ccc(OCCn4ccnc4)cc3)c2)nc1,408.465,4.476,81.51,1,6,7,5,31,1.0
CHEMBL208476,CESPITULARIN D,C=C1CC[C@@H]2CCC3=C(C2(C)C)[C@@](O)(C/C(C)=C/[C@@H](O)C1)OC3=O,332.44,3.402,66.76,2,4,0,0,24,3.0
CHEMBL208484,KARANJIN,COc1c(-c2ccccc2)oc2c(ccc3occc32)c1=O,292.29,4.215,52.58,0,4,2,4,22,3.0
CHEMBL208599,HUPRINE X,CCC1=CC2Cc3nc4cc(Cl)ccc4c(N)c3[C@@H](C1)C2,298.817,4.857,38.91,1,2,1,2,21,3.0
CHEMBL208654,IODMETACYCLUR,Cc1c(I)c(=O)[nH]c(=O)n1COC(CO)CO,356.116,-1.223,104.55,3,6,5,1,17,1.0
CHEMBL208908,SCIADOPITISIN,COc1ccc(-c2cc(=O)c3c(O)cc(O)c(-c4cc(-c5cc(=O)c6c(O)cc(OC)cc6o5)ccc4OC)c3o2)cc1,580.545,6.043,148.8,3,10,6,6,43,0.0
CHEMBL208983,BULBINELONESIDE A,COc1cc(O[C@@H]2O[C@H](CO)[C@@H](O)[C@H](O)[C@H]2O)c(-c2c(C)cc(O)c3c2C(=O)c2cccc(O)c2C3=O)c(O)c1C(C)=O,596.541,0.944,220.51,7,13,6,3,43,0.0
CHEMBL209138,ASPARTYL(ACRIDINE YELLOW G)SPERMIDINE,Cc1cc2cc3cc(C)c(NC(=O)CC(N)C(=O)NCCCCNCCCN)cc3nc2cc1N,479.629,2.078,161.18,6,7,12,3,35,1.0
CHEMBL209257,LADANEIN,COc1ccc(-c2cc(=O)c3c(O)c(O)c(OC)cc3o2)cc1,314.293,2.888,89.13,2,6,3,3,23,2.0
CHEMBL209342,ACRIDINE YELLOW G,Cc1cc2cc3cc(C)c(NC(=O)CC(N)C(=O)O)cc3nc2cc1N,352.394,2.328,131.33,4,5,4,3,26,2.0
CHEMBL209449,DIMETHYLTRIDECYLAMINE CYANOBORANE,BC#N.CCCCCCCCCCCCCN(C)C,266.282,3.96,27.03,0,2,12,,,4.0
CHEMBL209580,DIMETHYLPENTADECYLAMINE CYANOBORANE,BC#N.CCCCCCCCCCCCCCCN(C)C,294.336,4.74,27.03,0,2,14,,,3.0
CHEMBL209670,GLYCYLLEUCYLPHENYLALANINE,CC(C)C[C@H](NC(=O)CN)C(=O)N[C@@H](Cc1ccccc1)C(=O)O,335.404,0.288,121.52,4,4,9,1,24,1.0
CHEMBL209744,BENZYL NICOTINATE,O=C(OCc1ccccc1)c1cccnc1,213.236,2.439,39.19,0,3,3,2,16,4.0
CHEMBL209821,NALUZOTAN,CC(=O)Nc1cccc(N2CCN(CCCCNS(=O)(=O)CC3CCCCC3)CC2)c1,450.649,3.047,81.75,2,5,10,1,31,1.0
CHEMBL209885,CAULERPAL A,CC(=O)O[C@H]1Cc2c(C=O)ccc(C=C(C)C)c2[C@]1(C)O,288.343,2.618,63.6,1,4,3,1,21,4.0
CHEMBL210208,PYROGALLOL RED,O=c1ccc2c(-c3ccccc3S(=O)(=O)O)c3ccc(O)c(O)c3oc-2c1O,400.364,2.928,145.27,4,7,2,2,28,1.0
CHEMBL210276,"3,7-DIHYDROXYFLAVONE",O=c1c(O)c(-c2ccccc2)oc2cc(O)ccc12,254.241,2.871,70.67,2,4,1,3,19,2.0
CHEMBL210287,BROMOPYROGALLOL RED,O=c1c(Br)cc2c(-c3ccccc3S(=O)(=O)O)c3cc(Br)c(O)c(O)c3oc-2c1O,558.156,4.453,145.27,4,7,2,2,30,0.0
CHEMBL210574,PYROCATECHOL VIOLET,O=C1C=C/C(=C(/c2ccc(O)c(O)c2)c2ccccc2S(=O)(=O)O)C=C1O,386.381,2.727,132.13,4,6,3,2,27,1.0
CHEMBL210635,GENKWANIN,COc1cc(O)c2c(=O)cc(-c3ccc(O)cc3)oc2c1,284.267,2.88,79.9,2,5,2,3,21,2.0
CHEMBL210651,APRICITABINE,Nc1ccn([C@H]2CO[C@@H](CO)S2)c(=O)n1,229.261,-0.594,90.37,2,7,2,1,15,1.0
CHEMBL210842,PLAKEVULIN A,CCCCCCCCCCCCCCCC[C@]1(O)C=C[C@H](O)[C@H]1C(=O)OC,382.585,5.309,66.76,2,4,16,0,27,1.0
CHEMBL210868,AURIN,O=C1C=CC(=C(c2ccc(O)cc2)c2ccc(O)cc2)C=C1,290.318,3.595,57.53,2,3,2,2,22,3.0
CHEMBL210882,4-HYDROXYPANDURATIN A,CC(C)=CC[C@@H]1C(C)=CC[C@@H](c2ccccc2)[C@@H]1C(=O)c1c(O)cc(O)cc1O,392.495,5.709,77.76,3,4,5,2,29,0.0
CHEMBL210896,CAULERPAL B,CO[C@@]1(C)c2c(C=C(C)C)ccc(C=O)c2C[C@@H]1O,260.333,2.701,46.53,1,3,3,1,19,4.0
CHEMBL210952,ELTANOLONE,CC(=O)[C@H]1CC[C@H]2[C@@H]3CC[C@@H]4C[C@H](O)CC[C@]4(C)[C@H]3CC[C@]12C,318.501,4.595,37.3,1,2,1,0,23,3.0
CHEMBL211196,DIMETHYLNONYLAMINE CYANOBORANE,BC#N.CCCCCCCCCN(C)C,210.174,2.399,27.03,0,2,8,,,4.0
CHEMBL211312,DEOXYURIDINE MONOPHOSPHATE,O=c1ccn([C@H]2C[C@H](O)[C@@H](COP(=O)(O)O)O2)c(=O)[nH]1,308.183,-1.706,151.08,4,7,4,1,20,1.0
CHEMBL211427,SEGETALIN D,CC(C)C[C@@H]1NC(=O)CNC(=O)[C@@H]2CCCN2C(=O)[C@H](Cc2ccccc2)NC(=O)[C@H](C)NC(=O)[C@H](Cc2ccccc2)NC(=O)[C@H](CO)NC1=O,719.84,-0.925,215.14,7,8,7,2,52,0.0
CHEMBL211456,EPHEDRINE,CN[C@@H](C)[C@H](O)c1ccccc1,165.236,1.328,32.26,2,2,3,1,12,2.0
CHEMBL211471,NEOSTIGMINE METHYLSULFATE,CN(C)C(=O)Oc1cccc([N+](C)(C)C)c1.COS(=O)(=O)[O-],334.394,1.037,95.97,0,6,3,1,16,2.0
CHEMBL211501,ANTIMYCIN A,CCCCCC[C@H]1C(=O)O[C@H](C)[C@H](NC(=O)c2cccc(NC=O)c2O)C(=O)O[C@@H](C)[C@@H]1OC(=O)CC(C)C,548.633,3.48,157.33,3,9,12,1,39,1.0
CHEMBL211502,PHENAMIL,N=C(NC(=O)c1nc(Cl)c(N)nc1N)Nc1ccccc1,305.729,1.071,142.8,5,6,2,2,21,1.0
CHEMBL211538,AN-2718,OB1OCc2cc(Cl)ccc21,168.388,0.558,29.46,1,2,0,,,3.0
CHEMBL211583,DODECYLDIMETHYLAMINE CYANOBORANE,BC#N.CCCCCCCCCCCCN(C)C,252.255,3.569,27.03,0,2,11,,,4.0
CHEMBL212074,USTILOXIN A,CC[C@@]1(C)Oc2cc(c([S+]([O-])C[C@@H](O)C[C@H](N)C(=O)O)cc2O)[C@@H](O)[C@H](NC)C(=O)N[C@@H](C(C)C)C(=O)N[C@@H]1C(=O)NCC(=O)O,673.742,-2.328,292.93,10,12,12,1,46,0.0
CHEMBL212250,GW615311X,O=S(=O)(CCOCc1ccc(-c2ccc3ncnc(Nc4ccc(OCc5cccc(F)c5)c(Cl)c4)c3c2)o1)c1ccccc1,644.124,7.995,103.55,1,8,12,6,45,1.0
CHEMBL212280,BIS(MESITYLMETHYL)TRISULFIDE,Cc1cc(C)c(CSSSCc2c(C)cc(C)cc2C)c(C)c1,362.629,7.267,0.0,0,3,6,2,23,2.0
CHEMBL212432,552-02,N/C(=N\C(=O)c1nc(Cl)c(N)nc1N)NCCCCc1ccc(OCC(O)CO)cc1,451.915,0.094,194.99,6,8,10,2,31,0.0
CHEMBL212579,BENZAMIL,N/C(=N\C(=O)c1nc(Cl)c(N)nc1N)NCc1ccccc1,319.756,0.539,145.3,4,5,3,2,22,1.0
CHEMBL212670,MILTEFOSTINE,CCCCCCCCCCCCCCCCOP(=O)([O-])OC[N+](C)(C)C,393.549,5.633,58.59,0,4,19,0,26,2.0
CHEMBL212948,DAMNACANTHAL,COc1c(C=O)c(O)cc2c1C(=O)c1ccccc1C2=O,282.251,1.989,80.67,1,5,2,2,21,2.0
CHEMBL213439,FURALINE,c1ccc(-c2ccc(C3=NCCN3)o2)cc1,212.252,2.296,37.53,1,3,2,2,16,4.0
CHEMBL213497,LOTOIDOSIDE E,CC(=O)N[C@H]1[C@H](O[C@H]2CC[C@]3(C)[C@H]4CC=C5[C@@H]6CC(C)(C)CC[C@]6(C(=O)O)CC[C@@]5(C)[C@]4(C)CC[C@H]3C2(C)C)O[C@H](CO)[C@@H](O)[C@@H]1O[C@@H]1O[C@H](CO)[C@H](O)[C@H](O)[C@H]1O,822.046,3.026,224.7,8,12,8,0,58,1.0
CHEMBL213614,DIBROMOBORANECARBONITRILE; TRIMETHYLAMINE,CN(C)C.N#CB(Br)Br,255.75,1.505,27.03,0,2,0,,,3.0
CHEMBL213619,DIMETHYLUNDECYLAMINE CYANOBORANE,BC#N.CCCCCCCCCCCN(C)C,238.228,3.179,27.03,0,2,10,,,4.0
CHEMBL213821,DIAZOQUINOFLUORENE,[N-]=[N+]=c1c2c(=O)ccc(=O)c=2c2ccccc12,222.203,0.291,70.54,0,2,0,1,17,2.0
CHEMBL213833,HEPTADECYLDIMETHYLAMINE CYANOBORANE,BC#N.CCCCCCCCCCCCCCCCCN(C)C,322.39,5.52,27.03,0,2,16,,,3.0
CHEMBL213851,N-(ETHOXYCARBONYL)PIPERAZINE,CCOC(=O)N1CCNCC1,158.201,0.048,41.57,1,3,1,0,11,3.0
CHEMBL213960,DIMETHYLUNDECYLAMINE DIBROMOCYANOBORANE,CCCCCCCCCCCN(C)C.N#CB(Br)Br,396.02,5.406,27.03,0,2,10,,,2.0
CHEMBL214013,AMINOPOTENTIDINE OXALATE,N#CN/C(=N\CCNC(=O)c1ccc(N)cc1)NCCCOc1cccc(CN2CCCCC2)c1.O=C(O)C(=O)O,567.647,1.625,202.4,6,8,11,2,35,0.0
CHEMBL214154,MAYTANSINOL,COc1cc2cc(c1Cl)N(C)C(=O)CC(O)C1(C)OC1C(C)C1CC(O)(NC(=O)O1)C(OC)/C=C/C=C(\C)C2,565.063,3.117,130.09,3,8,2,1,39,1.0
CHEMBL214268,PHA-543613,O=C(N[C@H]1CN2CCC1CC2)c1cc2ccoc2cn1,271.32,1.652,58.37,1,4,2,2,20,3.0
CHEMBL214321,CHRYSOERIOL,COc1cc(-c2cc(=O)c3c(O)cc(O)cc3o2)ccc1O,300.266,2.585,100.13,3,6,2,3,22,2.0
CHEMBL214332,INTERMEDINE,CSCC[C@H](NC(=O)[C@H](CO)NC(=O)[C@H](Cc1ccc(O)cc1)NC(=O)[C@H](CO)NC(C)=O)C(=O)N[C@@H](CCC(=O)O)C(=O)N[C@@H](Cc1c[nH]cn1)C(=O)N[C@@H](Cc1ccccc1)C(=O)N[C@@H](CCCNC(=N)N)C(=O)N[C@@H](Cc1c[nH]c2ccccc12)C(=O)NCC(=O)N[C@@H](CCCCN)C(=O)N1CCC[C@H]1C(=O)N[C@H](C(N)=O)C(C)C,1664.914,-4.537,642.98,23,22,50,,,0.0
CHEMBL214381,DIPROTIN A,CC[C@H](C)[C@H](N)C(=O)N1CCC[C@H]1C(=O)N[C@H](C(=O)O)[C@@H](C)CC,341.452,0.966,112.73,3,4,8,0,24,1.0
CHEMBL214706,USTILOXIN F,CC[C@@]1(C)Oc2cc(ccc2O)[C@@H](O)[C@H](NC)C(=O)N[C@@H](C)C(=O)N[C@@H]1C(=O)NCC(=O)O,466.491,-1.235,186.32,7,8,5,1,33,0.0
CHEMBL214796,NGD-8243,FC(F)(F)c1ccc(Nc2ncnc3cc(-c4ncccc4C(F)(F)F)ccc23)cc1,434.343,6.473,50.7,1,4,3,4,31,2.0
CHEMBL214920,TIOCARLIDE,CC(C)CCOc1ccc(NC(=S)Nc2ccc(OCCC(C)C)cc2)cc1,400.588,6.345,42.52,2,3,10,2,28,1.0
CHEMBL215053,TOPSENTINE,O=C(c1nc(-c2cc3ccccc3[nH]2)c[nH]1)c1c[nH]c2cc(O)ccc12,342.358,3.976,97.56,4,3,3,5,26,2.0
CHEMBL215152,AZD-1152-HQPA,CCN(CCO)CCCOc1ccc2c(Nc3cc(CC(=O)Nc4cccc(F)c4)[nH]n3)ncnc2c1,507.57,3.5,128.29,4,8,13,4,37,1.0
CHEMBL215226,GENETICIN,CN[C@@H]1[C@@H](O)[C@@H](O[C@@H]2[C@@H](O)[C@H](O[C@H]3O[C@H]([C@@H](C)O)[C@@H](O)[C@H](O)[C@H]3N)[C@@H](N)C[C@H]2N)OC[C@]1(C)O,496.558,-5.613,248.39,10,14,6,0,34,0.0
CHEMBL215254,TANSHINONE IIB,Cc1coc2c1C(=O)C(=O)c1c-2ccc2c1CCCC2(C)CO,310.349,3.22,67.51,1,4,1,2,23,4.0
CHEMBL215303,GARENOXACIN,C[C@H]1NCc2cc(-c3ccc4c(=O)c(C(=O)O)cn(C5CC5)c4c3OC(F)F)ccc21,426.419,4.467,80.56,2,5,5,3,31,0.0
CHEMBL215370,LAUDANOSINE METHIODIDE,COc1ccc(C[C@H]2c3cc(OC)c(OC)cc3CC[N+]2(C)C)cc1OC.[I-],499.389,0.641,36.92,0,4,6,2,27,2.0
CHEMBL215645,RIVASTIGMINE TARTRATE,CCN(C)C(=O)Oc1cccc([C@H](C)N(C)C)c1.O=C(O)C(O)C(O)C(=O)O,400.428,0.637,147.84,4,7,7,1,18,0.0
CHEMBL215814,GW576484X,CS(=O)(=O)CCNCc1ccc(-c2ccc3ncnc(Nc4ccc(OCc5cccc(F)c5)c(C(F)(F)F)c4)c3c2)o1,614.621,6.505,106.35,2,8,11,5,43,0.0
CHEMBL215853,MONOCILLIN I,C[C@@H]1C[C@H]2O[C@@H]2/C=C\C=C\C(=O)Cc2cc(O)cc(O)c2C(=O)O1,330.336,2.038,96.36,2,6,0,1,24,2.0
CHEMBL215993,GW284372X,c1ccc(COc2ccc(Nc3ncnc4ccc(-c5ccco5)cc34)cc2)cc1,393.446,6.212,60.18,1,5,6,5,30,2.0
CHEMBL216007,SEROFENDIC ACID,C[S+]([O-])C[C@H]1[C@H]2CC[C@@]3(CC[C@H]4[C@@](C)(CCC[C@@]4(C)C(=O)O)[C@@H]3C2)[C@@H]1O,382.566,3.449,80.59,2,3,3,0,26,1.0
CHEMBL216028,CORUSCANONE A,COC(/C=C/c1ccccc1)=C1\C(=O)C=C(C)C1=O,254.285,2.698,43.37,0,3,3,1,19,4.0
CHEMBL216141,PACLITAXEL C7 VALERIC ACID ESTER,CCCCC(=O)O[C@H]1C[C@H]2OC[C@@]2(OC(C)=O)[C@H]2[C@H](OC(=O)c3ccccc3)[C@]3(O)C[C@H](OC(=O)[C@H](O)[C@@H](NC(=O)c4ccccc4)c4ccccc4)C(C)=C([C@@H](OC(C)=O)C(=O)[C@]12C)C3(C)C,938.036,5.477,227.36,3,15,14,3,68,0.0
CHEMBL216232,AMOXACILLIN +BL-P2013,CC1(C)S[C@@H]2[C@H](NC(=O)[C@H](N)c3ccc(O)cc3)C(=O)N2[C@H]1C(=O)O.C[C@]1(CCl)[C@H](C(=O)[O-])N2C(=O)C[C@H]2S1(=O)=O.[K+],671.191,-4.883,227.54,4,11,6,,,0.0
CHEMBL216239,CARBOXYFENTANYL,O=C(O)CCC(=O)N(c1ccccc1)C1CCN(CCc2ccccc2)CC1,380.488,3.592,60.85,1,3,8,2,28,3.0
CHEMBL216371,DOXORUBICIN TRIFLUOROACETATE,COc1cccc2c1C(=O)c1c(O)c3c(c(O)c1C2=O)C[C@@](O)(C(=O)CO)C[C@@H]3O[C@H]1C[C@H](N)[C@H](O)[C@H](C)O1.O=C(O)C(F)(F)F,657.547,0.635,243.37,7,13,5,2,39,0.0
CHEMBL216458,ALPHA-BUNGAROTOXIN,C=C(C=O)C[C@H]1C[C@H](O)[C@]2(C)O[C@@H]3C[C@@H]4O[C@@H]5C[C@]6(C)O[C@]7(C)CC[C@@H]8O[C@@H]9C[C@]%10(C)O[C@@H]%11C(C)=CC(=O)O[C@H]%11C[C@H]%10O[C@H]9C[C@@H](C)[C@H]8O[C@H]7C[C@H]6O[C@@]5(C)C/C=C\[C@H]4O[C@H]3C[C@H]2O1,895.096,5.472,155.9,1,14,3,0,64,1.0
CHEMBL216462,INDOTECAN,COc1cc2c3c(n(CCCN4CCOCC4)c(=O)c2cc1OC)-c1cc2c(cc1C3=O)OCO2,478.501,2.681,88.46,0,9,6,3,35,2.0
CHEMBL216477,PLAKORTIN,CC/C=C/[C@H](CC)C[C@@]1(C)C[C@@H](CC)[C@@H](CC(=O)OC)OO1,312.45,4.437,44.76,0,4,8,0,22,3.0
CHEMBL216481,VIALININ B,O=C(Cc1ccccc1)Oc1c(-c2ccc(O)cc2)c(O)c2oc3cc(O)c(O)cc3c2c1OC(=O)Cc1ccccc1,576.557,6.372,146.66,4,9,7,6,43,0.0
CHEMBL216600,NEOAMPHIMIDINE,Cn1ccc2c(c1=O)C(=O)c1nccc3c1c-2nc1ccccc13,313.316,2.693,64.85,0,5,0,4,24,4.0
CHEMBL216728,ITPP PIPERAZINIUM,C1CNCCN1.C1CNCCN1.C1CNCCN1.C1CNCCN1.C1CNCCN1.C1CNCCN1.O=P1(O)OC2C3OP(=O)(O)OP(=O)(O)OC3C3OP(=O)(O)OP(=O)(O)OC3C2OP(=O)(O)O1,1122.813,-4.921,451.23,18,27,0,0,33,0.0
CHEMBL216830,[Val5] - ANGIOTENSIN II,CC(C)[C@H](NC(=O)[C@H](CCCNC(=N)N)NC(=O)[C@@H](N)CC(=O)O)C(=O)N[C@@H](Cc1ccc(O)cc1)C(=O)N[C@H](C(=O)N[C@@H](Cc1cnc[nH]1)C(=O)N1CCC[C@H]1C(=O)N[C@@H](Cc1ccccc1)C(=O)O)C(C)C,1032.17,-1.495,406.34,14,13,28,,,0.0
CHEMBL216913,MITOGUAZONE,CC(/C=N/NC(=N)N)=N\NC(=N)N,184.207,-1.686,148.52,6,4,3,0,13,1.0
CHEMBL216981,NAVARIXIN,CC[C@@H](Nc1c(Nc2cccc(C(=O)N(C)C)c2O)c(=O)c1=O)c1ccc(C)o1,397.431,2.898,111.88,3,7,7,3,29,1.0
CHEMBL217089,DOXAZOLIDINE,COc1cccc2c1C(=O)c1c(O)c3c(c(O)c1C2=O)C[C@@](O)(C(=O)CO)C[C@@H]3O[C@H]1C[C@@H]2NCO[C@@H]2[C@H](C)O1,555.536,0.628,181.08,5,12,5,2,40,0.0
CHEMBL217092,SARACATINIB,CN1CCN(CCOc2cc(OC3CCOCC3)c3c(Nc4c(Cl)ccc5c4OCO5)ncnc3c2)CC1,542.036,3.94,90.44,1,10,8,3,38,2.0
CHEMBL217099,BENZYLAMIDINOISOTHIOUREA,N=C(N)NC(=N)SCc1ccccc1,208.29,1.338,85.75,4,3,2,1,14,1.0
CHEMBL217215,DROSOCIN,CC[C@H](C)[C@H](NC(=O)[C@@H]1CCCN1C(=O)[C@H](CCCNC(=N)N)NC(=O)[C@@H]1CCCN1C(=O)[C@H](Cc1cnc[nH]1)NC(=O)[C@H](CO)NC(=O)[C@@H](NC(=O)[C@@H]1CCCN1C(=O)[C@H](CCCNC(=N)N)NC(=O)[C@@H]1CCCN1C(=O)[C@H](CO)NC(=O)[C@H](Cc1ccc(O)cc1)NC(=O)[C@@H]1CCCN1C(=O)[C@H](CCCNC(=N)N)NC(=O)[C@@H]1CCCN1C(=O)[C@H](CCCCN)NC(=O)CN)[C@@H](C)O)C(=O)N[C@@H](CCCNC(=N)N)C(=O)N[C@H](C(=O)O)C(C)C,2198.572,-10.043,917.6,32,30,61,,,0.0
CHEMBL217299,DOXANTHRINE,Oc1cc2c(cc1O)C1c3ccccc3CNC1CO2,269.3,2.094,61.72,3,4,0,2,20,3.0
CHEMBL217308,VANCOMYCIN MIMIC,CCCOc1c2cccc1Cc1cc3cc(c1OCCC)Cc1cccc(c1OCCC)Cc1cc(cc(c1OCCC)C2)C(=O)N[C@@H](C)C(=O)N[C@@H](C)C(=O)NCCNCCNC(=O)[C@H](C)NC(=O)[C@@H](C)NC3=O,1032.293,5.6,223.55,7,11,12,,,0.0
CHEMBL217378,ISHKDMQLGR,CC[C@H](C)[C@H](N)C(=O)N[C@@H](CO)C(=O)N[C@@H](Cc1c[nH]cn1)C(=O)N[C@@H](CCCCN)C(=O)N[C@@H](CC(=O)O)C(=O)N[C@@H](CCSC)C(=O)N[C@@H](CCC(N)=O)C(=O)N[C@@H](CC(C)C)C(=O)NCC(=O)N[C@@H](CCCN=C(N)N)C(=O)O,1184.39,-5.881,544.94,18,18,42,,,0.0
CHEMBL217406,NEUROKININ A,CSCC[C@H](NC(=O)[C@H](CC(C)C)NC(=O)CNC(=O)[C@@H](NC(=O)[C@H](Cc1ccccc1)NC(=O)[C@H](CO)NC(=O)[C@H](CC(=O)O)NC(=O)[C@@H](NC(=O)[C@H](CCCCN)NC(=O)[C@@H](N)Cc1c[nH]cn1)[C@@H](C)O)C(C)C)C(N)=O,1133.341,-4.566,463.47,16,17,37,,,0.0
CHEMBL217642,OXECLOSPORIN,C/C=C/C[C@@H](C)[C@@H](O)[C@H]1C(=O)N[C@@H](CC)C(=O)N(C)CC(=O)N(C)[C@@H](CC(C)C)C(=O)N[C@@H](C(C)C)C(=O)N(C)[C@@H](CC(C)C)C(=O)N[C@@H](C)C(=O)N[C@H](COCCO)C(=O)N(C)[C@@H](CC(C)C)C(=O)N(C)[C@@H](CC(C)C)C(=O)N(C)[C@@H](C(C)C)C(=O)N1C,1262.687,2.258,308.26,6,14,19,,,1.0
CHEMBL217894,DECYLUBIQUINONE,CCCCCCCCCCC1=C(C)C(=O)C(OC)=C(OC)C1=O,322.445,4.49,52.6,0,4,11,0,23,3.0
CHEMBL217899,TOFIMILAST,CCc1nn(C2CCCC2)c2c1CCn1c(-c3cccs3)nnc1-2,339.468,4.104,48.53,0,6,3,3,24,3.0
CHEMBL218039,CINNAFRAGRIN A,CC(=O)O[C@@H]1C=C([C@@H]2O[C@@H]3O[C@H](O)C4=C[C@@H](OC(C)=O)[C@H]5C(C)(C)CCC[C@]5(C)[C@]43O2)[C@](O)(C=O)[C@@]2(C)CCCC(C)(C)[C@H]12,616.748,4.111,137.82,2,10,4,0,44,0.0
CHEMBL218046,LEUCOSOLENAMINE A,Cn1c(/N=C2\NC(=N)N=C2Cc2ccc3c(c2)OCO3)c(N)c(=O)n(C)c1=O,383.368,-0.353,149.08,3,9,3,2,28,0.0
CHEMBL218088,GW435821X,Cc1cc(O)cc(C)c1/C=C/c1cncc(C(N)=O)c1,268.316,2.673,76.21,2,3,3,2,20,2.0
CHEMBL218100,EPIPOLYGODIAL,CC1(C)CCC[C@]2(C)[C@H](C=O)C(C=O)=CC[C@@H]12,234.339,3.163,34.14,0,2,2,0,17,4.0
CHEMBL218105,BOROPINIC ACID,COc1cc(/C=C/C(=O)O)ccc1OCC=C(C)C,262.305,3.138,55.76,1,3,6,1,19,4.0
CHEMBL218146,RUBROLIDE O,O=C1O/C(=C\c2ccc(O)c(Br)c2)C(c2cc(Br)c(O)c(Br)c2)=C1Cl,551.412,5.933,66.76,2,4,2,2,25,1.0
CHEMBL218166,BIFEPRUNOX,O=c1[nH]c2cccc(N3CCN(Cc4cccc(-c5ccccc5)c4)CC3)c2o1,385.467,4.11,52.48,1,4,4,4,29,2.0
CHEMBL218227,S-1360,O=C(/C=C(\O)c1nc[nH]n1)c1ccc(Cc2ccc(F)cc2)o1,313.288,2.909,92.01,2,5,5,3,23,2.0
CHEMBL218266,DISTACHYASIN,COC1=CC(=O)[C@@]2(O)C[C@H]3[C@H](c4ccccc4C3(C)C)[C@@H](O)C2=C1,326.392,2.213,66.76,2,4,1,1,24,3.0
CHEMBL218276,INOSCAVIN D,COC1Oc2cc(/C=C/c3ccc(O)c(O)c3)oc(=O)c2-c2cc(O)c(O)cc21,396.351,3.337,129.59,4,8,3,3,29,1.0
CHEMBL218291,FORODESINE,O=c1[nH]cnc2c([C@@H]3N[C@H](CO)[C@@H](O)[C@H]3O)c[nH]c12,266.257,-2.022,134.26,6,6,2,2,19,1.0
CHEMBL218394,BOCEPREVIR,CC(C)(C)NC(=O)N[C@H](C(=O)N1C[C@H]2[C@@H]([C@H]1C(=O)NC(CC1CCC1)C(=O)C(N)=O)C2(C)C)C(C)(C)C,519.687,1.711,150.7,4,5,8,0,37,0.0
CHEMBL218412,PRIMULANIN,CC1(C)[C@@H](O[C@@H]2OC[C@H](O[C@@H]3O[C@H](CO)[C@@H](O)[C@H](O)[C@H]3O[C@@H]3OC[C@@H](O)[C@H](O)[C@H]3O)[C@H](O)[C@H]2O)CC[C@]2(C)[C@H]3CC[C@]45OC[C@@]6(CC[C@](C)(C=O)C[C@H]64)[C@H](O)C[C@@]5(C)[C@]3(C)CC[C@@H]12,899.081,0.282,263.75,9,17,8,0,63,0.0
CHEMBL218423,PHELLIGRIDIN D,O=c1oc2cc(/C=C/c3ccc(O)c(O)c3)oc(=O)c2c2cc(O)c(O)cc12,380.308,2.892,141.34,4,8,2,4,28,1.0
CHEMBL218427,FASITIBANT,Cc1cc(C)c2cccc(OCc3c(Cl)ccc(S(=O)(=O)NC4(C(=O)N5CCN(C(=O)[C@@H](N)CCC[N+](C)(C)C)CC5)CCOCC4)c3Cl)c2n1,764.797,4.049,144.16,2,8,12,3,51,0.0
CHEMBL218490,DORZOLAMIDE,CCN[C@H]1C[C@H](C)S(=O)(=O)c2sc(S(N)(=O)=O)cc21,324.449,0.612,106.33,2,6,3,1,19,1.0
CHEMBL218534,PSEUDOLARIC ACID B,COC(=O)C1=CC[C@@]23CC[C@@H]([C@@](C)(/C=C/C=C(\C)C(=O)O)OC2=O)[C@@]3(OC(C)=O)CC1,432.469,2.871,116.2,1,7,5,0,31,2.0
CHEMBL218538,CASEANIGRESCEN C,C=CC(=C)CC[C@]1(C)[C@H](C)[C@@H](O)[C@H](OC(C)=O)[C@@]23C(=C[C@H](OC(=O)CCC)C[C@@H]12)[C@@H](OC(C)=O)O[C@H]3OC(C)=O,562.656,3.911,134.66,1,10,10,0,40,2.0
CHEMBL218539,CINNAFRAGRIN C,CC(=O)O[C@@H]1[C@@H](O[C@H]2O[C@@H]3O[C@H](C4=C[C@@H](OC(C)=O)[C@H]5C(C)(C)CCC[C@]5(C)[C@@]4(O)C=O)O[C@@]34C2=C[C@@H](OC(C)=O)[C@H]2C(C)(C)CCC[C@@]24C)C2=C(C(=O)OC2)[C@@]2(C)CCCC(C)(C)[C@H]12,907.107,7.136,179.42,1,14,7,0,65,1.0
CHEMBL218650,DELAMANID,C[C@]1(COc2ccc(N3CCC(Oc4ccc(OC(F)(F)F)cc4)CC3)cc2)Cn2cc([N+](=O)[O-])nc2O1,534.491,4.968,101.12,0,9,8,3,38,1.0
CHEMBL218660,ROBUSTOL,Oc1cc2cc(c1)Oc1c(O)cc(cc1O)CCCCCCCCCCCCCC2,412.57,7.376,69.92,3,4,0,2,30,1.0
CHEMBL218666,CINNAMOLIDE,CC1(C)CCC[C@]2(C)[C@H]3COC(=O)C3=CC[C@@H]12,234.339,3.322,26.3,0,2,0,0,17,4.0
CHEMBL218693,CARNOSOL,CC(C)c1cc2c(c(O)c1O)[C@@]13CCCC(C)(C)[C@@H]1C[C@@H]2OC3=O,330.424,4.287,66.76,2,4,1,1,24,2.0
CHEMBL218715,DEHYDROROBUSTOL A,Oc1cc2cc(c1)Oc1c(O)cc(cc1O)CCCCCCC/C=C/CCCCC2,410.554,7.152,69.92,3,4,0,2,30,1.0
CHEMBL218720,GSK-466314A,CC1=C(C(=O)Nc2ccc3[nH]nc(C)c3c2)C(c2ccc(C(F)(F)F)cc2)CC(=O)N1,428.414,4.406,86.88,3,3,3,3,31,0.0
CHEMBL218804,ASCORBYL STEARATE,CCCCCCCCCCCCCCCCCC(=O)OC[C@H](O)[C@H]1OC(=O)C(O)=C1O,442.593,5.405,113.29,3,7,19,0,31,0.0
CHEMBL218822,DIACARNOXIDE B,C=C1CCCC(C)(C)C1CCC(C)CCC[C@@]1(C)CC[C@H]([C@H](C)C(=O)O)OO1,394.596,6.546,55.76,1,3,9,0,28,2.0
CHEMBL218839,DIACARNOXIDE C,COC(=O)[C@@H](C)[C@H]1CC[C@](C)(CCCC(C)CCC2=C(C)CCCC2(C)C)OO1,408.623,6.778,44.76,0,4,9,0,29,2.0
CHEMBL218859,GW445012X,CNC(=O)c1cncc(/C=C/c2c(C)cccc2C)c1,266.344,3.228,41.99,1,2,3,2,20,4.0
CHEMBL218883,CHRYSOTRIONE A,C=CCCCCCCCCC(O)=C1C(=O)C=CC1=O,262.349,3.813,54.37,1,3,9,0,19,4.0
CHEMBL218924,SUBAMOLIDE A,CCCCCCCCCCCCC/C=C1\C(=O)O[C@@](C)(OC)[C@@H]1O,340.504,4.894,55.76,1,4,13,0,24,3.0
CHEMBL218932,GW432441X,CNC(=O)Oc1cc(C)c(/C=C/c2cncc(C(=O)NC)c2)c(C)c1,339.395,2.947,80.32,2,4,4,2,25,2.0
CHEMBL218969,GW445015X,CNC(=O)c1cncc(/C=C/c2ccccc2C)c1,252.317,2.92,41.99,1,2,3,2,19,4.0
CHEMBL218970,GW445017X,CNC(=O)c1cncc(/C=C/c2ccccc2Cl)c1,272.735,3.265,41.99,1,2,3,2,19,4.0
CHEMBL219034,AMPHIASTERIN B1,CCC/C=C/CCCCCCCCCC[C@]1(C)OC(=O)[C@@H](CO)[C@@H]1O,354.531,4.529,66.76,2,4,14,0,25,2.0
CHEMBL219035,SECOSUBAMOLIDE,CCCCCCCCCCCCC/C=C(/C(=O)OC)[C@H](O)C(C)=O,340.504,4.737,63.6,1,4,15,0,24,3.0
CHEMBL219046,PSI-697,O=C(O)c1c(O)c(Cc2ccc(Cl)cc2)nc2c3c(ccc12)CCCC3,367.832,4.762,70.42,2,3,3,3,26,0.0
CHEMBL219065,NOBILIN D,COc1cc(CC(O)c2cc(OC)c(O)c(OC)c2)ccc1O,320.341,2.4,88.38,3,6,6,2,23,2.0
CHEMBL219101,NOBILIN E,COc1cccc(CCc2cc(OC)c(O)c3c2C(Cc2cccc(OC)c2)c2cc(O)c(O)c(OC)c2O3)c1,544.6,6.103,106.84,3,8,9,4,40,0.0
CHEMBL219125,JULIBROSIDE J31,C=CC(C)(CC/C=C(/CO)C(=O)O[C@H]1CC2(C(=O)O[C@@H]3O[C@H](CO)[C@@H](O)[C@H](O)[C@@H]3O[C@H]3O[C@H](C)[C@@H](O[C@H]4O[C@H](CO)[C@@H](O)[C@@H]4O)[C@H](O[C@H]4O[C@@H](CO)[C@H](O)[C@@H](O)[C@@H]4O)[C@@H]3O)C(CC1(C)C)C1=CCC3C4(C)CC[C@H](O[C@@H]5O[C@H](CO[C@H]6O[C@@H](C)[C@@H](O)[C@@H](O)[C@@H]6O[C@H]6OC[C@H](O)[C@@H](O)[C@@H]6O)[C@@H](O)[C@H](O)[C@H]5OC5O[C@H](CO)[C@@H](O)[C@H](O)[C@H]5O)C(C)(C)C4CCC3(C)[C@]1(C)C[C@H]2O)O[C@H]1O[C@@H](C)[C@H](O)[C@@H](O)[C@@H]1O,2022.148,-9.425,755.72,27,48,30,,,0.0
CHEMBL219248,PLAKINIDINE A,CNc1c2c(c3nc4ccccc4c4c3c1N=C4)NCCC2=O,302.337,3.492,66.38,2,5,1,3,23,3.0
CHEMBL219321,E2MATE,C[C@]12CC[C@@H]3c4ccc(OS(N)(=O)=O)cc4CC[C@H]3[C@@H]1CC[C@@H]2O,351.468,2.486,89.62,2,4,2,1,24,2.0
CHEMBL219351,SPONGOTINE A,O=C(C1=NC(c2c[nH]c3cc(Br)ccc23)CN1)c1c[nH]c2ccccc12,407.271,4.337,73.04,3,3,3,4,26,0.0
CHEMBL219376,OXYCINCHOPHEN,O=C(O)c1c(O)c(-c2ccccc2)nc2ccccc12,265.268,3.306,70.42,2,3,2,3,20,2.0
CHEMBL219410,ZOTAROLIMUS,CO[C@H]1C[C@@H]2CC[C@@H](C)[C@@](O)(O2)C(=O)C(=O)N2CCCC[C@H]2C(=O)O[C@H]([C@H](C)C[C@@H]2CC[C@H](n3cnnn3)[C@H](OC)C2)CC(=O)[C@H](C)/C=C(\C)[C@@H](O)[C@@H](OC)C(=O)[C@H](C)C[C@H](C)/C=C/C=C/C=C/1C,966.227,6.048,218.8,2,16,7,1,69,0.0
CHEMBL219456,HAMACANTHIN A,O=C1N[C@@H](c2c[nH]c3cc(Br)ccc23)CN=C1c1c[nH]c2cc(Br)ccc12,486.167,4.834,73.04,3,2,2,4,27,0.0
CHEMBL219505,SPONGOTINE C,O=C(C1=NC(c2c[nH]c3cc(Br)ccc23)CN1)c1c[nH]c2cc(Br)ccc12,486.167,5.1,73.04,3,3,3,4,27,0.0
CHEMBL219544,7-DEAZAGUANINE,Nc1nc2c(c(=O)[nH]1)CC=N2,150.141,-0.39,84.13,2,4,0,1,11,1.0
CHEMBL219553,GIGANTOL,COc1cc(O)cc(CCc2ccc(O)c(OC)c2)c1,274.316,2.9,58.92,2,4,5,2,20,3.0
CHEMBL219568,GUANINE,Nc1nc2[nH]cnc2c(=O)[nH]1,151.129,-0.772,100.45,3,4,0,2,11,1.0
CHEMBL219586,GW590735,Cc1nc(-c2ccc(C(F)(F)F)cc2)sc1C(=O)NCc1ccc(OC(C)(C)C(=O)O)cc1,478.492,5.309,88.52,2,5,7,3,33,0.0
CHEMBL219631,BESONPRODIL,O=c1[nH]c2ccc([S+]([O-])CCN3CCC(Cc4ccc(F)cc4)CC3)cc2o1,402.491,3.323,72.3,1,4,6,3,28,2.0
CHEMBL219746,RENIEROSIDE A4,CCCCCCC/C=C/C=C/CC/C=C/[C@@H](O)[C@H](CO[C@@H]1O[C@H](CO)[C@@H](O)[C@H](O)[C@H]1O)NC(=O)[C@H](O)CCCCCCCCCCCCCCCCCCCC,796.184,8.251,168.94,7,9,37,0,56,0.0
CHEMBL219810,CYCLOLEUCOMELONE,Oc1ccc(-c2c(O)c(O)c3c(oc4cc(O)c(O)cc43)c2O)cc1,340.287,3.487,134.52,6,7,1,4,25,2.0
CHEMBL219812,NERIDIENONE B,C[C@]12C(=O)C[C@H]3[C@@H](C=CC4=CC(=O)CC[C@@]43C)[C@@H]1CC[C@@H]2[C@H](O)CO,344.451,2.443,74.6,2,4,2,0,25,2.0
CHEMBL219828,DIBENZOTHIOPHENE,c1ccc2c(c1)sc1ccccc12,184.263,4.055,0.0,0,1,0,3,13,3.0
CHEMBL219862,DEMOTENSIN 3,CC(C)C[C@H](NC(=O)[C@@H](NC(=O)[C@H](Cc1ccc(O)cc1)NC(=O)[C@@H]1CCCN1C(=O)[C@H](CCCN=C(N)N)NCC(CCCCN)NC(=O)CNC(=O)C(CNCCN)CNCCN)C(C)(C)C)C(=O)O,1018.32,-2.989,401.89,15,15,35,,,0.0
CHEMBL219868,HAMACANTHIN B,O=C1NC[C@H](c2c[nH]c3cc(Br)ccc23)N=C1c1c[nH]c2cc(Br)ccc12,486.167,4.834,73.04,3,2,2,4,27,0.0
CHEMBL219876,DIPHENYLSULFANE,c1ccc(Sc2ccccc2)cc1,186.279,3.838,0.0,0,1,2,2,13,4.0
CHEMBL219898,"1,4-DIETHOXYBENZENE",CCOc1ccc(OCC)cc1,166.22,2.484,18.46,0,2,4,1,12,4.0
CHEMBL219916,DOMPERIDONE,O=c1[nH]c2ccccc2n1CCCN1CCC(n2c(=O)[nH]c3cc(Cl)ccc32)CC1,425.92,3.353,78.82,2,5,5,4,30,1.0
CHEMBL219971,SUBAMOLIDE C,C=C1C=C(C(CCCCCCCCCCCCCC)OC)C(=O)O1,336.516,6.09,35.53,0,3,15,0,24,3.0
CHEMBL220013,CHRYSOTRIONE B,CCCCCCCCCCC(O)=C1C(=O)C=CC1=O,264.365,4.037,54.37,1,3,9,0,19,3.0
CHEMBL220033,LISSOCLIBADIN 4,COc1cc(CCN(C)C)c2sc3c(O)c(OC)cc(CCN(C)C)c3ssc2c1O,482.693,4.939,65.4,2,9,8,3,31,1.0
CHEMBL220050,GW813893,C[C@@H](C(=O)N1CCOCC1)N1CC[C@H](NS(=O)(=O)/C=C/c2ccc(Cl)s2)C1=O,447.966,1.14,96.02,1,6,6,1,28,1.0
CHEMBL220061,BATHOCUPROINE,Cc1cc(-c2ccccc2)c2ccc3c(-c4ccccc4)cc(C)nc3c2n1,360.46,6.734,25.78,0,2,2,5,28,2.0
CHEMBL220073,DIACARNOXIDE D,COC(=O)[C@@H](C)[C@H]1CC[C@](C)(CCC/C(C)=C/CC2C(C)=CCCC2(C)C)OO1,406.607,6.554,44.76,0,4,8,0,29,2.0
CHEMBL220075,SUBAMOLIDE B,CCCCCCCCCCCCC/C=C1/C(=O)O[C@@](C)(OC)[C@@H]1O,340.504,4.894,55.76,1,4,13,0,24,3.0
CHEMBL220190,ASCORBYL PALMITATE,CCCCCCCCCCCCCCCC(=O)OC[C@H](O)[C@H]1OC(=O)C(O)=C1O,414.539,4.625,113.29,3,7,17,0,29,0.0
CHEMBL220241,GSK-269962A,CCn1c(-c2nonc2N)nc2cnc(Oc3cccc(NC(=O)c4ccc(OCCN5CCOCC5)cc4)c3)cc21,570.61,3.839,155.68,2,12,10,5,42,1.0
CHEMBL220243,GW406731X,COC(=O)c1cncc(/C=C/c2c(C)cc(O)cc2C)c1,283.327,3.361,59.42,1,4,3,2,21,4.0
CHEMBL220244,GW427984X,Cc1cc(O)cc(C)c1/C=C/c1cncc(C(=O)N(C)C)c1,296.37,3.276,53.43,1,3,3,2,22,4.0
CHEMBL220267,ISOBRASSININ,CSC(=S)NCc1cc2ccccc2[nH]1,236.365,2.905,27.82,2,2,2,2,15,3.0
CHEMBL220360,TARANABANT,C[C@H](NC(=O)C(C)(C)Oc1ccc(C(F)(F)F)cn1)[C@@H](Cc1ccc(Cl)cc1)c1cccc(C#N)c1,515.963,6.314,75.01,1,4,8,3,36,1.0
CHEMBL220362,ANIASATIN,C[C@@H]1C[C@@H](O)[C@@]2(O)[C@@]13C[C@@H](OC(=O)[C@@H]3O)[C@](C)(O)[C@@]21COC1=O,328.317,-1.911,133.52,4,8,0,0,23,1.0
CHEMBL220418,BONANNIOL A,CC(C)=CCC/C(C)=C/Cc1c(O)cc2c(c1O)C(=O)[C@H](O)[C@@H](c1ccc(O)cc1)O2,424.493,4.716,107.22,4,6,6,2,31,0.0
CHEMBL220465,GSK-248233A,CCn1c(-c2nonc2N)nc2cnc(Oc3cccc(NC(=O)c4ccc(N(C)C)cc4)c3)cc21,484.52,4.194,137.22,2,10,7,5,36,0.0
CHEMBL220472,SCHWEINFURTHIN E,COc1cc(/C=C/c2cc(O)c(CC=C(C)C)c(O)c2)cc2c1O[C@]1(C)C[C@@H](O)[C@@H](O)C(C)(C)[C@H]1C2,494.628,5.247,99.38,4,6,5,2,36,0.0
CHEMBL220486,VARIOLARIC ACID,Cc1cc(O)cc2c1C(=O)Oc1cc3c(c(O)c1O2)C(=O)OC3,314.249,2.402,102.29,2,7,0,2,23,2.0
CHEMBL220491,BRINZOLAMIDE,CCN[C@H]1CN(CCCOC)S(=O)(=O)c2sc(S(N)(=O)=O)cc21,383.517,0.087,118.8,2,7,7,1,23,0.0
CHEMBL220492,TOPIRAMATE,CC1(C)O[C@@H]2[C@@H](CO[C@@]3(COS(N)(=O)=O)OC(C)(C)O[C@@H]23)O1,339.366,-0.395,115.54,1,8,3,0,22,2.0
CHEMBL220527,DEHYDRODISCRETINE,COc1cc2c(cc1O)CC[n+]1cc3cc(OC)c(OC)cc3cc1-2,338.383,3.082,51.8,1,4,3,3,25,4.0
CHEMBL220589,MUTANGIN,CC(=O)O[C@H]1C[C@@H](C)[C@]23OC(C)(C)[C@H](C[C@H](OC(=O)c4ccccc4)[C@]2(COC(=O)c2ccccc2)[C@H]1OC(C)=O)[C@H]3OC(C)=O,636.694,4.458,140.73,0,11,8,2,46,1.0
CHEMBL220739,GALACTOSYLATEDPIPERAZINE,O=C([C@H](O)[C@@H](O)[C@H](O[C@@H]1O[C@H](CO)[C@H](O)[C@H](O)[C@H]1O)[C@H](O)CO)N1CCNCC1,426.419,-6.322,212.64,9,12,8,0,29,0.0
CHEMBL220745,PODOCARPUSFLAVONE A,COc1ccc(-c2cc(=O)c3c(O)cc(O)c(-c4cc(-c5cc(=O)c6c(O)cc(O)cc6o5)ccc4O)c3o2)cc1,552.491,5.437,170.8,5,10,4,6,41,0.0
CHEMBL220746,CUDRAFLAVANONE A,CC(C)=CCc1c(O)cc2c(c1O)C(=O)C[C@@H](c1cc3c(cc1O)OC(C)(C)C=C3)O2,422.477,5.203,96.22,3,6,3,2,31,0.0
CHEMBL220808,SARIZOTAN,Fc1ccc(-c2cncc(CNC[C@H]3CCc4ccccc4O3)c2)cc1,348.421,4.371,34.15,1,3,5,3,26,3.0
CHEMBL220830,ATRACTYLIGENIN METHYL ESTER,C=C1C(=O)[C@@]23CCC4[C@H](C(=O)OC)CC(=O)C[C@@]4(C)[C@@H]2CC[C@@H]1C3,330.424,3.096,60.44,0,4,1,0,24,4.0
CHEMBL220852,10-HYDROXY-METHYL-NEODYSIHERBAINE A,N[C@@H](C[C@]1(C(=O)O)C[C@H]2O[C@H](CO)[C@@H](O)[C@@H](O)[C@H]2O1)C(=O)O,321.282,-3.118,179.77,6,8,5,0,22,1.0
CHEMBL220884,GENTAMICIN C2,CN[C@@H]1[C@@H](O)[C@@H](O[C@@H]2[C@@H](O)[C@H](O[C@H]3O[C@H](C(C)N)CC[C@H]3N)[C@@H](N)C[C@H]2N)OC[C@]1(C)O,463.576,-3.588,213.72,8,12,6,0,32,0.0
CHEMBL220940,THYMIDINE_TRIPHOSPHATE,Cc1cn([C@@H]2O[C@H](COP(=O)(O)OP(=O)(O)OP(=O)(O)O)[C@@H](O)[C@H]2O)c(=O)[nH]c1=O,498.167,-2.192,264.37,7,12,8,1,30,0.0
CHEMBL220967,CASEANIGRESCEN D,C=CC(=C)CC[C@]1(C)[C@H](C)C[C@H](O)[C@@]23C(=C[C@H](OC(=O)CCC)C[C@@H]12)[C@@H](OC(C)=O)O[C@H]3OC(C)=O,504.62,4.369,108.36,1,8,9,0,36,1.0
CHEMBL220982,ARDISIACRISPIN B,C[C@@H]1O[C@@H](O[C@H]2[C@H](O[C@H]3CO[C@@H](O[C@H]4CC[C@]5(C)[C@H]6CC[C@]78OC[C@@]9(CC[C@](C)(C=O)C[C@H]97)[C@H](O)C[C@@]8(C)[C@]6(C)CC[C@H]5C4(C)C)[C@H](O[C@@H]4O[C@H](CO)[C@@H](O)[C@H](O)[C@H]4O)[C@H]3O)O[C@H](CO)[C@@H](O)[C@@H]2O)[C@H](O)[C@H](O)[C@H]1O,1075.249,-1.505,342.9,12,22,11,,,0.0
CHEMBL220986,CASEANIGRESCEN A,C=CC(=C)CC[C@]1(C)[C@H](C)[C@@H](OC(C)=O)[C@H](O)[C@@]23C(=C[C@H](OC(=O)CCC)C[C@@H]12)[C@@H](OC(C)=O)O[C@H]3OC(C)=O,562.656,3.911,134.66,1,10,10,0,40,2.0
CHEMBL220998,"FUCHSIN, BASIC",Cc1cc(C(=C2C=CC(=N)C=C2)c2ccc(N)cc2)ccc1N,301.393,4.107,75.89,3,3,2,2,23,1.0
CHEMBL221007,DIASTEREOMER 2,CS(=O)(=O)c1cc(F)cc2c3c(n(Cc4ccc(Cl)cc4)c12)C(CC(=O)O)CC3,435.904,4.39,76.37,1,4,5,3,29,1.0
CHEMBL221018,CINNABARAMIDE C,CCCCCC[C@H]1C(=O)N[C@@]2(C[C@@H]3C=CCCC3)C(=O)O[C@@]12C,319.445,3.504,55.4,1,3,7,0,23,4.0
CHEMBL221020,DYSOXYLIN A,C/C=C(/C)C(=O)O[C@@H]1[C@@H]2OC[C@]3(C)[C@H](O)C[C@H](OC(C)=O)[C@@](C)([C@@H]23)[C@H]2C[C@H](OC(C)=O)[C@]3(C)C(=CC[C@H]3C3COC(=O)C3)[C@]12C,628.759,4.076,134.66,1,10,5,0,45,1.0
CHEMBL221034,OLIVEROLINE,CN1CCc2cc3c(c4c2[C@H]1[C@@H](O)c1ccccc1-4)OCO3,295.338,2.658,41.93,1,4,0,2,22,4.0
CHEMBL221098,VISCOLIN,COc1cc(CCCc2c(OC)cc(O)c(OC)c2OC)ccc1O,348.395,3.308,77.38,2,6,8,2,25,2.0
CHEMBL221122,DEHYDROGRAVICYCLE,Oc1cc2cc(c1)Oc1c(O)cc(cc1O)[C@H](O)CCCCCC/C=C/CCCCC2,426.553,6.642,90.15,4,5,0,2,31,0.0
CHEMBL221137,EMBELIN,CCCCCCCCCCCC1=C(O)C(=O)C=C(O)C1=O,294.391,4.313,74.6,2,4,10,0,21,1.0
CHEMBL221142,DYSIHERBAINE,CN[C@H]1[C@H]2O[C@@](C[C@H](N)C(=O)O)(C(=O)O)C[C@H]2OC[C@H]1O,304.299,-2.252,151.34,5,7,5,0,21,1.0
CHEMBL221186,OTX-008,CN(C)CCNC(=O)COc1c2cccc1Cc1cccc(c1OCC(=O)NCCN(C)C)Cc1cccc(c1OCC(=O)NCCN(C)C)Cc1cccc(c1OCC(=O)NCCN(C)C)C2,937.196,2.59,166.28,4,12,24,4,68,1.0
CHEMBL221190,DIPHYLLIN,COc1cc2c(O)c3c(c(-c4ccc5c(c4)OCO5)c2cc1OC)C(=O)OC3,380.352,3.629,83.45,1,7,3,3,28,2.0
CHEMBL221283,EUPATORIOPICRIN,C=C1C(=O)O[C@@H]2/C=C(\C)CC/C=C(/C)C[C@@H](OC(=O)/C(=C/CO)CO)[C@@H]12,362.422,1.983,93.06,2,6,4,0,26,0.0
CHEMBL221326,DIQUAFOSOL,O=c1ccn([C@@H]2O[C@H](COP(=O)(O)OP(=O)(O)OP(=O)(O)OP(=O)(O)OC[C@H]3O[C@@H](n4ccc(=O)[nH]c4=O)[C@H](O)[C@@H]3O)[C@@H](O)[C@H]2O)c(=O)[nH]1,790.307,-4.19,404.45,10,21,14,2,49,0.0
CHEMBL221371,BOERAVINONE G,COc1cc(O)c2c(=O)c3c(oc2c1)C(OC)Oc1c(O)cccc1-3,342.303,2.917,98.36,2,7,2,3,25,2.0
CHEMBL221390,REVERSIN 121,CC(C)(C)OC(=O)N[C@@H](CC(=O)OCc1ccccc1)C(=O)N[C@@H](CCCCNC(=O)OCc1ccccc1)C(=O)OC(C)(C)C,641.762,4.936,158.36,3,9,15,2,46,0.0
CHEMBL221393,BISGRAVILLOL,COc1cc(O)cc(CCCCCCCCCCCCCCc2cc(O)cc(O)c2)c1,428.613,7.278,69.92,3,4,16,2,31,1.0
CHEMBL221394,DEHYDROBISGRAVILLOL,COc1cc(O)cc(CCCCCCC/C=C/CCCCCc2cc(O)cc(O)c2)c1,426.597,7.054,69.92,3,4,15,2,31,1.0
CHEMBL221395,DEHYDROGRAVIPHANE,Oc1cc(O)c2c(c1)CCCCC/C=C/CCCCCCCc1cc(O)c-2c(O)c1,410.554,6.732,80.92,4,4,0,2,30,0.0
CHEMBL221533,FISSISTIN,COc1c(O)c(OC)c(C(=O)[C@@H]2CC=C(CCC=C(C)C)C[C@H]2c2ccccc2)c(O)c1OC,466.574,6.173,85.22,2,6,9,2,34,0.0
CHEMBL221535,DYSOXYLIN D,CC(=O)O[C@H]1C[C@H]2[C@](C)(C3=CC[C@@H](C4COC(=O)C4)[C@@]31C)[C@H](OC(=O)/C=C(\C)C(C)C)[C@@H]1OC[C@]3(C)[C@H](O)C[C@H](OC(C)=O)[C@@]2(C)[C@@H]13,656.813,4.712,134.66,1,10,6,0,47,1.0
CHEMBL221542,BETA-SITOSTEROL,CC[C@H](CC[C@@H](C)[C@H]1CC[C@H]2[C@@H]3CC=C4C[C@@H](O)CC[C@]4(C)[C@H]3CC[C@]12C)C(C)C,414.718,8.025,20.23,1,1,6,0,30,2.0
CHEMBL221543,BETA-SITOSTENONE,CC[C@H](CC[C@@H](C)[C@H]1CC[C@H]2[C@@H]3CC=C4CC(=O)CC[C@]4(C)[C@H]3CC[C@]12C)C(C)C,412.702,8.233,17.07,0,1,6,0,30,2.0
CHEMBL221572,RIBOSTAMYCIN,NC[C@H]1O[C@H](O[C@H]2[C@H](O[C@@H]3O[C@H](CO)[C@@H](O)[C@H]3O)[C@@H](O)[C@H](N)C[C@@H]2N)[C@H](N)[C@@H](O)[C@@H]1O,454.477,-6.652,262.38,10,14,6,0,31,0.0
CHEMBL221585,CINNABARAMIDE F,CCCCCC[C@H]1C(=O)N[C@](C(=O)SC[C@H](NC(C)=O)C(=O)O)([C@@H](O)[C@@H]2C=CCCC2)[C@@]1(C)O,498.642,1.759,153.03,5,7,12,0,34,0.0
CHEMBL221630,DEHYDROISO-ALPHA-LAPACHONE,C=C(C)C1CC2=C(O1)C(=O)c1ccccc1C2=O,240.258,2.685,43.37,0,3,1,1,18,4.0
CHEMBL221692,ADOPRAZINE,Fc1ccc(-c2cncc(CN3CCN(c4cccc5c4OCCO5)CC3)c2)cc1,405.473,3.981,37.83,0,5,4,3,30,3.0
CHEMBL221722,FAVIPIRAVIR,NC(=O)c1nc(F)cnc1O,157.104,-0.58,89.1,2,4,1,1,11,1.0
CHEMBL221753,BENZETHONIUM CHLORIDE,CC(C)(C)CC(C)(C)c1ccc(OCCOCC[N+](C)(C)Cc2ccccc2)cc1.[Cl-],448.091,3.076,18.46,0,2,11,2,30,3.0
CHEMBL221760,PHELLIGRIDIN I,O=c1oc(/C=C/c2ccc(O)c(O)c2)cc(O)c1-c1cc(O)c(O)cc1/C=C/c1cc2oc(=O)c3cc(O)c(O)cc3c2c(=O)o1,624.51,4.8,232.24,7,13,5,6,46,0.0
CHEMBL221773,TRIOXOLANE,CC(C)(N)CNC(=O)C[C@H]1CC[C@@]2(CC1)OOC1(O2)C2CC3CC(C2)CC1C3,392.54,3.247,82.81,2,5,4,0,28,1.0
CHEMBL221811,ADRENOGLOMERULOTROPIN,COc1ccc2[nH]c3c(c2c1)CCNC3C,216.284,2.383,37.05,2,2,1,2,16,3.0
CHEMBL221821,GINKGOLIDE C,C[C@@H]1C(=O)O[C@H]2[C@H](O)[C@@]34O[C@@H]5OC(=O)[C@H](O)[C@@]56[C@H](C(C)(C)C)[C@H](O)C(OC3=O)[C@]64[C@@]12O,440.401,-2.399,169.05,4,11,0,0,31,0.0
CHEMBL221835,ALLOBETULONE,CC1(C)CC[C@]23CC[C@]4(C)[C@H](CC[C@@H]5[C@@]6(C)CCC(=O)C(C)(C)[C@@H]6CC[C@]54C)[C@H]2[C@H]1O3,426.685,7.198,26.3,0,2,0,0,31,2.0
CHEMBL221868,NEODYSIHERBAINE A,N[C@@H](C[C@]1(C(=O)O)C[C@H]2OC[C@@H](O)[C@@H](O)[C@H]2O1)C(=O)O,291.256,-2.479,159.54,5,7,4,0,20,1.0
CHEMBL221884,ANCISTROHEYNINE B,COc1c2c(cc(O)c1-c1c(C)cc3cccc(OC)c3c1O)C[C@H](C)N=C2C,391.467,4.997,71.28,2,5,3,3,29,0.0
CHEMBL221886,SISOMICIN,CN[C@@H]1[C@@H](O)[C@@H](O[C@@H]2[C@@H](O)[C@H](O[C@H]3OC(CN)=CC[C@H]3N)[C@@H](N)C[C@H]2N)OC[C@]1(C)O,447.533,-3.851,213.72,8,12,6,0,31,0.0
CHEMBL221907,CUDRAFLAVONE B,CC(C)=CCc1c(-c2ccc(O)cc2O)oc2cc3c(c(O)c2c1=O)C=CC(C)(C)O3,420.461,5.27,100.13,3,6,3,3,31,0.0
CHEMBL221959,TOFACITINIB,C[C@@H]1CCN(C(=O)CC#N)C[C@@H]1N(C)c1ncnc2[nH]ccc12,312.377,1.545,88.91,1,5,3,2,23,2.0
CHEMBL222021,PROTOCATECHUALDEHYDE,O=Cc1ccc(O)c(O)c1,138.122,0.91,57.53,2,3,1,1,10,2.0
CHEMBL222102,KU-55933,O=c1cc(-c2cccc3c2Sc2ccccc2S3)oc(N2CCOCC2)c1,395.505,4.759,42.68,0,6,2,3,27,2.0
CHEMBL222133,COCCINEONE E,COc1cc2c(c(O)c1OC)C(=O)[C@]1(O)c3ccccc3OC[C@H]1O2,344.319,1.633,94.45,2,7,2,2,25,1.0
CHEMBL222134,COCCINEONE B,O=c1c2c(oc3cc(O)cc(O)c13)C(O)Oc1ccccc1-2,298.25,2.255,100.13,3,6,0,3,22,2.0
CHEMBL222154,BOERAVINONE J,Cc1c(O)cc2oc3oc4cc(O)ccc4c3c(=O)c2c1O,298.25,3.118,104.04,3,6,0,4,22,2.0
CHEMBL222221,ENT-DIONCOPHYLLEINE A,COc1cc(C)c(-c2ccc3cc(C)nc(C)c3c2O)c2cccc(O)c12,359.425,5.4,62.58,2,4,2,4,27,2.0
CHEMBL222222,10-ACETOXY-GINKGOLIDE B,CC(=O)O[C@H]1C(=O)OC2O[C@@]34C(=O)OC5C[C@@H](C(C)(C)C)C21[C@@]53C[C@@H]1OC(=O)[C@@H](C)[C@@]14O,450.44,0.231,134.66,1,10,1,0,32,1.0
CHEMBL222240,9-O-METHYL-4-HYDROXYBOERAVINONE B,COc1cc2oc3c(c(=O)c2c(O)c1C)-c1cccc(O)c1OC3O,342.303,2.572,109.36,3,7,1,3,25,2.0
CHEMBL222265,BOERAVINONE H,COc1cc2oc3c(c(=O)c2c(O)c1C)-c1cccc(O)c1OC3OC,356.33,3.226,98.36,2,7,2,3,26,2.0
CHEMBL222274,BOERAVINONE E,Cc1c(O)cc2oc3c(c(=O)c2c1O)-c1ccc(O)cc1OC3O,328.276,2.269,120.36,4,7,0,3,24,2.0
CHEMBL222280,BROXURIDINE,O=c1[nH]c(=O)n([C@H]2C[C@H](O)[C@@H](CO)O2)cc1Br,307.1,-1.06,104.55,3,6,2,1,17,1.0
CHEMBL222287,IBOGAINE,CC[C@H]1C[C@H]2C[C@H]3c4[nH]c5ccc(OC)cc5c4CCN(C2)[C@@H]13,310.441,3.937,28.26,1,2,2,2,23,4.0
CHEMBL222358,ANCISANCISTROCLADINIUM A,COc1cc2c(c(OC)c1)C(C)=[N+](c1ccc(OC)c3c(OC)cc(C)cc13)[C@@H](C)C2.O=C([O-])C(F)(F)F,533.543,4.579,80.06,0,6,5,3,31,1.0
CHEMBL222396,VALIOLAMINE,N[C@H]1C[C@](O)(CO)[C@@H](O)[C@H](O)[C@H]1O,193.199,-3.477,127.17,6,6,1,0,13,1.0
CHEMBL222419,GSK-237701A,COc1cc2ncn(-c3cc(O[C@H](C)c4ccccc4Cl)c(C(N)=O)s3)c2cc1OC,457.939,4.997,88.6,1,7,7,4,31,1.0
CHEMBL222436,ANCISTROCLADIDINE,COc1cc2c(c(OC)c1-c1c(C)cc3cccc(OC)c3c1O)C(C)=N[C@@H](C)C2,405.494,5.3,60.28,1,5,4,3,30,2.0
CHEMBL222440,ACIFLUORFEN,O=C(O)c1cc(Oc2ccc(C(F)(F)F)cc2Cl)ccc1[N+](=O)[O-],361.659,4.758,89.67,1,4,4,2,24,1.0
CHEMBL222443,BOERAVINONE I,COc1c(C)c(O)c2c(=O)c3c(oc2c1O)C(O)Oc1ccccc1-3,342.303,2.572,109.36,3,7,1,3,25,2.0
CHEMBL222460,BMS-223131,O=c1[nH]c2ccc(C(F)(F)F)cc2c(-c2cc(Cl)ccc2O)c1CCO,383.753,4.108,73.32,3,3,3,3,26,0.0
CHEMBL222471,MONODICTYXANTHONE,Cc1cc(C(=O)O)c2c(=O)c3c(O)cccc3oc2c1,270.24,2.658,87.74,2,4,1,3,20,2.0
CHEMBL222473,PSEUDOLARIC ACID A,CC(=O)O[C@]12CCC(C)=CC[C@]13CC[C@H]2[C@@](C)(/C=C/C=C(\C)C(=O)O)OC3=O,388.46,3.718,89.9,1,5,4,0,28,2.0
CHEMBL222475,PSEUDOLARIC ACID G,CC(=O)O[C@]12CC=C(C)[C@H](O)C[C@]13CC[C@H]2[C@@](C)(/C=C/C=C(\C)C(=O)O)OC3=O,404.459,2.688,110.13,2,6,4,0,29,1.0
CHEMBL222519,NBQX,NS(=O)(=O)c1cccc2c1c([N+](=O)[O-])cc1nc(O)c(O)nc12,336.285,0.75,169.54,3,8,2,3,23,1.0
CHEMBL222559,TIPRANAVIR,CCC[C@@]1(CCc2ccccc2)CC(O)=C([C@H](CC)c2cccc(NS(=O)(=O)c3ccc(C(F)(F)F)cn3)c2)C(=O)O1,602.675,7.326,105.59,2,6,11,3,42,0.0
CHEMBL222632,SIPHONODICTYOL G,C=C1CCCC2[C@](C)(Cc3cc(CO)cc(O)c3OS(=O)(=O)O)[C@@H](C)CC[C@]12C,424.559,4.407,104.06,3,5,5,1,29,0.0
CHEMBL222633,SIPHONODICTYAL B1,C[C@H]1CCC2C(C)(C)CCC[C@]2(C)/C1=C/c1cc(O)c(O)c(/C=N/CCS(=O)(=O)O)c1OS(=O)(=O)O,545.676,4.232,170.79,4,8,7,1,36,0.0
CHEMBL222645,FLOXACILLIN,Cc1onc(-c2c(F)cccc2Cl)c1C(=O)N[C@@H]1C(=O)N2[C@@H]1SC(C)(C)[C@@H]2C(=O)O,453.879,2.688,112.74,2,6,4,2,30,1.0
CHEMBL222660,5-METHOXYISATIN,COc1ccc2c(c1)C(=O)C(=O)N2,177.159,0.83,55.4,1,3,1,1,13,3.0
CHEMBL222805,DIONCOPELTINE A,COc1cc(CO)c(-c2ccc3c(c2O)[C@@H](C)N[C@H](C)C3)c2cccc(O)c12,379.456,4.014,81.95,4,5,3,3,28,0.0
CHEMBL222813,ZANAMIVIR,CC(=O)N[C@H]1[C@H]([C@H](O)[C@H](O)CO)OC(C(=O)O)=C[C@@H]1NC(=N)N,332.313,-3.576,198.22,8,7,6,0,23,1.0
CHEMBL222823,HALICLONACYCLAMINE F,C1=C\CCCCC[C@H]2CN3CC/C=C\CCCCCC[C@@H]4C[C@@H](CN(CC/C=C\C/1)C4)[C@H]2CC3,466.798,8.02,6.48,0,2,0,0,34,2.0
CHEMBL222824,SUCCINYLACETONE,CC(=O)CC(=O)CCC(=O)O,158.153,0.399,71.44,1,3,5,0,11,2.0
CHEMBL222838,L-EFLORNITHINE,NCCC[C@](N)(C(=O)O)C(F)F,182.17,-0.227,89.34,3,3,5,0,12,1.0
CHEMBL222863,OUABAIN,C[C@@H]1O[C@@H](O[C@H]2C[C@@H](O)[C@]3(CO)[C@H]4[C@H](O)C[C@]5(C)[C@@H](C6=CC(=O)OC6)CC[C@]5(O)[C@@H]4CC[C@]3(O)C2)[C@H](O)[C@H](O)[C@H]1O,584.659,-1.515,206.6,8,12,4,0,41,0.0
CHEMBL222872,SIPHONODICTYAL G,C=C1CCCC2[C@](C)(Cc3cc(C=O)cc(O)c3OS(=O)(=O)O)[C@@H](C)CC[C@]12C,422.543,4.728,100.9,2,5,5,1,29,0.0
CHEMBL222903,DEACETYLPSEUDOLARIC ACID A,CC1=CC[C@@]23CC[C@@H]([C@@](C)(/C=C/C=C(\C)C(=O)O)OC2=O)[C@@]3(O)CC1,346.423,3.147,83.83,2,4,3,0,25,2.0
CHEMBL222913,CEFTIOFUR,CO/N=C(\C(=O)N[C@@H]1C(=O)N2C(C(=O)O)=C(CSC(=O)c3ccco3)CS[C@H]12)c1csc(N)n1,523.574,0.981,177.42,3,12,8,2,34,0.0
CHEMBL222944,(R)-TOCAINIDE,Cc1cccc(C)c1NC(=O)[C@@H](C)N,192.262,1.589,55.12,2,2,2,1,14,2.0
CHEMBL223012,LISSOCLIBADIN 2,COc1c(SC)c(CCN(C)C)c2sc3c(OC)c(OC)c(SC)c(CCN(C)C)c3ssc2c1OC,602.935,6.988,43.4,0,11,12,3,37,2.0
CHEMBL223046,VEDELIANIN,CC(C)=CCc1c(O)cc(/C=C/c2cc(O)c3c(c2)C[C@@H]2C(C)(C)[C@H](O)[C@H](O)C[C@@]2(C)O3)cc1O,480.601,4.944,110.38,5,6,4,2,35,0.0
CHEMBL223073,MONODICTYSIN B,C[C@H]1C[C@H](O)[C@@H]2C(=O)c3c(O)cccc3O[C@]2(C)[C@H]1O,278.304,1.104,86.99,3,5,0,1,20,1.0
CHEMBL223142,SCHWEINFURTHIN G,CC(C)=CCc1c(O)cc(/C=C/c2cc(O)c3c(c2)C[C@@H]2C(C)(C)[C@H](O)CC[C@@]2(C)O3)cc1O,464.602,5.973,90.15,4,5,4,2,34,0.0
CHEMBL223228,EFAVIRENZ,O=C1Nc2ccc(Cl)cc2[C@@](C#CC2CC2)(C(F)(F)F)O1,315.678,4.073,38.33,1,2,0,1,21,3.0
CHEMBL223238,NEOPELTOLIDE,CCC[C@@H]1C[C@H](OC)C[C@H](C)C[C@@H]2C[C@@H](OC(=O)/C=C\CCc3coc(/C=C\CNC(=O)OC)n3)C[C@H](CC(=O)O1)O2,590.714,4.929,135.42,1,10,11,1,42,1.0
CHEMBL223242,GENTIRIGEOSIDE D,C[C@]12CC[C@H](O[C@@H]3O[C@H](CO)[C@@H](O)[C@H](O)[C@H]3O)[C@](C)(CO)[C@@H]1CC[C@]1(C)[C@@H]2CC[C@@H]2[C@@H]([C@]3(C(=O)O)C[C@H](O)[C@H](O)[C@](C)(CO)O3)CC[C@]21C,700.863,0.546,226.83,9,12,7,0,49,0.0
CHEMBL223256,NYMPHAEOL A,CC(C)=CCC/C(C)=C/Cc1c(O)cc2c(c1O)C(=O)C[C@@H](c1ccc(O)c(O)c1)O2,424.493,5.451,107.22,4,6,6,2,31,0.0
CHEMBL223309,DIPHENYLACETYLENE,C(#Cc1ccccc1)c1ccccc1,178.234,3.086,0.0,0,0,0,2,14,4.0
CHEMBL223344,RB 2,Nc1c(S(=O)(=O)[O-])cc(Nc2ccc(Nc3nc(Cl)nc(Nc4cccc(S(=O)(=O)[O-])c4)n3)c(S(=O)(=O)[O-])c2)c2c1C(=O)c1ccccc1C2=O.[Na+].[Na+].[Na+],840.117,-6.162,306.52,4,18,9,5,51,0.0
CHEMBL223360,LINIFANIB,Cc1ccc(F)c(NC(=O)Nc2ccc(-c3cccc4[nH]nc(N)c34)cc2)c1,375.407,4.904,95.83,4,3,3,4,28,0.0
CHEMBL223402,RSV-604,O=C(Nc1ccccc1F)N[C@H]1N=C(c2ccccc2)c2ccccc2NC1=O,388.402,3.763,82.59,3,3,3,3,29,1.0
CHEMBL223415,NEXAVER,CCC(=O)c1cc(Oc2ccc(NC(=O)Nc3ccc(Cl)c(C(F)(F)F)c3)cc2)ccn1,463.843,6.783,80.32,2,4,6,3,32,0.0
CHEMBL223422,ATRACTYLIGENIN,C=C1[C@@H]2CC[C@@H]3[C@@](CCC4[C@H](C(=O)O)C[C@@H](O)C[C@]43C)(C2)[C@@H]1O,320.429,2.592,77.76,3,3,1,0,23,2.0
CHEMBL223423,ATRACTYLIGENIN METHYL ESTER,C=C1[C@@H]2CC[C@@H]3[C@@](CCC4[C@H](C(=O)OC)C[C@@H](O)C[C@]43C)(C2)[C@@H]1O,334.456,2.68,66.76,2,4,1,0,24,3.0
CHEMBL223448,BROXYQUINOLINE,Oc1c(Br)cc(Br)c2cccnc12,302.953,3.465,33.12,1,2,0,2,13,4.0
CHEMBL223520,KANAMYCIN A,NC[C@@H]1O[C@@H](O[C@H]2[C@H](O)[C@@H](O[C@H]3O[C@H](CO)[C@@H](O)[C@H](N)[C@H]3O)[C@H](N)C[C@@H]2N)[C@@H](O)[C@H](O)[C@H]1O,484.503,-7.291,282.61,11,15,6,0,33,0.0
CHEMBL223533,CYSTETINE TRIPHOSPHATE,Nc1ccn([C@@H]2O[C@H](COP(=O)(O)OP(=O)(O)OP(=O)(O)O)[C@@H](O)[C@H]2O)c(=O)n1,483.156,-2.212,270.42,7,13,8,1,29,0.0
CHEMBL223544,EXCISUSIN A,C=C1C(=O)[C@@]23CC[C@@H]4[C@](C)(CO)[C@@H](OC(C)=O)CC[C@@]4(C)[C@@H]2[C@@H](O)C[C@@H]1C3,376.493,2.639,83.83,2,5,2,0,27,1.0
CHEMBL223585,2'-C-METHYLCYTIDINE TRIPHOSPHATE,C[C@@]1(O)[C@H](O)[C@@H](COP(=O)(O)OP(=O)(O)OP(=O)(O)O)O[C@H]1n1ccc(N)nc1=O,497.183,-1.822,270.42,7,13,8,1,30,0.0
CHEMBL223593,HALOXYFOP,CC(Oc1ccc(Oc2ncc(C(F)(F)F)cc2Cl)cc1)C(=O)O,361.703,4.398,68.65,1,4,5,2,24,2.0
CHEMBL223616,LISSOCLIBADIN 7,COc1cc(CCN(C)C)c2c(c1O)SSc1c(CCN(C)C)cc(OC)c(O)c1SS2,514.76,5.235,65.4,2,10,8,2,32,1.0
CHEMBL223643,VALINOMYCIN,CC(C)[C@@H]1NC(=O)[C@H](C)OC(=O)[C@@H](C(C)C)NC(=O)[C@@H](C(C)C)OC(=O)[C@H](C(C)C)NC(=O)[C@H](C)OC(=O)[C@@H](C(C)C)NC(=O)[C@@H](C(C)C)OC(=O)[C@H](C(C)C)NC(=O)[C@H](C)OC(=O)[C@@H](C(C)C)NC(=O)[C@@H](C(C)C)OC1=O,1111.338,2.343,332.4,6,18,9,,,1.0
CHEMBL223661,BYROSTATIN 1,CCC/C=C/C=C/C(=O)O[C@H]1/C(=C/C(=O)OC)C[C@H]2C[C@H]([C@@H](C)O)OC(=O)C[C@H](O)C[C@@H]3C[C@H](C(C)=O)C(C)(C)[C@](O)(C[C@@H]4C/C(=C/C(=O)OC)C[C@H](/C=C/C(C)(C)[C@]1(O)O2)O4)O3,889.045,4.553,230.88,4,16,9,0,63,0.0
